random_id,text,relevance
187984,"pcos and nccah... hey y'all! i just found this board, and after being on my journey with pcos and nccah i'm so excited to post here and hear some feedback about your stories to possibly help me with my journey. i was diagnosed with pcos at the age of 16. i am now 22, and at 20 i was diagnosed with non-classical congenial adrenal hyperplasia with a deficiency in the 3-beta-hsd. i see an endocrinologist, my ob-gyn, and a dermatologist. my endo has not prescribed me anything. she asked me to lose weight, i lost 20 pounds. she put me on introvale, a 3 month birth control (where i bleed every time on the second month). i just saw my derm last week. she was very displeased with my endo. she told me introvale was not the birth control i should be on, that taking my blood for hormone levels while on birth control will not be accurate and she recommended i start taking yaz for 3 months, then add on spironolactone if things don't begin to improve. for some back story about myself..i was never over weight until i came to college. i'm not sure when my hormones began to go a little crazy. i'm a 22 year old female, college student with a full time job. i weigh 203 and i'm 5'9"". my testoerone levels (while not on birth control) was 500. my adrenal glands are over producing and she explained it to me as my body is always in panic mode. i get terrible anxiety and i feel like it is ruining my life. my hair has begin to thin, i get cystic acne on my chin area. i just want to be normal... have any of you tried metformin? sprionolactone? yaz? what were your side effects? any further questions or details you need don't be afraid to ask. i want to thank everyone in advance for any comments, this journey is horrible for me...thanks!",1
511871,the truth about how the participants from biggest loser lost their weight,1
517424,"i can't think of an appropriate title, but it's about weight i guess this was prompted by the askreddit thread about reddit hating skinny girls. (http://www.reddit.com/r/askreddit/comments/bcfjo/why_does_reddit_hate_skinny_girls_women_under_110/) i have a weird weight issue. i love my body. i love it so much. i love every inch of it. except...only when nobody else is around. the instant i have to leave the comfort of my bedroom, i feel enormous. i leave my coat on during class so people won't see my belly rolls. i cut off size tags, i lie about my weight, and when skinnier girls are around, i just shut up, assume everyone thinks i'm gross, and wait until i can be alone again. i feel confused, 2x. i *feel* like the right size, but i feel like everyone else thinks i'm fat. and the worst part is that it's not in my head, because people are always telling me i'm fat, chubby, need to work out, etc. i told my mom i snore sometimes and she told me that can be a symptom of obesity. my brother constantly warns me about my metabolism. the other day he asked if dad had talked to me about my weight. sometimes i feel like i have body dysmorphic disorder - in reverse! i feel thin but everyone says i'm not. the only person who likes my body is my boyfriend, whose preference in women has always been for larger women. i can't lie - that was one of the reasons i was so drawn to him - but *definitely* not the only reason. i mean, he's brilliant, he's hilarious, he's thoughtful, he's fantastic - but i'd be lying if i said his preference for larger women wasn't also a big draw. he always tells me i'm skinny and i feel sane again when he says it. god damn it, 2x, i just want to run away with my boyfriend and never see anyone else ever again. how do i deal with this? do i try to lose weight? it's impossible to make people stop commenting, and i don't know how to grow a spine. i'm 5'4 and 130 lbs. here's a picture for reference (http://i.imgur.com/tx20cl.jpg) ps. i don't mean to steal away the attention from the thinner girls who are getting criticized - i'm sure that sucks, too. pps. sorry for whining.",1
995375,"one of my new years resolutions for 2019 was to walk at least 10,000 steps. today i officially accomplished my goal, and i'm now 10 pounds lighter and much happier!",1
297816,"destination: restaurant roundup 46 japan ginger: skipped it. don't know where it's located, didn't look, not a fan of ginger. big fish: the bar is kinda cool. you get a view of the issaquah highlands movie theater. one of the few restaurants in issaquah with a big porch. i had the blt here once (no fish) and it was ok. the brunch was really good. they have a buffet and there's a giant cheese table and eggs and such to order. plus beignets. i would go for brunch if i was you. i'd also have that mole checked out. kfc/taco bell: one of the biggest arguments i have with myself is whether some food has gotten worse or if i have outgrown it. if it's the latter, then my tastebuds must have burned away, via smoking, the ability to like taco bell. back when i was in college i wanted a taco bell in my closet. that was my dream. others were trying to be chemists and physicists and such, but i just wanted to own a taco bell that was exclusively for me and was located in my closet. now it takes a really ample portion of sour cream to cover up the taste of their mealy ""beef"". i read recently that it's part silicone or something. i believe it. but i still long for the days of innocence when i could enjoy taco bell. i imagine myself kicking off an hour early from college (two hour day) and getting a six pack of soft taco supremes and watching reruns of magnum pi and eating taco bell. then taking a nap. then waking up as fresh as a daisy to go drink until three in the morning. those were the best days of my life. i didn't order kfc. fatburger: like i've said before, all franchises suffer from being franchises. mcdonald's fries aren't as good as they used to be. taco bell tastes like shit now. and mexi fries are not as delicious as they used to be. the same goes for once crowned best burger, fatburger. it's hit or miss if they cook the burger right these days, but that's not the problem. the problem lies in their new brioche bun. the fucking thing sucks. brioche, like pretzel bread, and sweet potato fries are/were the fad of the day and they all suck. fatburger needs to bring their old bun back. plus, they need to clean their fryer. the fries, a lot of times, come out tasting like...wait, no that's not it. i know what it is. same problem with taco time: they started serving chicken. when you fry chicken and fries in the same fryer it fucks up the fries. anyway, fatburger is good, but it used to be better. try the chili dog sometime. just a really good cheap ass chili dog. also they have that shitty 900 flavor soda fountain that guarantees a bad soda. hop jacks: stupid, stupid name. fries are good. last time i was in there i was going to order a burger until i looked at one that this kid next to me ordered. i heard the breakfast here is good. eh. in a pinch... costco food court: when naming a best restaurant, a lot of factors come into play: service, ease of dining, price, taste, etc. with that in mind levi larrington's best restaurant goes to costco's food court (did you honestly think it'd be canlis or something?). there's basically nothing cheaper, barring maybe 711, the food is amazing. yes, amazing. and it's an easy in and out. unless it's a weekend. my only gripe is the hotdogs aren't quite as good as when they used the sinai or hebrew national (i forget), but for a 1.50? and a soda! i don't have to tell you, there's a million articles written about it. my favorite is to get the hotdog and load it with onions - to the point the hotdog is essentially a pile of onions. i will also make the bold statement that the pizza is in my top ten ever. hell, top five. maybe second. when everything is put out there on the table, the food court at costco is the best restaurant ever. accept it. your corporate cafe: god, there's so much wrong with your corporate cafe. first off, the staff. you have to decide whether you are going to be friendly or not from the get go. if you are friendly, it's going to take three extra minutes to get your food. if you're not, you will forever wonder why they hate you, even though you were the one who closed this relationship when you answered ""ah"" to their observation about the weather. but it could be worse, you could have one of those automated jobs where you get a fridge and three flavors of shitty sandwiches and a credit card slot. your cafe is probably free or subsidized, so that's always a plus. but it's never quite that great. it's good enough to go there once a week, but not great. you'll sometimes end up in an endless loop of making a deli sandwich or salad or just grabbing a slice of pizza for weeks on end if you have problems making decisions. and then, after the third month of pepperoni pizza and tim's cascade chips you will swear off the deli until someone starts bragging about how great the breakfast is there and you start showing up early and then later and later until you order pizza and fall into the same awful cycle. papa murphy's: it's up there. probably in the top ten best pizzas. the problem is they make you bake it. i guess this makes it cheaper, but it's not that cheap. or is it? well, currently, they have a 12 dollar pizza deal going. but lets look at my favorite: the cowboy. 12 bucks. any large pizza is 12 bucks. i might just go get papa murphy's tonight! the best part is eating all the pepperoni off the pizza on the drive home. subway: see comments about franchises. but, levi larrington's worst restaurant! that's right. you got the best and worst in one article. why? mainly because subway used to be good. or, see above taco bell comments. now, it tastes like eating a napkin with rubber and mayonnaise sandwich. the last time i had it was about three weeks ago. i hadn't had it in awhile, but i remembered the last time being bad. but i was super hungry, so i figured it wouldn't matter. nope. it mattered. every bite, and i bought a full foot long, was just plain awful. i forced myself to finish the sandwich as i had paid about ten bucks for it. it was dreadful. it was like the first bite was some rubbery meat taste, then a bite of mayonnaise and mustard, then a hope that it would be mayo and mustard again, but then another bite of rubbery meat, then a jalapeno, then rubbery meat, etc. it was so god damn foul. there's nothing worse than saving up your hunger until two in the afternoon and blowing it on scraps of farm chum glued together with animal fat paste. i hate this restaurant. dominos: as i mentioned above, costco's pizza is in my top five best pizzas. the funny thing is, i remember the taste of it from long ago. that's right. either my pot addled memory has a major blip or dominos used to taste like what costco's pizza tastes like now. that's what i remember. but, see above franchises fail remarks. now, it's grody. i have banned them for some time because of their politics. i don't even know if they still practice the same politics i banned them for way back in the 90s. but i will speak on the last two times i had dominos: first was when they had this campaign in the mid 2000s where they said, i shit you not, basically ""we are going to stop making shitty pizza and start making good pizza"". i ate it. it was actually ok. nowhere near even the top 20, but ok. then, about a year later, i was drunk and stoned and drunk and stoned in the way you are after golfing all day on your birthday. bottom line: i barely could see. but i could taste. and even in that state, dominos was the most vile, awful, artificial food product from the butthole of space i had ever eaten. just terrible. i haven't had it since. worse than papa john's. and papa john's is near eating softshell whale dick innards. *next up: corner bakery, cold stone, papa john's, space needle.....*",0
456860,"how fat is too fat when you are on the dating market? hey askreddit. i've never seriously been focused on getting a boyfriend up until now. i am finally out of college and have a steady job. i know the dating market is brutal... and i'm not exactly the thinnest gal on the market. i've been told i'm pretty, but i'm afraid that the fact i am 60lbs over weight is keeping the guys at bay. (i am working on losing weight with diet and exercise, but that takes time.) i know dating is really all about the person as a whole and their personality... but that's usually what keeps the person around after initial interest. i guess i'm wondering... would you ever really approach a girl even if she's on the heavy side? what is your limit? how fat is too fat for you when you're considering pursuing a girl? edit: spelling",1
882110,"[meta] are things related to primary occupiers of your thoughts? it is of mine. i would say i am preoccupied with weight relaed things, diet, exercise, etc. probably 99.9 percent of my conscious thoughts. it's actually kind of insane. i am a hypochondriac, and i have had health related scares from obesity before, but it is pretty crazy",1
821406,"i'm ready for change. i'm 22 years old, male, and 220 lbs at 5 foot 11 inches. i've always been overweight and sort of stayed within a certain weight range, but as of this last year i've noticed that i'm gaining weight like a loon. i've decided this year is the year i'm going to look the way i want. i don't work out, and even when i did (a year ago) i would only stick with it for a few days, quit, and repeat after a few months. my diet is horrible, whenever i diet i feel like i start strong with buying salads and fruits and what not, but i get sick of it after a few days since i end up just eating the exact same thing over and over every meal. i feel like my lack of planning and guidance is partly to blame to me not being able to stick with a good diet and workout routine. i've signed up for the gym at my college and and taking a nutrition class in hopes that it'll help me figure out what i can and can't eat. i always see people posting their awesome results on this site and wanted to know if anyone here could point me into the right direction in finding what my workouts should look like, for how long, diet plans, tips for getting past the hunger pains in the beginning. i feel like i have too many bad habits to list, like eating laaaate into the night, so i'll just ask for general advice if anyone has any! thanks for the time",1
963363,"how do i make good food taste less awful? i'm not overweight or anything, at least not yet, but my diet is atrocious. i eat tons of bad shit (candy, mexican food, etc), and i know that i should stop, but the alternatives just taste so goddamn awful to me. seriously, lettuce? it's like shoving leaves of soggy wet asshole down my throat. as far as vegetables go, carrots are the only ones i think don't taste bad (potatoes are okay too but i understand these don't really count nutritionally). to summarize: how do you make healthy food continue to be healthy but taste less like moldy vagina? so, is there any way to make myself like the taste of healthy food, or do i just need to man the fuck up?",1
155195,study: overweight children show increased risk of heart attacks &amp; strokes,1
923481,"my 15-year-old has an eating disorder and obsesses about exercise. any experts on nutrition and exercise? xpost from askreddit he was going to a therapist but she was unreliable (!). his doctor warned that in-patient treatment is not off the table. but whenever i look for info on adolescents and nutrition all i find is obesity-related stuff. i contacted a personal trainer who i was willing to pay to give him better advice than the retard at planet fitness (""never exceed 2,000 calories in a day"") but he never called me back. tonight, he skipped dinner after a breakfast/lunch of 600 calories or so and an hour at the gym and 45 min of basketball. the kid is dying. original post: http://www.reddit.com/r/askreddit/comments/nt5to/my_15yearold_has_an_eating_disorder_and_obsesses/",1
227355,"i beat my goal for the winter challenge...but there's a big, big problem. hi. i did it. i totally busted ass and fell to 179.6 today, having started the challenge at 195 and wanting to get down to 180 by the end of the first week of january. so why am i so miserable? well. the man i love broke up with me two days ago. i didn't eat until this afternoon. i went more than 48 hours without food before i ate 400 cals worth of a plain croissant, and still that's all i've eaten today. i am heartbroken but don't want to lose the rest of the weight in this unhealthy manner. i am afraid that if i lose the rest of the weight through the depression of a breakup, it will all come piling back. i'm scared of what will happen moving forward. unless i am very very careful, i could end up sad, depressed, alone, lonely, and self-destructive. i have no friends in this town. no family anywhere closeby either. i have to keep eating, losing weight nutritiously and healthfully, whilst going through this painful loss of love. any tips?",1
728489,scariest day of my life so it was just another day spending it playing xbox than eventually calling up my friend caleb we were just doing prank calls eating junk playing video games sounds good right until me my mum caleb and my little sister im not going to say her name for privacy reasons went to get a pizza when we got there we went inside and ordered we waited 2 minutes and started playing hide and tag we could only walk on the side walk about 10 minutes in i ran into a mexican store las palmatis i was greeted by a heath slater looking guy who said what you doing i said nothing but when i saw what was in his hand my heart started beating it was a pocket knife flicking it at me in response i ran to the back of the store panicking! because i might get kidnapped or killed finally he moved away from the door i made a bline for the door i instantly ran into the shrubs but on the parking lot not running but full on sprinting caleb said hey faggot why are you breaking the rules i ignored 1 minute passed and caleb came in the shrubs with me and said what the hell i explained everything to him he was full on freaked out when we left he was outside staring at us oh yeah i forgot to mention that i also told my mum she looked at him and said he's so skinny i could kick his ass she was right he was super skinny hell i even that i could fight him but it doesn't end there caleb was staying the night and my parents who were going out for a 2 hours we were home alone 15 minutes we here a knock at the door im still scared about it i grabbed a kitchen knife but by then whoever was there was gone caleb armed himself to we went outside to the backdoor and we saw him as in the guy at the store we ran inside and sat as we heard him leave me or caleb don't like to talk about it i was twelve and he was thirteen,1
857094,overweight woman stuck in south african cave -- traps 23 others,1
703426,"the cure: chapters 3 &amp; 4 [weight gain fiction] # off the diet! tammy and charlie arrived at ruth chris and told them that they were taking dr. reynolds’ place for lunch. the waiter immediately seated them in a private room with a round table for 8. they slid into the booth next to each other, and started looking at the menu. they were famished and eager to fill their bellies. they started off with appetizers, ordering calamari, ravioli, and stuffed mushrooms paired with a nice bottle of white wine. despite being sick of salads, tammy and charlie couldn’t resist the decadent salads at ruth chris, so they each ordered a salad, tammy had ahi-tuna while charlie had the steak salad. after the salad course they realized the damage dieting had done on their stomachs. they were nearly full but hadn’t even had the main course. back before the diet, they would still be famished. nonetheless, they soldiered on. they both ordered the new york strip steak and for sides they ordered lobster mac and cheese, onion rings and french fries. it took them two hours, but they amazingly managed to stuff everything down. both of them had to unbutton their pants, so they were happy for the private room. they kissed each other passionately between bites as their romance rekindled as soon as the stress of dieting was lifted. they were debating whether they had enough room for desert when much to their surprise, the waiter arrived with 3 deserts compliments of dr. reynolds who called in the request. there was a cheesecake, warm apple tart, and a chocolate sin cake. the waiter said, “dr. reynolds wants you to know that you need to be full to take the medicine, and he was worried you wouldn’t be full enough.” for another 45 minutes they gorged themselves on the desert, forcing themselves to burp and rubbing their bellies to make room for the desert. but they were successful in finishing the food. however, they had to untuck their shirts to cover up their distended bellies because there was no way they were going to be able to button their pants. they went directly to the pharmacy and got their prescription. they took their first pills in the car to take advantage of their full bellies. the effects started nearly immediately. they felt more energetic, and could feel their pulse lower. even better, they didn’t feel that uncomfortable feeling that one gets when one is full to the brim. they knew they were full, but they didn’t really have any discomfort. next it was on to the grocery store. it took them nearly two hours up on every snack and sweet imaginable, as well as thick steaks and plenty of food to cook in their deep fryer. just imagining pigging out turned them both on. despite their full bellies, they still managed to snack on some junk food as they were shopping and of course they had every sample offered to them. there were more than a few empty packages that the clerk had to scan as they left. they had 4 shopping carts full to the brim by the time they finished. it took them nearly 2 hours to unload the groceries. they packed the refrigerator full and even had to fill the two dorm refrigerators in their room. just a week ago the refrigerator was filled with fruits and vegetables, and nutritious stacks. now it was full of soda, whipped cream, fudge and other sauces, and baked goods. the freezer was stocked full of frozen desserts, frozen pasta dishes like lasagna, cheesecakes and pizza. they plugged in the extra freezer in the garage to store the meats and the rest of the frozen ice cream. the cupboards were now stocked with chips, doritos, cookies, and other cakes. by the time they were done, it was time for dinner, so charles began preparing dinner. they were already hungry again, so he kept it simple, preparing a couple of pounds of spaghetti and two jars of marinara sauce. he put a full baguette in the oven and smothered it with garlic butter and then broke out the ice cream maker to make 1 gallon of homemade peanut butter chocolate chip ice cream. while the pasta was cooking, they snacked on honey roasted peanuts, nachos, and salsa and drank a whole bottle of red wine. by the time the pasta was ready, they were already buzzed, but they opened up another bottle of wine and dove into the pasta. despite still being a bit full from their lunch, they dove into the pasta with gusto, shoving forkfuls of pasta in their mouths alternating with slices of garlic toast. they disregarded any manners, speaking with full mouths the entire meal, and burping as they felt like it. the only time they stopped eating was to kiss passionately as their sexual tension rose along with their full bellies. they finished the entire garlic bread and the 2 lbs of pasta, and still didn’t feel full. they knew they would need more than just ice cream, so they dug up some frosted brownies they had bought, and heated up some chocolate fudge. they found the biggest bowls they could and packed it each with 3 brownies, half a gallon of ice cream, half a jar of chocolate fudge and each having a half of tub of whip cream. they took the bowls, their pills and went to the bedroom to get naked and caress each other as they gorged on the sundaes. after about an hour, they managed to force the last bit of melted goo down their throats and take the pills. it was then they noticed another benefit of the pills. normally, after they pigged out they would fall asleep in a food coma, but the pill gave them energy and enhanced their libido. tammy was a complete mess with crumbs of brownies, fudge, and melted ice cream all over her belly and breasts, so charlie went to town, licking every last bit off of her, lingering over her ample breasts and teasing her nipples for what seemed like an eternity to tammy. he went down and started sucking on her clit as he massaged her tummy. deep belches and moans alternated as tammy drifted into a state of ecstasy. then it was charlie’s turn. tammy reached over to the fridge and grabbed an éclair that they had bought earlier. she opened it up in half and wrapped it around charlie’s rigid cock, forcing the cream filling to fall out onto his fupa. she teased him by licking all the cream off of his fupa until she finally started nibbling on the éclair pastry. she would eat a bite and then gently lick his tip driving him crazy. the cream that had been taken out of the éclair was now replaced with a steady stream of precum moistening the otherwise dry pastry. once the pastry was done, tammy lingered over his cock taking it deep in her throat and bobbing up and down on him until he was about to cum. finally, tammy climbed up on top of him so he could see her full voluptuous beauty in front him. pillowy breasts and her tummy bounced as she rode his cock, their bellies merging into one gelatinous blob of fatty flesh. left over creams from the sundaes and the eclairs mixed with their juices and slopped between their bellies squeezing out onto the bed. finally, he climaxed in her as she collapsed into a heap on top of him. she rolled to the side and they fell asleep in a warm embrace. about 4 hours later tammy woke up famished. she couldn’t believe it, but before she knew it she was quietly fumbling through the stash of snacks on the night table in the dark. she found a 4-pack of giant blueberry muffins and started nibbling on them. she was a bit thirsty so she quietly opened the refrigerator and found a quart carton of heavy cream. she ate one muffin, and then washed it down with about a cup of heavy cream. but she missed the lingering flavor of the muffin, so she ate another one. then she was thirsty and she washed it down with the cream. and then she missed the taste of the muffin again. by the time she went back to sleep, she had finished the 4 muffins and the cream. charlie woke up while she was scarfing down the last muffin and started massaging her belly and kissing her. she felt bad she had eaten all the muffins so she grabbed a half dozen krispy kreme donuts from his night stand, and mounted him. he entered her creampied wet pussy effortlessly and she began feeding him the donuts as she rode him. alternating each donut with another quart of heavy cream that she grabbed from charlie’s refrigerator. they couldn’t believe how gluttonous and horny they had become. during the dieting period they barely even kissed, and now they had sex twice in one night. that first weekend was a glorious continuation of that night. they settled back into their weekend routine. charlie agreed to be the feeder for the first weekend, so tammy settled into her naked gluttonous glory. for saturday breakfast, charlie made pancake/nutella sandwiches served with melted butter and warm syrup in bowls, so tammy could eat and dip the pancakes quickly. charlie loved watching tammy eat with her hands quickly stuffing food down her gullet like a greedy pig. they divided 12 pancake sandwiches, a pound of sausage, pound of bacon, and two 5 egg cheese omelets. they fed each other with interspersed kisses and fondling complete with belly rubs and burping. they washed it down with a giant pitcher of mimosas made from a ½ gallon of orange juice and a bottle of champagne. the burping made room for even more gluttony as they polished off the remainder of the dozen krispy kreme donuts before feeling full enough to take their morning pill. after breakfast, they were both horny again, so he rolled her over and took her doggy style. his stomach covered up her ample ass and nearly broke the bed before he climaxed in her again. “i need a shower, but i am too lazy to stand up for that long”, tammy pouted. “well, why don’t you go out back and just sit in the jacuzzi to clean up. i can bring you a snack and you can lounge there until lunch” charlie offered. charlie and tammy had a beautiful ranch house (bought intentionally to avoid stairs), with a private back yard with a pool and a jacuzzi. so tammy didn’t even to get dressed, she just waddled the 20 ft (panting exhaustively) and plopped into the jacuzzi. within no time charlie had brought out a fondue pot with chocolate sauce and an assortment of fruits and cakes for her to dip it in while she bathed in the jacuzzi. she sat there and nibbled while charlie prepared lunch. charlie decided to do barbeque hamburgers for lunch and then a full turkey dinner for dinner. he fired up the breadmaker to make some fresh bread for dinner and homemade buns for the hamburgers. he prepared a pasta salad and french fries for sides. tammy kept nibbling on the fondue until noon when charlie brought out some fried mozzarella sticks and some lager beer to tide tammy over while he cooked the burgers. she was now a giant fat prune from sitting in the hot tub, but finally around noon, she hauled her naked body out of the hot tub and onto the chair to dig in for lunch. between the two of them, they finished off a dozen 1/3 pound hamburgers dripping in cheddar cheese, 2 pounds of pasta salad, and a full basket of fries. for desert they went back into the jacuzzi and split a ny style cheesecake while having sex in the jacuzzi. tammy then went back to bed and took a nap while charlie prepared dinner. around 3 she woke up to the smell of the fresh bread that had just finished cooking. charlie knew this would wake her up, so he brought a loaf up to her and left her with a tub of butter, and nutella. she was in heaven. she put gobs of butter and nutella on each piece letting the butter melt and run down her fat fingers as she shoved piece after piece of the bread into her greedy mouth, washing each one down with some red wine that charlie had brought up. at 4 she dozed off to sleep for another two hours. when she woke up, charlie had prepared a giant spread for dinner, and had set it out on a table next to the bed. a 12 lb turkey, with giant bowls of stuffing, mashed potatoes, sweet potatoes and mac and cheese. for desert, a pecan pie and an apple pie with homemade vanilla bean icecream stored in the freezer. they feasted for 3 hours shoveling fistfuls of food in their mouths taking breaks only to kiss or massage belly for burping. they drank 2 bottles of wine, and finished the night with drunken sex. sunday was mostly the same with charlie pampering tammy from a 4 am snack of 4 giant cinnamon rolls to a 7 course meal for dinner starting with antipasto, clam chowder, 1 lb of spaghetti, sorbet to clear the pallet, a roasted chicken with potatoes, and a full cheesecake factory cheesecake. as they laid in bed massaging each other’s bellies, belching, and fondling each other, they suddenly remembered they had to go to work the next day. “how are we going to find the time to eat enough at work to take the pill at lunch.” tammy wondered aloud. “yeah, my stomach has already expanded from this weekend. it’s gonna take a lot to fill it up now” charlie agreed. “i guess i could bring in a lot of snacks and just eat non-stop, but i have a couple of meetings. i’ll be embarrassed to eat that much in front of everyone” “can you get out to lunch? i was thinking of running to chik fil a and ordering a few meals. i was gonna eat them in the car and bring one back to work.” charlie suggested. “no, not enough time. i will have to just pack a bunch of food and hope i can fill this massive gut!” “well, i think i can sneak over to chik fil a so i’ll do that. but what about breakfast?” charlie asked “well can you cook while i pack up my lunch?” tammy asked. “good idea” with that they lingered in bed having more amazing sex. charlie got completely turned on when he noticed that tammy was starting to put back on the weight she lost. but it was different this time. the stretch marks were going away, and she was gaining more weight in her tits and ass. in fact, she was getting model-like proportions. “did you notice your new weight is going more to your tits and ass. you are becoming a voluptuous curvy bbw model?” charlie asked. “yes, i did, and your paunch is more firm and your ass is growing more as well. do you think the pills are making us more toned and better physical shape than before?” tammy asked. “well, the doctor mentioned that these pills make you healthier. i also noticed that i can walk up stairs without being winded. frankly, i feel like i did before i started gaining this weight. makes me want to eat even more.” after another 4 am snack of a box of oreo cookies, charlie woke up early to prepare a breakfast feast. by the tammy woke up, a stack of 12 pancakes, eggs, and a pound of bacon was waiting for her. they both ate as fast as they could so they could make it to work on time. tammy finished her meal munching as she prepared her food. she filled three shopping bags with food. one was full of a dozen donuts and a bag of oreo cookies, the other with soda and juice, and the third with doritos, and a box of microwave burritos. charlie also packed some donuts and cookies just to tide him over during the day. back to work around 8 they both left for their work. both of them were now in such a habit of munching that they wound up gorging themselves on snacks as they were driving into work. charlie had half of the dozen donuts that he brought and tammy finished half of the oreos before she even got there. charlie’s day went as planned. he found enough time to get out to chik fil a. the drive through line was full, so he decided to dine in. he ordered one chik-fil-a sandwich meal and two four-piece chicken strips meal with one of the meals with large waffle fries and the other two with mac and cheese and 2 large peach shakes and 1 large strawberry shakes. however, he didn’t want to look like a pig in the dining room, so he ordered one meal to dine in, and made it look like he was going to bring the others to co-workers. he even asked them to hold the other shakes to pick up when he left. he only had 45 minutes for lunch, so he had to eat quickly. he ate one of the 4-piece chicken strips, grabbed two extra from the other meal and ate the waffle fries and one of the mac and cheese orders as well as the first peach shake in 20 minutes. he then grabbed the other shakes from the counter and went out to his car to eat the sandwich, the other mac and cheese order and one of the other shakes. by the time his lunch hour was over he was able to get back to his desk and finish off the rest. it just looked like he ordered a simple meal and ate it at his desk. he was plenty full and took his pill and returned to his normal work for the afternoon. tammy on the other hand, was not as lucky. her day was full of meetings and try as she might, she was only able to grab a few bites of her snacks. they brought in lunch boxes and worked through the meeting and she was not comfortable grabbing multiple boxes. even if she had grabbed two or three boxes it wouldn’t come close to filling her giant gut anyway. she took the pill anyway and hoped it would be okay. it wasn’t. the pill didn’t work, and she reverted to her old ailments she had before the pill. she could feel her pulse quicken and was extremely dizzy and light headed. she couldn’t stay awake and began to look pale. her boss noticed and thinking she had the flu, told her to go home and rest. on the way back, she called dr. reynold’s office and told the nurse of the symptoms. she put him right through to the doctor. “tammy, i told you those pills don’t work unless your stomach is full. how much did you eat for lunch?” tammy told him that she only had the lunchbox and a half a bag of oreos that she managed to sneak during breaks. “tammy, you are a 210 lb woman, and if i guess right, probably over 220 now with how much you have been eating. that amount of food will not fill you up. also, i warned you that the pill must be taken, or you will lose all the benefit and immediately see the symptoms of obesity. that is why i had that conversation with you and your husband. you have to commit to this lifestyle. no skipping meals, and no eating light. you have to get your belly overstuffed. you need to go home now, and eat constantly for the rest of the day. as soon as you feel full, take another pill, and then take another one at dinner.” “okay, doc, but is it okay for me to have 4 pills in one day?” “once in a while it is okay. you will notice that you will be even hungrier, and you will be ravenously hungry all night, so you will have to eat all night. long-term, you would get sick from sleep deprivation, but one night won’t be a problem.” with the doctor’s orders, tammy immediately ordered 4 large pizzas from her car so they would be home shortly after she arrived. she knew she would need a lot of food and figured to order a bit extra so charlie would have pizza when he arrived. she got home and didn’t even bother to undress, other than ripping her tight pants off of her that were digging into her expanding waist. she began shoveling food into her mouth while waiting for the pizza. she dove into a bag of nachos and melted some cheese on top of it, and finished the bag in about 10 minutes. the pizzas arrived about the same time she finished her nachos. tammy immediately started shoving pieces of pizza into her mouth as fast as she could. finally, after finishing the first pizza, she felt full enough to take the extra pill. she immediately felt better, but shortly afterward, she felt a stretch in her stomach and a growl. suddenly she was hungry as if she hadn’t eaten all day. she started shoving piece after piece of pizza in her mouth, and within another half hour, had finished the second pizza. as she dove into the third pizza she realized that she was also quite horny, and she started fingering herself with one hand while shoving more pizza down her giant swollen belly. concerned that there would not be enough food for charlie when he got back, she grabbed some more nachos and smothered them in melted cheese to eat along with the pizza. eventually, after finishing the third pizza she passed out. charlie finished work and was starving. he hadn’t been able to snack all afternoon, and he knew that he wouldn’t want to wait to prepare dinner, so he decided to pick up a couple of family 20-piece meal buckets at kfc on the way home. in her haste to get to eating at home, tammy had never called him to tell him that she had taken a half sick day. charlie was shocked and turned on with what he saw when he entered. tammy was passed out on the couch with melted cheese all over her blouse and empty pizza boxes and crumbs all around. her panties were soaked with her juices and her hand was resting on top of her clitoris that was peeking out of the panties. charlie kneeled down and peeled the panties back and began running his tongue up and down tammy’s pussy. she woke up moaning and pleased to see charlie going down her, but she was ravenous. “must. have. food” she exclaimed as she grabbed a piece of pizza from the fourth box and shoved it in. “what happened tammy?” charlie asked. between bites tammy explained. “couldn’t, \[munch\], eat, \[munch\], enough for pill, \[munch\], felt sick, \[munch\], went home. \[munch\]. doctor said i’d be hungry \[munch\]. ordered pizza \[munch\], horny \[munch\], feed me \[munch\], fuck me \[munch\]. charlie obliged and stuffed more pizza down her face while he pleasured her pussy. tammy was relieved to see charlie brought the kfc home. he mounted her and began stuffing the chicken down into her mouth. it was insane. all evening and all night, tammy could not be satisfied. charlie barely was able to fill his gut up because he was so busy shoving food into tammy’s mouth. she ate all through the night and couldn’t sleep. when it was all done, she had had 3 ½ pizzas, 4 bags of nachos dripped in cheese, 1 family bucket meal of kfc, and ½ gallon of ice cream. she never felt full the whole time, as if the food never was in her stomach. the next morning, they did the same thing. big breakfast and tammy again tried to pack enough food to fill her up. she felt back to normal and there were no meetings, so she figured she would be okay. tammy worked in the administration department of a factory, and as a policy, if you took a day off, the factory nurse had to see you before you could return to work. when she showed up, she immediately reported to the nurse. “hi tammy. come on in. i hope you are feeling better”, the nurse motioned to her to enter the examining room. “hi deb, good to see you, although i wish it were under better circumstances, but i am feeling better today”, tammy said. “so tammy, any idea why this happened? have you had any changes in your health or new medications?” “well, yes. i started on the new gordiva pill for my complications from being overweight.” the nurse smiled, “that explains it. you should have told us. we would have made special provisions to allow you to eat sufficiently” tammy was puzzled, “what, you mean you will make special provisions? i was trying to hide that i was on this and i didn’t want to ask for anything special.” deb laughed, “there are at least 5 of you that have started this treatment lately. and we definitely want to encourage you to stay on the regimen, and so does our insurance company. they anticipate that the company will save millions on medical costs on this treatment. but they did explain the dietary requirements, so we know we have to give you a long lunch and plenty of opportunities to eat” “what provisions are there?” asked tammy. “well, first, you are going to get an extra hour for lunch. also, we will let you bring a refrigerator in and put it in your office to store snacks. if you let us, we will let your boss know so that she understands why you will be constantly snacking.” “well that sounds great, and yes, you can share this information with my boss” “okay, well then it’s settled, let’s go down together and tell your boss.” they walked down the hall to her boss’s office and deb knocked on the door. “hi karen,” deb said, “gotta sec?” “sure deb,” karen responded. “well, we know what happened to tammy yesterday, she did not take her new treatment on a full stomach. if you will allow me, i will share your situation with her” karen laughed uncontrollably, “of course, tammy, i started the treatment last week as well. welcome to the club!” tammy was taken aback. karen was not fat. she weighed about 130 lbs and she was 5’ 8”. “if you don’t mind me asking, why do you need the gordiva treatment?” “well, i have childhood diabetes. i’ve been on insulin as long as i remember. turns out, the treatment works on this type of diabetes as well. i talked to my husband about this option and turns out he’d like me a bit chubby, so we decided to do this. i feel great, but i already gained 5 lbs. my husband actually likes it though,” karen chuckled. “so don’t worry. you and i will be snacking the day away together” the rest of the day tammy snacked, and at lunch, ate the substantial amount of food she had brought and also took full advantage of her extra lunch hour dining with her boss. they went together and ordered the daily special of country fried steak, mashed potatoes, and fried okra with a boston cream pie desert. between forkfuls of food, karen started asking tammy questions. “so this is all new to me, i am not used to overeating. i feel like i am doing something wrong.” tammy responded, “that’s just society putting an obtainable standard on us. some people naturally do not like to eat, and they are the ones that don’t mind dieting. most of us are programmed by nature to want to fill up and store fat to survive. also, before the pill, there were real complications to being obese, so it made sense that society kept up this standard. for you, you had to eat properly to balance your blood sugar, so you have the habit of watching your diet closely. my only advice to you is to liberate yourself, and enjoy the wonders of food!” karen smiled, but still felt uncomfortable. “but i am not comfortable with my clothes. they are getting tight, and i am pouring out everywhere.” tammy laughed, “well, you gotta learn fat girls’ tricks. first, stretch pants. no belts, no tight non-stretch material. also, you are going to gain weight. depending on how much you want to spend, buy clothes 2 or 3 sizes too big. you want to be comfortable when you eat. for now, just unbutton your pants when you sit and eat. but dresses are the best. buy long dresses, so that when you gain weight, they just get shorter. you can put on 20 or 30 lbs, and the dress just simply goes from an evening gown to a mini-skirt”. karen agreed, “the first day i started to eat, i wore a dress and it was much easier. also, you can hide the weight gain much better.” tammy scolded her, “don’t hide anything. you are beautiful at any size. but you wear dresses to be comfortable. now, i need some more food. i am gonna go back up and get a personal pan pizza and a soft serve ice cream.” with that, tammy went back up and karen finished off her lunch while she was back in line. karen was shocked when tammy came back with two pizzas and two soft serve cones. “these are for you.” tammy handed one pizza and a cone to karen. “you need to learn to eat like a piggy fat girl” “oh my god, i am already full, i can’t possibly eat this”, karen protested. “do you want me to be your coach or not?” tammy continued, “you need to learn how to expand that gut properly!” “okay, boss!” karen smiled. karen and tammy were able to finish everything, although tammy still needed to eat half of karen’s pizza. tammy praised karen’s efforts, “great job karen! it looks like you can really pile away the ice cream, but you struggled a bit with the pizza”. “well, i have always had a weak spot for ice cream. i can eat it nonstop!” karen confessed. “well, lean into that girl!” “okay, thanks so much. you really have helped me feel more comfortable with this!” karen then gave tammy a hug, and with that, they each took their pill and went back to work the rest of the day. for the next four weeks, charlie and tammy settled into a good routine. on work days, charlie kept going to fast food places, ordering multiple meals. eating one in the dining room, one in the car, and one at work. by the end of the first month, it did expand to four meals, but he started to notice more folks at the restaurant eating more than one meal, so he felt comfortable eating multiple meals at the restaurant and sneaking away the remainder in the car. tammy continued to eat at work, dining with karen, who was filling out nicely and doing a good job keeping up with tammy. on weekends they settled back into their old ways. each would take turns being the feeder for the weekend. they would spend the entire weekend naked eating, having sex, and sleeping. late night feedings became bigger and more intense, and the bedroom started to resemble more of a kitchen with food stored everywhere. they even put a microwave and toaster oven in the bedroom for when they didn’t want to bother leaving the bedroom to cook",1
240659,"m4f - long term abuse good afternoon lovely people of dpp! today i'm hoping to find a special unicorn, as the title says. someone who will play/is a chubby, heavy or bbw staying in a cruel and abusive relationship because all her needs are met, but beyond that she's treated as a toy for amusement. maybe we met online, knowing what you're getting into. or the relationship slowly devolves into the toxic mess that you can't leave. if you have other takes on it i'd love to hear them! limits: scat, gore, celebrity (relevant) kinks: bigger woman, public, humiliation, abuse(both physical and mental), controlling outfits, vaginal denial, anal, orgasm torture/denial, and risky/impregnation to name a few. bonus: if you're willing to submit irl(with joi), you move to the top of the list, include your favorite pokemon in the message title, i look forward to the messages.",1
879130,"how to dress up when you look fat! 1. to make abercrombie uk clothes to make full use of linear pattern fabric. best to use when cutting line clipping. this will give people with ""thin"" feeling. 2. clothes do not too tight, too loose. too tight will reveal the appearance of obesity, too loose will make you look ""volume"" bigger, look more obese. 3. body fat lady wearing a skirt not too short or too long, knee length should be placed in the vicinity of the following is appropriate. the legs are too short skirt of obesity will be revealed. too long will give the ""short and fat"" feeling. if you wear clothing with separation ""on the next"" three segments, it becomes your natural increase, that is, upper body, skirt and stockings in different colors, he will look to produce a slender feeling. 4. if the leg fat, you do not wear socks and shoes make people pay attention too. the more popular the better, do not be too bright colors. so that people pay attention to your legs and feet when people are feeling fat. 5. if your neck is not too long, then do not wear round neck underwear. collar with your clothes in favor of v-neck make you look longer. if the women want to wear a short neck, necklace, necklace you should pay attention not too long, but not too short, the choice to wear, the choice put to the best-looking, the length of the most appropriate. desirable to have a necklace hanging below the ornament, such as heart or something. 6. other dark colors hide your body fat is also a good way. wearing dark colored clothing, especially black fashion, will make people think you're thinner. tips: laundry protection act button washing abercrombie clothes in the washing machine before you wear abercrombie clothing buttons, then garments, in turn, buttons not easy to fall off, damage, and will not scratch the washing machine .",1
918803,niche startup: dating site for overweight indian people [deleted],1
457800,"and another one: champion heights and weights, v3 here's an overdue update to my *other* list! as usual, feel free to correct me if something looks off. shoutout to chef lubu for the very first version of this! some new things: kai'sa, pyke, neeko, some darkin/ascended stuff. riot bioluminescence has stated that the average height of yordles is 2'9 so i have revised the yordles around this. k/da bios have given us some useful stuff. assorted revisions. my sincerest apologies for the freedom units. converting 142 heights and weights feels like a mammoth task. **champion height and weight list** aatrox ~12’ 700 lbs – sauron-size. may be bigger based on newer artwork of darkin but i think i will stick with this guess until confirmed otherwise. ahri 5'5 (+ 5” of ears) 145 lbs – tail weight debatable. height is from her k/da bio. akali 5'3 125 lbs – height is from her k/da bio. alistar 10'5 (+ 18” horns), 1500 lbs - ""bulls can weigh in at anywhere from 1700-2000 lbs so putting alistar in the 1500 range feels like underestimating. but, since he stands on two beefy (heh) legs and is agile enough to do what he does, i'd imagine he's not quite as heavy as a normal bull. he is still enormous though; in promo art he's clearly the size of 3 other champions from shoulder to shoulder."" -lubu amumu 3'7 35 lbs – ordinary human child weight, dropped by 15 pounds due to mummification. shorter if he’s a yordle. anivia 15’ while standing, 25’+ wingspan, ???? – so, now that anivia is officially a demigoddess, she’s gotta be freaking huge to match. weight is variable; she’s made of ice but has to be able to fly somehow. annie 3'9 ~50 lbs - pretty standard young girl height and weight. (also checks out with amumu's measurements.) ashe 5'9 145 lbs - lubu: ""i used liv tyler as a basis for ashe's body type as a fit archer.” -lubu aurelion sol – is hundreds of light years big. spaaaaaaaace. azir 8'5 400 lbs - total guesstimate. he is noticeably taller than his sand soldiers, who are presumably normal-people-size. bard - is infinite. well, his earthly manifestation is probably slightly larger and much fatter than the average human. but he’s infinite. blitzcrank 9' 950 lbs - using boom boom blitz's art as a basis: ring ropes are usually around 4'4 tall. obviously he's a lot bigger than that, so lubu doubled that measurement and added a little bit for his head. depending on the alloy and his internal workings, his weight could actually be way higher. or lower. hextech stuff may not weigh very much. brand 5'10 160 lbs - based on average viking height and weight, since he was originally a marauder. braum 7'5 610 lbs - his height was actually released by a rioter at some point. weight was based on andre the giant and then modified for braum's proportions. caitlyn 5'7 (+ ~6”of hat, + boots) 135 lbs - caitlyn's a sheriff, which means she has to be fit enough to throw a person to the ground. she seems taller than this but that's probably due to her boots and hat. camille 6'10 ??? - tall and thicc (she towers over baron volkage in her comic), but the weight of hextech is not quite clear. and she’s… largely hextech at this point. cassiopeia 13' long, 380 lbs - lubu tacked on half a woman to half an anaconda, then fudged the numbers until they looked reasonable. cho'gath 72' at zero stacks, and add about 12 feet for each stack – weight is ????, probably running into the thousands of tons. cho has to be large enough to eat another champion. even zero-stack cho. corki 2’10 40 lbs - ready to fly!! darius 6'5 266 lbs - thank you to eskimo503 for the dunkmaster darius info! diana 5'10 150 lbs – she’s thin, but strong. height is ironstylus-supported. dr. mundo 8'8 1100 lbs - dr mundo is enormous, seeming to be at least twice as tall as other champions in promo art and more than likely several times heavier. lubu used the incredible hulk as a general basis for his weight, though hulk's weight has changed drastically though the years. draven 6'1 (+ 2-3” of hair) 185 lbs - clearly similar to his brother but leaner and a bit shorter. still a hunk. do not mess with him. ekko 5’6 (+ 4” mohawk) 95 lbs - based on my brother. string bean. elise 6'1 200 lbs in human form (extra legs add quite a bit), 4’ tall 8’ long 570 lbs in spider form - lyrith sorted out her spider weight. evelynn 5'5 125 lbs - this height is corroborated by the k/da website but remember that eve also shapeshifts into whatever her target desires most, so this of course may vary a lot. ezreal 5'6 105 lbs – pretty close to my brother fiddlesticks 6’ ???? - he’s about four crows tall, and crows are ~18-24 inches long. weight is anyone’s guess; he’s a goddamn scarecrow. probably very light. fiora 5'11 160 lbs - height from ironstylus, weight based off a 5’11 female rower. fiora might be a little lighter than this, as a duelist who mainly relies on precision more than strength, but she could also be pretty ripped. fizz 3' 35 lbs - lubu looked up stitch's height and weight (from lilo and stitch), and applied that to fizz. it’s in line with other yordles’ sizes, and fizz also does not have fur which takes some weight off. galio 104’ 4100 tons - he’s freakin’ huuuge! gangplank 6'0 200 lbs - bankplank. garen 6'1 240lbs – hunky man. gnar 2’5 25 lbs (mini gnar), 28’ 3 tons (mega gnar) – mini gnar is slightly smaller than your average yordle. mega gnar is a tough gamble, but if he's based off of rampage and the helicopter in dino gnar’s recall animation is just scaled for the map, then that size makes sense. gragas 7'2 735 lbs – he’s an enormous man from the hills where everyone is enormous af. graves 5'9 185 lbs - graves is a bit older. dad bod. hecarim 13’ tall, 10’ long, ~2 tons - hecarim is a spirit centaur so he could weigh nothing, but if he weighs something it’s pretty massive. the average clydesdale horse weighs one ton, for scale, and he’s bigger than one of those. heimerdinger 3’2 (+ at least 5” of afro) 30 lbs - afro power. much taller than ziggs. illaoi 6’5 275 lbs - huge badass wrestler lady. based off shot putter valerie adams. irelia 5'10 145 lbs – tallish strong warrior type. ivern 10’0 400 lbs - tree man, tree man, does whatever a tree can. based off his promo art, he’s pretty huge. janna – she’s a spirit now, no concrete size or weight. jarvan iv 6'6 245 lbs - j4 is supposed to be a towering presence akin to a pro wrestler. jax 6'2 260 lbs - saijax is a beefy dude. you do not want to be hit by him. jayce 6'0 185 lbs (including armor) - science dad powers activate. lubu imagined reed richards in armor. jhin 6'4 160 lbs - jhin's kind of a string bean. his arm is not mechanical, only plated to avoid recoil (splash artist took liberties), so it doesn’t add a lot of extra weight. jinx 5'3 98 lbs – not much bigger than me, which makes sense; she’s small, very thin, and agile. kai’sa 5’6 120 lbs – height is from k/da site and in this case may not be canon to base universe, but worth writing anyway. suit is pretty skin tight but includes gauntlets and stuff so probably an extra 5 pounds. jetpacks float, but they’re chunky; 10-15 pounds each? kalista 5’10 140 lbs - while she was alive of course. nowadays she weighs nothing. based off irelia’s athletic physique. karma 5'8 130 lbs – lubu based this on some real-life actresses i haven’t heard of but it sounds realistic. karthus 5'4 80 lbs - bones bones bones kassadin 5'9 160 lbs - look at the chest on him, dude is ripped. probably not that tall, he's just floaty like karthus. katarina 5'5 115 lbs - spin2win dagger style kayle 5'5, 14’ wingspan, 210 lbs - wings mean her weight could really be anything. this weight is based off of large but light bird wings. she's going to be vgud anyway so i'll probably edit this post when that hits. kayn 5'10 140 lbs - strong enough to swing around that scythe, small enough to be a shadow assassin, and also young and gangly, so that basically comes out to him being a mini-zed. in lubu's words, anime booooy with his shirt offffff kennen 2’7 30 lbs - still one massive guess… kha'zix 8’ stretched, 6’4 crouched, 250 lbs - dude’s got an exoskeleton. kindred - they’re death. technically speaking they are infinite. based on their splash – comparing them to the body of the woman beneath their feet - lamb is ~4’ tall and wolf’s something like 6’ long, but that sounds off. kled 3’0 40 lbs (of ass-kicking) - skaarl is probably the size of a komodo dragon or other large monitor lizard, then. kog'maw 6’8 at shoulder, ~8 feet long, 1/2 ton – i've heard he’s the size of a bear, rather than the size of a big dog. so i’ll use polar bear measurements. leblanc 5'5 120 lbs - but it could all be an illusion. lee sin 5'6 155 lbs - bruce lee but with a little more bulk. leona 6'1 195 lbs - ""leona is tall and muscular and matronly. she's a beast and if you've never known a woman in the 6'1 range, you can ask them about their weight at your own risk."" -lubu (ironstylus supported) lissandra 6'4 ????? - the weight is impossible to guess with this one because at what point does the person end and just ice begin? lucian 6'0 165 lbs – lubu used sprinter michael johnson as a model for lucian's general build. lulu 2’6” (+ 7” of hat) 35 lbs – yurdles lux 5'1 100 lbs – height is straight from ex-rioter grumpy monkey, so don’t pull anything about lux actually being really tall because zoe thinks she is. guessed weight based on myself. malphite – he might be around 85 feet tall, or he might be the size of a mountain. we’re not sure. malzahar 5'6 145 lbs - floatiness makes it hard to distinguish his actual height or even good ideas about his body dimensions so here’s a guess. maokai 22’ tall, 5.5 tons – big tree. master yi 5'11 160 lbs - slim guy. miss fortune 5'6 120 lbs - swiggity swooty. height is adjusted to marilyn monroe proportions like sona, because of the teaser for her legendary skin mentioning her height as 5’5-5’8. mordekaiser 7’5 500 lbs - of pure metal powaaaaaah. this size is quite conservative, i think. morgana 5'7, 12’ wingspan, 215 lbs - wings and things. she's going to be vgud so i'll probably edit this post when that hits. nami 6'2 long, stands at 5'6, 200 lbs - dat fishbutt. weight is based on the measurements of a huge sturgeon + half a human. nasus 15' 5 tons - big dog gotta eat. updated guess based on new ascended lore. i have no idea how to weight. nautilus 36’ tall 30 tons - ""the coral congregation is in service."" neeko 4'9 tall/5'9 nose to tail, 80 lbs – in her current sorta-blending-in-with-humans form, she's small, thin, and agile. she's a bit taller and skinnier than zoe. tail adds a little weight. nidalee 5'6 120 lbs (human form), 7’ long, 3’ tall (cougar form) – nothing to really say here, slim athletic woman size and average cougar size. nocturne - living nightmare, has no size. nunu 4’2 55 lbs – 8yo boy size. willump is like, 16’ tall and weighs at least a couple tons. olaf 5'11 215 lbs - larger than average viking stats. orianna 5'8 170 lbs – could be shorter. hextech could be really light or really heavy, we don’t know. ornn is “as tall as three frost pines.” he could be gargantuan, as in a few hundred feet tall, or frost pines could be stunted by the cold climate and he could be 15 feet tall. judging by how he appears to other champions, though (he explicitly says “don’t hug me!”), he might be able to change size, so when he appears as a god like in one of his short stories, he’s huge, but when he’s chilling and fighting and forging stuff he’s smaller, perhaps braum-size. general estimate for typical size, however, is 30 feet and probably 5+ tons. pantheon 6'4 190 lbs - a well-oiled greek fighting machine. poppy 3'2 50 lbs - in her splash she is pretty tiny compared to those soldiers. but of course she is strong, and presumably stocky under that armor, so she’s heavy for a yordle. pyke 5’10 180 lbs – he’s average-ish height, muscular, and maybe a little heavyset. even though he’s technically dead, he seems to have lost no mass. quinn 5'8 140 lbs – thanks ironstylus! valor is the size of a golden eagle. rakan 5’9 160 lbs - dancer muscles (but he’s still pretty slim). his cloak-wing might add a little weight. rammus 3'0 70 lbs - ok. based on giant armadillo. rek’sai - is the size of a house. that's all i can really give ya. renekton 15’ 6 tons – updated guess based on new ascended lore. again, no idea how to weight. rengar 6'8 380 lbs - wengar's a widdle baby kitty... compared to his tribe. rhaast 9’ 400 lbs – kayn gets transformed into a big boi, with potential to grow to aatrox size eventually. riven 5'8 145 lbs - ""since she's a soldier and muscular enough to swing the windblade (through martial training or otherwise), she’s gotta be beefier than she appears to be in-game."" rumble 2’7 35 lbs - how big is tristy the mech? ryze 5'8 165 lbs – i’ll be brutally honest: i started with my dad's proportions and went from there (more muscle, a little less fat). sejuani 6'0 185 lbs – you do not mess with sejuani. as for bristle, some massive boars killed by hunters apparently weigh up to half a ton and are up to 9’ long, easily big enough to ride. they might be photoshopped on earth, but they could certainly exist on runeterra so that sounds like bristle to me. shaco 5'5 125 lbs – this is cast into doubt a bit with his new placeholder lore, which makes him a demonic toy. a toy would not be this big. shen 5'8 160 lbs - ""shen is like, the beefiest ninja ever. why would a ninja be a tank?"" -lubu shyvana 5'6 140lbs (human form including armor); 18’ long, 26’ across, 1500 lbs (dragon form) – dragons are fuckin’ huge, man. don’t mess with dragons. singed 6'3 160 lbs - lanky science jerk. sion 10’ 1000-2000 lbs – he’s mufuggin huge. sivir 5'8 140 lbs - musclier greek lady. skarner 16’ from claw to tail, 8’ across, 6' tall, 1.25 tons - skarner is the size of an f-350 truck in some art, not accounting for his tail. he might be bigger, though… sona 5'6 120 lbs - marilyn monroe's size. soraka 6'2 160 lbs - the goat legs give her a lot of stature. wee-oo-wee-oo… swain 5'11 195 lbs (human) – technically he is missing half of one arm so weight goes down a tiny bit. other than that he’s fairly slim (little bit of dad bod?) and very dapper. syndra 5'6 130 lbs - more voluptuous than most. tahm kench – seems to change size to accommodate his victims. taliyah 5’9 140 lbs – thank you to riot thermal kitten! talon 5'8 145 lbs - smallish male assassin body. taric 6'2 245 lbs - of pure outrageous masculinity. teemo 2’8 35 lbs - delete teemo thresh – he’s a spirit, hard to guess. probably a good 8 feet tall though, based on cinematic appearances. tristana 2’8 35 lbs - yordle things. trundle 20’ ???? - is large enough to hold a human warrior down on the ground with just one hand. i have no clue how to work out the weight for this guy. tryndamere 6'1 220 lbs – raaaaaaaarrrgghh twisted fate 6'1 150 lbs - he's tall but slender and agile. twitch 4'9 99lbs - from his color story. udyr 5'10 215lbs - udyr's all muscle and animal forms and body hair. urgot 10’ 2000lbs+ - shotgun knees are heavy. varus 5'7 145lbs - anime booooy with his shirt offffff! varus currently possesses only one gay dude’s body since the other was too wounded to serve as a vessel, so this old guess should hold up fine except i’ve slimmed it down a bit. if he goes into full darkin body mode, he’s gonna roughly double in size. vayne 5'9 145 lbs - tumbling is great exercise. ironstylus-approved. veigar 2’5 (+ 12” of hat) 25 lbs – evil lil guy. vel'koz 30’ tall (at least), weight unclear (void science is weird, does he have mass…?) – based off his cinematic. vi 5'9 140 lbs (no gloves) 8140 lbs (gloves) - thanks rtsubiytsa! viktor 6'2 280 lbs - robot parts. vladimir 6'3 185 lbs - anime vampire dimensions volibear– we now know volibear is ornn-size. general estimate (this is conservative): 30 feet tall, 5+ tons. warwick 7’8 445lbs – based on his vgu teaser, he is about 1.5 times the height of boggin. wukong 6'2 190lbs - monkey paw, monkey paw, monkey paw. xayah 5’3 110 lbs – she is the smol to rakan’s tol. xerath 7'0 ??? - xerath is made of energy. his weight is indeterminable. xin zhao 5'8 170 lbs - could be taller. yasuo 5'11 170 lbs - taller based on feedback. yorick 6'1 if upright, 5'6 hunched, 230 lbs – still holds after his vgu. he’s just a normal dude who wound up immortal, with probably no size changes involved. zac 5'2 120 lbs at smallest, 7'6 450 lbs at largest – blob zed 5'9 150 lbs - ninjas. ziggs 2’6 30 lbs – yeeeeeeeeehaaaaaaaaaa zilean 6'1 165 lbs - his giant clock weighs possibly 200 pounds but he makes it float somehow. zoe 4’7 75 lbs – zoe is supposedly in her teens in terms of appearance, but if 5’1 lux is tall to zoe, she’s gotta be around the size of my eleven-year-old (at time of writing) cousin. zyra 5'11 145 lbs - not a vegetarian.",1
542877,"golf ball sized dip in buttocks okay so i don't have a picture but this is for a friend of my mine. so she believes this was caused by a steroid shot for allergies possibly cortisone but we're not 100% sure. been to dermatologist, neurosurgeon, cardiologist. no conclusive diagnosis. one doctor suggests ciatic nerve issues, no clear explanation. person is an older female, heart problems, on heart medication for 15 years, and is underweight with trouble eating (loves sweets but doesn't like eating ""real food""). she has a golf ball size dip in the upper middle of the left buttock (closer to the hip than to the other buttock), where it goes down to the bone. seemingly the fat is gone and the site is purple. painful to sit. have any of you ever seen something like this before? edit: she is in her 50s or 60s and white.",1
143013,"99 brief scenes from the end of the world - part 8 *almost there! i'm going to put up the finale on saturday, april 21st, at some point during the day. thanks for reading! here's part 7, if you're just diving into this now.* http://www.reddit.com/r/libraryofshadows/comments/s4dlp/99_brief_scenes_from_the_end_of_the_world_part_7/ 50. outside of the church, the air was hot and acrid with the smell of house fires. up and down the tiny town's main street, about a quarter of the houses and establishments were burning to cinders. the frazzled survivors burst out from the double-doors of the church with their guns drawn and ready, but there was no sign of life in sight, infected or otherwise. they spread out in a cautious fan, scanning the hazy street with trepidation. there *were*, however, a few corpses in the street. people they had known, who had died badly. every man looked at them briefly, looked away, and didn't look again. they were in a pitiful state, these shattered remains. it was an indignity to see them in this condition, these mutilated ragdolls that had once been their neighbors. father alvera cleared his throat and called back to the open door of the church, ""okay ... seems all right out here. well, not *all right*, but ..."" he stopped talking. vera came out trepidatiously with the mystery girl and orin in tow. the girl would walk, but only if taken by the arm and led. she was as pliable as a living mannequin. they joined the men, and they all stood in a tight circle on the street in front of the church. ""where do we go now? my house is on fire, for christ's sake,"" vera said, her voice cracking sorrowfully. tom squeezed her to him. their son orin, fourteen and gangly, looked near tears. his acne stood out bright red in the sun. ""you can all come out to my ranch ..."" lopez trailed off for a moment, ""if it, uh, if it didn't burn down or anything. i got plenty of room, joey and angel are both grown up and gone. i got a well, fireplace, hey, not a bad place to camp out, really."" he looked genuinely sorrowful for the family, and vera smiled at him gratefully, trying not to cry. ""if we hadn't of come into town to get some fence posts, we'd still be out there now, not knowing about any of this shit,"" grumbled bob, lopez's top man on the ranch. he shifted his red trucker hat around to itch his sweaty head. ""no offense to y'all, but i'd *way* rather be working out there in this hot sun than be standing here on this street, breathing that nasty smoke, with my feet and pant legs soaked in goddamn human slush."" ""that's great, buddy, because we've all really enjoyed our time spent with you, too,"" austin observed. fat bob's face turned red. ""none of this shit was our problem! now look at the mess the boss here is in. he *killed* three men down there. my ears are still ringing from it. you don't think there's gonna be a big ole po-lice inquiry on that?"" bob shook his head. ""one of the dead men was this shitty little pissant town's sheriff, for christ's sake. not to goddamn mention all the *other* messed-up shit. jesus *christ.* we seen a whole goddamn town get churned up into a slurpee by the power of some little girl's *mind.""* ""hey, guys, i'm right here, you know? could you stop profaning his name constantly?"" the priest pleaded. ""don't be so stupid, bob, eh? you're talking dumb right now. what makes you think tranquiladad is the only place where this crazy thing has happened?"" lopez shook his head. ""no, my friend, things are messed up all over. look over there for a second."" he pointed northwest, at the sky. two miles distant, multiple towers of dark smoke were billowing high into the air, where strong wind gusts tore at their summits and dragged the residue eastward. ""that's el cenizo over there, isn't it?"" tom asked. his tone was quiet with frightened awe. ""there's over three thousand people in el cenizo, you think about *that* for a second,"" the burly little mexican rancher said somberly. ""huh. that's tragic. i need some beer,"" someone said. it was the last man in the group, taciturn and bitter-looking. he was a local man, unemployed, usually. he wore a pair of filthy jeans and a sweat-pasted undershirt. he smelled of stale body odor and old spirits. ""wondered when you'd finally say something, man. kept forgetting that you were here,"" austin said wryly. ""everyone else keeps jabbering. don't need to talk,"" he replied. ""i've been nursing the shakes all this time. worst fuckin' hangover on record, truth be told. bad day for it."" his voice was gravelly and toneless. ""hmph. nice to meet you, smelly little stranger. anyway,"" austin continued, ""i really don't care what any of you tex-mex folks do, 'cuz i'm getting into my ride and i'm heading for the rez. i have no idea why y'all would think that we need to stick together anyway - like some sort of fucked-up brady bunch with the girl from *carrie* in tow ... like *hell.* ha. stick around with this?"" he motioned broadly at the group and the smoky, intermittently blazing street. ""after all *that?*"" he pointed at the church. ""ha. fuck *that,""* austin declared. he walked away, towards a dirty, faded-red '87 camaro. dust was sticking to the drying crust of human body tissue on his jeans and boots, and he shook his pant legs as he unlocked the driver-side door. ""aw, come on, you just gonna walk away like that, *hombre?* eh? there's strength in numbers, you know,"" lopez called out to him. ""you want to adopt me? that *is* really sweet of you, but it's a tough job, to feed and care for me. i eat hookers and whiskey for breakfast, and i fight a lot. i don't think you're ready for that kind of commitment."" he climbed in and slammed the heavy door shut. ""hey, why'd you lock the door, anyway? afraid the white man is gonna steal your shitty car, too?"" bob shouted, standing belligerently. lopez shook his head and whacked his foreman across the meaty shoulder with a backhand. ""no,"" austin yelled back, head out the window. ""i've got a one-pound brick of weed in here! also, you're fat!"" he turned the key and the camaro fired up with a sad wheeze. it stalled out immediately after, and he cursed. ""well, i'm going to mill's general store over there and hopefully i can git me some beer. i'm glad to hell that the good lord saw fit to not burn it down - can i get an amen, father alvera?"" the drunk grated. ""you can all go ahead and jaw away at each other and do whatever. talking and planning are useless now. this is the end of the world, you stupid bastards - there *is* no plan for that. take care, now."" the local man strolled the other way, intending to drown the morning's events in beer. he took twelve steps and crack, a gruesome hole was punched into his narrow chest and spattered out his back. the shot rocked him in his steps and he fell onto his ass, gurgling for breath. *""down!""* tom shouted, and everyone hit the pavement, vera protectively pulling the girl down with her and shielding her. two more shots cracked out from somewhere in the cover of smoke and confusion, and austin's windshield developed two brand-new holes, surrounded by spider webs of fine cracks. ""son of a *bitch,* can't i just fucking leave already?!""* he screamed, ducking his long frame beneath the dashboard. ""some crazy *culero* is sniping at us! get behind this!"" lopez gestured, and ran, low and fast, over to a pick-up parked on the other side of the street. it was the dead cowboy's dented chevy. the rest followed suit, fat bob grunting with the exertion. another echoing blast rang out, and tiny cement chips from the road peppered tom's leg with a number of fine cuts. he cried out. the ricochet whined off the street, an inch from his face. another round snapped out and lodged into the camaro's radiator with a *ping!* *""fuck!""* austin yelled. ""someone sick fuckin' carrie over there on this asshole!"" ""believe me, i would if i knew how! we don't even know where the shots are coming from!"" the priest yelled back across the street. the pick-up that the ever-shrinking group were hiding behind was struck three times in rapid succession, shattering the side windows and flattening the left rear tire with a *pop.* ""i saw a muzzle flash!"" austin cried over at them. ""fucker's over there, two o'clock from that dead asshole's truck you're hiding behind! i think he's on the upper floor of that red brick place!"" *""yo soy el rey del rock and roll!""*, a cracked, withered voice cried out, and another bullet hole appeared in austin's windshield. ""what?"" tom asked the others. ""i can't speak spanish hardly at all."" ""he said he's the king of rock and roll,"" father alvera answered. his tone said, *what the hell?* *""guess you didn't know this, you fucking crazy border-jumping fuck, but elvis played the guitar, not the hunting rifle!""* austin lifted himself slightly and tried to open the passenger-side door. a bullet *pinged* into the camaro's hood, forcing him to dive down again, and one last hit to the windshield made it crash into the interior in twinkling shards and fragments. *""ow!* you cut my ear! what the fuck is your problem, anyway?!"" he bawled out, enraged. a cackle floated back through the hazy air in response. ""austin!"" tom called to him, urgently. ""kinda busy getting shot at, white man!"" he replied. he shrieked up at the shooter, *""hey, this is great but we've all got places to be, y'know? let's say you stop that shit, and let us folks mosey on our way out of your quaint little town?""* the side mirror on the driver's side exploded into fragments. as the sound of the shot volleyed off into the desert, the mad sniper squawked out, *""oye, hay tiempo ... tiempo de rock!""* ""keep egging him on,"" tom instructed him. ""i think the angle he's shooting from is preventing him from hitting you. the engine block is in the way, you're safe where you are -"" ""safe?!"" ""keep goading him, and we'll try to pick him off when we pinpoint what window he's in. keep him shooting your way."" ""yeah,"" bob added, ""you're real good at making people wanna shoot ya, just the man for the job."" ""hey, eat a bag of dicks,"" he sniped back. ""and, tom? this is a totally shitty plan, you know that, ri-"" a bullet struck the exposed front tire of the chevy and ricocheted with a whine. the tire popped with a gush of compressed air. ""just do it, you big idiot! he's gonna hit someone soon!"" lopez snapped. ""hey, you fuckin' *maricon!*"" austin hollered. ""how about we take a taco break, huh? talk this over?"" *ping!* off the hood, then a *tink* as another round busted the camaro's headlight. peering around the front of the truck and watching intently, tom saw two quick flashes from the dim square of a third story window. a third *ping* and another of those ricochet whines rang out, dangerously close to him. tom scrambled back like an awkward crab on his palms and ass, and breathlessly told the others, ""red brick building, left-most top window."" ""i got this,"" lopez said. ""keep yelling, big-mouth!"" he snuck up to the front of the chevy and peered out, training his old nickle-plated colt at the window. ""the boss is a great shot,"" fat bob whispered. ""seriously,"" austin continued from his uncomfortable spot on the floor of the camaro, ""what motivates you to do this, you shitty fucking cactus-jockey? this is pretty fucked up by any standards."" *crack!* the other headlight shattered. they could all hear the infected man laugh like a crow's caw, and he began to make guitar noises. it was *iron man* - *da, da, duh da da, neer-na-neer-na-neer-na da, duh da da!* ""this is *bullshit!* how's this - how about we get high? i got a big ole brick of some half-decent shit from your people last night! let's roll one and just agree to disagree, what do you s-"" *crack!* a hole was punched into the driver's side headrest. stuffing puffed into the air. ""there you are, *bastardo*,"" lopez muttered softly. he exhaled, slow and even, and squeezed the trigger. the dry, snapping volley of the shot cracked out, and a figure slumped out of the open window, dropping a rifle from lax hands. it clattered down onto the sidewalk below. the figure slithered bonelessly out of the window and dropped to smack hard into the sidewalk, squarely on top of the firearm. it went off, and the body jerked. austin clambered out of the car, swearing at the damage it had sustained. he looked at the pavement under the engine, and swore even harder. ""oil's dripping like a bitch under here! *fuck!* i'm gonna go kick that shit-ass right in his dead *balls!*"" his long sheet of black hair flapping behind him, the rangy young native jogged over to the crumpled corpse and did just that. then he strode back and stood before the blank-eyed girl, who was encircled in vera's arms. ""way to not fuck that guy over for us, you creepy little vegetable,"" he reproached. he was frustrated and angry. how the fuck was he supposed to get out of here now? austin snapped his fingers in front of her eyes, which didn't blink. ""hey? you in there? shit, maybe it was a one-time deal. i was hoping she'd fight all of our battles for us, but-"" ""stop it,"" vera chided sharply. ""don't antagonize."" ""what? i'm just trying to get a response. how about this, then?"" he asked, and he tapped the girl rather hard on the nose with his fingertip. instantly, his feet were jerked out from underneath him by invisible hands, and he landed hard on his backside. *""shit! shit shit shit!* dammit! bruised my *tailbone!* does that ever fucking hurt!"" a moment of startled silence hung in the air, then they all laughed, even father alvera. it felt good to laugh, even if it was in an inappropriate place, at an inappropriate time. it felt *clean.* scowling, austin painfully got up. he rubbed his wrangler-clad ass. ""okay. i deserved that, now shut up,"" he said grudgingly. ""ha ha, he hurt his bum, stop it already. let's go to lopez's ranch and see if we can get chased and shot at there, too."" he started to walk across the street, and bob said, ""whatcha doin, walkin' it off?"" ""i'm gonna do what our dead little buddy was going to do, i'm gonna grab some beers and a bottle or two. best idea i've heard so far."" ""we're glad you changed your mind, *hombre!*"" lopez called after him. without turning, he replied, ""hey, i always wanted a sharp-shooting mexican step-dad. dreams *do* come true."" 51. the holstrom farm was now officially locked down. the sturdy swinging gate which stood across the long gravel drive to their property was locked with a chain and padlock. three-foot loops of razor wire ran across the top of the gate and extended across the front of the sloping pasture, clear to the wooded gully which bordered the left side of the property. the entire length of the drive had been cordoned with razor wire and barbed wire on the right side, straight back all the way past the house, barnyard and the field behind into the woods at the back of the property; there was another gate here, and it too had been swung shut and locked. at both gates, a large sign had been painted in black letters: trespassers will be shot. daryl and evan were just about finished planting anti-personnel mines in zig-zagged intervals of five feet, at various locations around the perimeter formed by the gully and woods - wherever daryl deemed there to be a break in the undergrowth that might be easier to push through to get onto the property (anne was busy doing the same along the front of the property, behind the line of razor wire). they were pressure-triggered mines, the pressure plates designed to go off when a weight of over thirty-five pounds stepped onto them. wherever these mines were buried, a sign was nailed to a tree facing outwards from the property, that read danger mines do not enter. ""hopefully,"" daryl said, pushing earth and fauna onto the mine he'd just buried, ""we don't have to end up tracking down and shooting anything but the occasional deer, or maybe a wolf - they're making a come-back around these parts, and they'll be getting more numerous without hunters thinning them out in the late fall. they have the potential to really become a problem in our neck of the woods."" the mid afternoon was still and hot and quiet. flies were circling and biting. sweat dripped from daryl's brow, and his greying ponytail was a mess of loose, damp strands of hair. ""don't these things, like, blow shit to a zillion pieces?"" evan asked. he stood up and stretched his sore back. on the horizon in every direction there were clumps of low-lying, black and grey cloud cover. these were not actually clouds, but the smoke cover of towns burning to the ground. it served as a constant and ominous reminder of the situation at hand. ""these mines won't,"" daryl explained. ""these little guys are m14 mines, and they don't pack as much of a punch. they'll take a leg, rip up the underbelly. they're crippling, but not usually immediately lethal."" evan grimaced. ""that's gnarly,"" he proclaimed, in distaste. ""why would we use these?"" ""because, as of today, it's a gnarly old world out there, evan."" 52. *""keys,""* kosh gasped, pointing at the straggling line of abandoned vehicles they were running past. ""look for keys in the ignition."" the fleeing men had been almost a hundred yards ahead of the horde at the start of the chase; ten minutes later, this distance had been cut in half. buono and kosh were both young men in great physical condition, but neither was really a long-distance sprinter, and it had been a long day for both of them. they were both starting to gas out into a slower run. the maniacs behind them were tireless. the front of their ranks were pulling ahead of the rest, spurred on by their closer proximity to the cammo-clad men fleeing before of them. they were screaming in a massive din, wild for blood. ""no, man, if the goddamn thing doesn't start up we'll be fucked,"" buono panted back. ""they're running us down! we're fucked either way!"" ""hey-hey-hey, look ahead, twelve o'clock! is that -"" from the southeast, a speck in the sky was rapidly resolving itself into a helicopter of some kind. buono's heart leapt into his mouth. ""i think it's a blackhawk!"" he cried out, breathless, ""flag that motherfucker!"" it was, indeed, a blackhawk uh-60m, modified for combat. the crew was assigned to locate and decimate larger groups of the infected, who were starting to link up to form hordes and mega-hordes that sometimes numbered in the thousands. the bird ripped overhead at a low altitude and the big door guns began to thunder. the heavy-caliber shells ripped a line through the middle of the horde, completely spattering whole bodies into chunks and sprays. the chopper strafed the surging length of the horde behind them several times, then darted to make a large loop around front of them. *""take cover!""* kosh yelled, and tackled buono sideways, behind a rolled-over ambulance. the chopper hovered for a moment, then burst forward and fired one of its hellfire missiles directly in front of the horde's charge. the missile streaked down and struck a clump of vehicles with a concussive roar, ka-*blam,* and the explosion ripped up and outward in a deadly ring of debris and fire. the oncoming crush of lunatics were obliterated to within fifteen yards of the blast, and the concussion of the explosion slammed a crippling hailstorm of metal chunks and detritus into those behind them. the blackhawk about-faced and *whirred* over to hover nearby the ambulance, the down-draft blowing grit in an eye-stinging curtain. a ladder unrolled from the open door and fell to the ground. ""go, come on!"" kosh yelled back over his shoulder, already pounding towards the dangling ladder. buono fell in behind him. in the background, the horde had already begun to trickle around the edges of the blasted area. the first of their ranks were burned and shredded badly, shambling half-dead on their feet or crawling with stumps. the infected who'd missed being shelled or exploded pushed past and over their slower brethren impatiently. kosh leaped onto the rope ladder and scrambled for the top. buono looked back before ascending, compelled by morbid curiosity; he saw that, despite the attack from the armed chopper, the horde didn't appear to be any smaller in size, nor did they appear to be any less determined in their momentum. his heart quailed. there was no defeating an enemy like this. they feared nothing, cared for nothing, wanted nothing except to murder and destroy. it wasn't possible to strike terror in their ranks or lower their morale - you could kill them all down to the last of them, and he would *still* come at an entire battalion of armed men, his teeth bared. they knew no surrender, had no care for self-preservation ... how could man, with all of his petty divisions and pathetic foibles, stand against such a single-minded force? his heart and body leaden, buono mechanically climbed up the ladder. he knew that the chances were excellent that he and kosh were in some deep shit up *there*, as well - they were currently awol. considering they had gone awol in a time of civil unrest, during a mission, this was a definite frying-pan-to-fire situation. *fuck. i hate this shit.* 53. hank's head was aching badly, and he had a painful new knot just behind his right ear, but his vision wasn't blurred and he wasn't vomiting. he declared himself, by necessity, fit to travel. steeling herself, marlene pulled the dead man out of his pontiac, and loaded the contents of one saddlebag into the trunk. she couldn't lift the fat boy to get at the other one. moving quickly, she jogged back into the trailer and rounded up a few other items that were potentially useful. back outside, marlene found a sturdy, four-foot stick for hank to lean on, and walked him to the bonneville's front passenger side. jimmy circled and whined low in his throat. he stayed close to hank's side. she had a look at his face and pouted for a second on his behalf. ""you've had a hard day, eh, handsome?"" she asked gently. ""i've seen *way* better,"" he agreed. she shut the door and let jimmy hop into the back, his tail wagging in anticipation of a car ride. there was dried blood on the tan-colored upholstery of the driver's seat and crusty spots of the stuff on the windshield and wheel. marlene wrinkled her pert little nose at this, but climbed in anyway. ""well, where are we going to go?"" she asked. he closed his eyes and groaned, ""uhhh ... fuck *me*, my skull ... uh, just keep heading south, away from the city. they were pouring out of the city along with the people running away from them, so that's a no-go. jimmy, don't lick. no."" ""jimmy, *no*"" marlene snapped, frowning back at him. the hairy beast hunkered down against the back seat, looking sorrowful and misunderstood. ""south it is, then. just ... south?"" ""yeah, for now. get rollin', sweetness. here comes another one."" jimmy uttered a deafening volley of barking and growling through the rear window, at a pants-less man who was running towards the car with blood-stained genitals. ""oh, *this* guy? i'm gonna hit him,"" she announced, and popped the bonneville into reverse. it impacted the cackling monster at shin-height and made him slam his face off of the rear window. jimmy went sliding,and hank whapped his poor, aching head off of the side window. marlene stomped the brakes and swung the wheel around hard, flinging the infected thing from the car and then broadsiding it, *whack.* she dropped the transmission into drive and rolled over his head with a sick, rolling bump. ""wow, you didn't really have to go all vehicular homicide on the-"" ""yeah, i *did*,"" she barked back at him, then laughed unsteadily. ""that was my ex-husband's poker-and-hooker buddy. always used to stare at my tits and ass, and make comments about me being a dumb trophy-wife. *fuck* that guy."" ""jesus, your something else,"" he said, eyes widening. ""i never would have thought you were such a bad-ass ... jimmy, *no*, don't lick."" ""yeah, well, this dumb little piece of ass trophy-wife just beat two people to death with a chunk of iron i grabbed off a pile of junk behind the trailer. goddamn *right* i'm a bad-ass. jimmy, *no*, don't *lick.*"" 54. it was a sight that somehow transcended the horror of what it was and became, instead, a thing of beauty; weightless corpses floating in the sunlight that filtered, muted and harmless, through the special glass of the portal. mutilated, eyeless, throats torn, fingers missing, faces bashed in to look like rotting jack'o-lanterns, the astronauts and cosmonauts floated in a dead ballet around the station. they corkscrewed lazily, sometimes bumping off one another and spiraling away in a new pattern and rhythm. most breathtaking were the spheres of blood of all different sizes, perfectly round, that floated in the air amongst the bodies. they were like ornaments for a dark, crimson christmas. 55. hiroshi masahiro awoke in the night sweating. he had been dreaming of his wife and family, coming for him with wild eyes and gaping mouths. the professor sat up in his cot and held his head in his hands. this project was evil. it was evil in its process, and planned for evil in its outcome. the men who commanded the project were evil, as well. he thought of oshiro and the other generals, laughing as mentally disturbed men ripped and bludgeoned each other on the screen. of dr. koga, a frog-like man with no mercy in his eyes, none at all. only rapacious curiosity. as with all that is evil, it would end badly. masahiro knew this in his heart. he wondered what had become of his wife, if she was really in a safe place as he had been told, or if she was dead. he wondered if he would live through this ordeal. 56. oshiro, too, was awake. he was performing a *kata* in his quarters, the bed pushed aside to make room for this exercise. the graceful, swirling movements and precise actions of *tensho* soothed his prickling mind. he was unsettled. this thing was dangerous, and it troubled oshiro that no effort was being made yet to ascertain the identity of the enemy who had sent this plague onto their planet. he thought it to be short-sighted that his superiors didn't see that it could have just as easily been the eastern hemisphere that fell beneath the ruthless blade of this transmission. this enemy was clearly devious and without mercy. finished, he bowed out and went immediately into *saifa*, his mind now more clear and receptive to the flow of techniques. the lieutenant general practiced daily. in his youth, he'd been a champion of local renown, a calculating and fierce fighter. now, karate tempered his spirit as well as his body. it cleared his mind and kept him prepared for any challenge that he might face. *this thing could easily get out of control.* if it did, he had his orders. he would carry them out without conscience. morality was a weight that dragged one down. oshiro did not carry this weight. 57. hank dozed a bit, but awoke to marlene slowing the car to a halt. he looked blearily out the windshield and saw that they'd pulled onto the shoulder behind a jeep with two flats. a tall, shaven-headed man in light-colored pants and a loose-fitting shirt stood with an attractive, hippie-looking girl and two kids, one a baby girl in her arms, the other a boy around ten or eleven, tall like his dad. the man approached the pontiac with arms raised, palms showing. in the back seat, jimmy gave a gruff growl in warning. ""thank you so much for stopping. most wouldn't, right about now. i hope you weren't intending on hurting us?"" ""we aren't the hurting type, unless we have to,"" hank said. his poor head. ouch. ""you folks need a hand, i guess?"" the shaven-headed man smiled genuinely and said, ""honey? it's okay, i think."" hank finally noticed that, partially shielded by the baby cradled in her arm, the long-haired girl in the long sundress was holding a gun on them. ""look, we're good people. we were on our way to a good, safe place when the tires blew. glass or something popped 'em. if you people are good at heart too, and got nowhere else to go, you can stay with us when we get there. we'd be grateful, and that would be no problem. but ..."" the man hesitated, then said, ""but we pretty much insist you take us there. we're armed, and we'll take the car if we have to."" he pulled a long-barreled pistol out from a holster hidden by his shirt, showed it to them with a look of determined regret. ""we're sorry,"" the girl added. she looked unhappy, but hank and marlene could see that she would do whatever she had to, in order to save her children. they could see it in the way she tightened her lips together and pushed the gun out further. ""hey, you know what? me and the little lady here have no particular plans. we've got lots of trunk room for your stuff, though it'll be squished in here with everyone inside. we going far?"" ""maybe half an hour,"" the woman answered. ""i""m mary, and this is john. the boy's named ken, and this is little julie."" ""nice to meet you all,"" marlene answered. ""where exactly are we heading?"" ""about half an hour southwest of here,"" mary said, grateful. ""it's an organic farm run by my parents. it's called holstrom farm."" ""ah, the farm life,"" hank said. ""grab your stuff."" a few minutes later, the new group of survivors were headed down the road. 58. the secret service operatives looked at the mess on the floor with no expression. they rolled the body into a curtain and carried it away. another stayed to spot and scrub the blood out of the carpet. hornig carved his block of wood and waited. it was a sailing ship, this time. it wouldn't get finished. there wasn't near enough time left. ""agent barry, do you believe in god?"" he asked the man cleaning the carpet. ""i don't know, sir. i guess."" ""i'll tell you what, barry. i've gone to church most of my life. i've read the bible. and i believe that there *is* a god, agent barry. a wrathful god. he's pissed, so to speak. i believe this has all been ordained. this is the end times."" ""i guess,"" barry replied, colorlessly. hornig put the block of wood down, and the knife he'd just recently planted into his long-time friend and colleague's throat. ""god hates sin, and sinners, but he made us in his image. so he must be a sinner, yes? that means he's self-loathing, and nothing is as dangerous as a man who hates himself. because if he hates himself, how could he possibly give a shit about *you*?"" ""good point, sir,"" barry said. he began to blot the wet spot with a thick white towel. ""thank you, barry, that's fine. it won't matter anyway, soon. you can go."" ""yes, sir,"" the agent replied in a monotone. he left. ""yessir, god hates us all, each and every one,"" hornig mused to himself. he picked up the block again, studied it intently. he could see the sail, now. hopefully he could have time to bring it to life. in five hours, he was going to tell the coalition to kiss their asses goodbye, because their collective goose was getting *cooked.* *to be continued*",1
330321,"kestrel's champion height and weight list, 11/2019 edition it's been a while, but by request... here's an update! now with metric conversions!!!! thanks to cella and fabian (lordredstone) for help finishing the conversions when i got burnt out after a couple hours. obvious disclaimer that these are big whopping guesses unless it's stated that they are confirmed somewhere. updated since i posted: - ornn, trundle, malphite, anivia, twitch, and pyke bigger - willump smaller - garen, lux, and j4 taller - qiyana, kayn, and ezreal heavier #**champion height and weight list** aatrox - according to hyper10sion he's 22'3 / 6.78m - at least while in world ender. this matches up with concept art. weight guess would be in the range of two tons/1800kg, but this is a big ?. ahri 5'5 / 167.6cm (+ 5”/13cm of ears), 145 lbs / 66kg - tail weight debatable but it's included in the weight measurement. height is from her k/da bio; she’s actually just under 5’6. akali 5'3 / 160cm or 5'4 / 163cm, 110 lbs / 50kg - height is from her k/da bio. the measurements conflict. alistar 10'5 / 3.175m (+ 18”/45cm horns), 1500 lbs / 680kg - ""bulls can weigh in at anywhere from 1700-2000 lbs (770-900kg) so putting alistar in the 1500lbs/680kg range feels like underestimating. but, since he stands on two beefy (heh) legs and is agile enough to do what he does, i'd imagine he's not quite as heavy as a normal bull. he is still enormous though; in promo art he's clearly the size of 3 other champions from shoulder to shoulder."" -lubu amumu 3'7 / 109cm, 35 lbs / 16kg - ordinary human child size, dropped by 15 pounds/6.8kg due to mummification. shorter if he's a yordle, which he probably is, so i might drop this measurement by 6 to 12 inches (15-30cm) pending confirmation. anivia - her wingspan is about 450 feet/137.16 meters. that should tell you everything. she's ginormous. annie 4'2 / 127cm, 58 lbs / 26.3kg - average 8yo girl height/weight aphelios 6'0 / 183cm, 130 lbs / 59kg - skinny, gangly, supernaturally-powered... teenager? probably a teenager. ashe 5'9 / 175cm, 145 lbs / 66kg - from lubu: ""i used liv tyler as a basis for ashe's body type as a fit archer.” aurelion sol - hundreds of light years. spaaaaaaaace. azir 8'5 / 2.56m, 400 lbs / 181kg - total guesstimate. he is noticeably taller than his sand soldiers, who are presumably normal-people-size. bard - is infinite. well, his earthly manifestation is probably slightly larger and much fatter than the average human. but he's infinite. blitzcrank 9' / 2.74m, 950 lbs / 431kg - using boom boom blitz's art as a basis: ring ropes are usually around 4'4 tall. obviously he's a lot bigger than that, so lubu doubled that measurement and added a little bit for his head. depending on the alloy and his internal workings, his weight could actually be way higher. or lower. hextech stuff may not weigh very much. brand 5'10 / 178cm, 160 lbs / 72.6kg - based on average viking height and weight, since he was originally a marauder. braum 7'5 / 2.26m, 610 lbs / 276.7kg - his height was released by a rioter at some point. weight was based on andre the giant and then modified for braum's proportions. caitlyn 5'7 / 170cm (+ ~6” / 15cm of hat, + boots), 125 lbs / 56.7kg - caitlyn's a sheriff, which means she has to be fit enough to throw a person to the ground. she seems taller than this but that's probably due to her boots and hat. camille 6'10 / 2.08m ??? - tall and thicc (she towers over her soldiers and baron volkage), but the weight of hextech is not quite clear. and she's… largely hextech at this point. cassiopeia 13' / 3.96m long, 380 lbs / 172.3kg - lubu tacked on half a woman to half an anaconda, then fudged the numbers until they looked reasonable. cho'gath 72' / 22m at zero stacks, and add about 12 feet / 3.65m for each stack - weight is ????, probably running into the thousands of tons (that's a lot of fucking kilograms). cho has to be large enough to eat another champion. even zero-stack cho. corki 2'10 / 86.3cm, 40 lbs / 18.1kg - ready to fly!! darius 6'5 / 195.6cm, 266 lbs / 120.7kg - thank you to eskimo503 for the dunkmaster darius info! he's wearing about 100 pounds of armor. the axe was recreated irl and weighed over 100 pounds, which seems kinda ridiculous. i'm assuming it's both thinner (it's chunky due to modeling limitations in-game; a thin blade looks like crap) and made of lighter metal in actuality, though, because nobody could swing that. diana 5'10 / 178cm, 150 lbs / 68kg - she's thin, but strong. height is ironstylus-supported. dr. mundo 8'8 / 2.64m, 1100 lbs / 500kg - dr mundo is enormous, seeming to be at least twice as tall as other champions in promo art and more than likely several times heavier. lubu used the incredible hulk as a general basis for his weight, though hulk's weight has changed drastically through the years. draven 6'1 / 185.4cm (+ 2-3”/5-7.6cm of hair), 220 lbs / 100kg - clearly similar to his brother but leaner and notably shorter. still a hunk. do not mess with him. ekko 5'9 / 175.3cm (+ 4”/10cm mohawk), 130 lbs / 59kg - ezreal proportions, but scrappier. he might be shorter than this. elise 6'1 / 185.4cm, 200 lbs/90.7kg in human form (massive extra legs add quite a bit), 4'/122cm tall, 8'/2.44m long, 570 lbs/258.5kg in spider form - lyrith sorted out her spider weight. evelynn 5'4 / 164cm, 125 lbs / 56.7kg - this height is corroborated by the k/da website but remember that eve also shapeshifts into whatever her target desires most, so this of course may vary a lot. ezreal 5'8 / 172.7cm, 115 lbs / 52.16kg - he's a twink. measurements based off my little brother, then added a little weight cause people were scared. everyone's different - some people with these proportions wind up in the hospital, others (like my bro) are happy, healthy, and will probably gain some weight later. fiddlesticks 6'0 / 183cm, ~25 lbs / 11.3kg - he's about four crows tall, and crows are ~18-24 inches/46-61cm long. and uh, he's a scarecrow? fiora 5'11 / 180.3cm, 160 lbs / 72.6kg - height from ironstylus, weight based off a female rower of that height. fiora might be a little lighter than this, as a duelist who mainly relies on precision more than strength, but she could also be pretty ripped. fizz 3' / 91.4cm, 35 lbs / 15.9kg - lubu looked up stitch's height and weight (from lilo and stitch), and applied that to fizz. it's in line with other yordles' sizes, and fizz also does not have fur which takes some weight off. galio 160' / 48.8m, 4100 tons / a few million kg - 104' / 31.7m without wings. he's freakin' huuuge! thanks hyper10sion. gangplank 6'0 / 183cm, 250 lbs / 113.4kg - bankplank. might be a bit shorter; he's getting on in years. garen 6'5 / 195.6cm, 220lbs / 100kg - armor adds potentially an extra 100+ lbs/45+ kg. his sword is exaggerated in-game and is shown as being smaller and thinner in the comic; it'd end up weighing 10-15 lbs/4.5-6.8kg if we go off the large end of real two-handers. gnar 2'5 / 73.7cm, 25 lbs / 11.3kg (mini gnar); 28' / 8.53m, 3 tons / 2720kg (mega gnar) - mini gnar is slightly smaller than your average yordle. mega gnar is a tough gamble, but if he's based off of rampage and the helicopter in dino gnar's recall animation is just scaled for the map, then that size makes sense. gragas 7'2 / 2.18m, 735 lbs / 333.4kg - he's an enormous man from the hills where everyone is enormous af. graves 5'9 / 175cm, 175 lbs / 79.4kg - graves is a bit older. dad bod. hecarim 9'/2.74m tall, 10'/3m long, n/a - adjusted to the size of a warhorse + half a big human, and also to match his size in the shadow isles cinematic. heimerdinger 3'2 / 96.5cm (+ at least 5”/12.7cm of afro), 30 lbs / 13.6kg - afro power. much taller than ziggs. illaoi 6'5 / 195.6cm, 275 lbs / 124.7kg - huge badass wrestler lady. based off shot putter valerie adams. irelia 5'8 / 172.7cm, 140 lbs / 63.5kg - based on awaken cinematic, she is around the same height as karma. ivern 10'0 / 3m, 400 lbs / 181.4kg - tree man, tree man, does whatever a tree can. based off his promo art, he's pretty huge but not quite tree-size. janna - she's a spirit, no concrete size or weight. jarvan iv 6'3 / 190.5cm, 190 lbs / 86.2kg - as shown in lux's comic, jarvan is actually a little shorter than garen, and less of a beefcake. jax 6'2 / 188cm, 260 lbs / 118kg - saijax is a beefy dude. you do not want to be hit by him. jayce 6'0 / 183cm, 185 lbs / 83.9kg (including armor) - science dad powers activate. lubu imagined reed richards in armor. jhin 6'4 / 193cm, 160 lbs / 72.6kg - jhin's kind of a string bean. his arm is not mechanical, only plated to avoid recoil (splash artist took liberties), so it doesn't add a lot of extra weight. jinx 5'3 / 160cm, 98 lbs / 44.5kg - not much bigger than me, tbh. kai'sa 5'6 / 167.6cm, 140 lbs / 63.5kg - height is from k/da site; she's just under 5'7. suit is pretty skin tight, but includes gauntlets and stuff, so probably makes up a good 10 lbs / 4.5kg of the weight measurement. jetpacks float, but they're chunky - extra 15 lbs / 6.8kg each? kalista 5'10 / 178cm, n/a - spirit stuff. karma 5'8 / 172.7cm, 135 lbs / 61.2kg - based on the awaken cinematic, she is about the same height as irelia. karma's got less muscle. karthus 5'3 / 160cm, 75 lbs / 34kg - bones bones bones. short because he was malnourished in life. the height is from old riot info and should still hold true according to a more recent support ticket. kassadin 5'9 / 175cm, 160 lbs / 72.6kg - look at the chest on him, dude is ripped. probably not that tall, he's just floaty like karthus. katarina 5'5 / 165.1cm, 115 lbs / 52.2kg - spin2win dagger style kayle 5'6 / 167.6cm, 8'/2.4m wingspan, 150 lbs / 68kg - six bird wings. if a condor weighs about 25 lbs / 11.3kg with a 10'/3m wingspan, i think i can guesstimate a base kayle weight of 120 lbs / 54.4kg and a wing weight of 30 lbs/13.6kg. that's 10 lbs/4.5kg per pair of wings, which given that they've probably got less bone and more surface area than a condor's, seems reasonable. kayn 6'0 / 182.9cm, 145 lbs / 65.8kg - he’s notably taller than zed in the comic, though it may just be his hair. in lubu's words, anime booooy with his shirt offffff kennen 2'7 / 78.7cm, 30 lbs / 13.6kg - pi-ka-chuuuu kha'zix 8' / 2.43m stretched, 6'4 / 193cm crouched, 250 lbs / 113.4kg - dude's got an exoskeleton. kindred - they're death. technically speaking they are infinite. based on their splash - comparing them to the body of the woman beneath their feet - lamb is ~4' / 122cm tall and wolf's something like 6' / 183cm long, but that’s probably just the form in which they appear to humans. kled 3'0 / 91.4cm, 40 lbs / 18.1kg (of ass-kicking) - skaarl is probably the size of a komodo dragon or other large monitor lizard, then. kog'maw 6'8 / 2.03m at shoulder, ~8’ / 243.8cm long, 1000 lbs / 453.6kg - i've heard he's the size of a bear, rather than the size of a big dog. so i'll use polar bear measurements. leblanc 5'5 / 165.1cm, 120 lbs / 54.4kg - but it could all be an illusion. lee sin 5'6 / 167.6cm, 155 lbs / 68kg - bruce lee but with a little more bulk. leona 6'1 / 185.4cm, 195 lbs / 88.5kg - ""leona is tall and muscular and matronly. she's a beast and if you've never known a woman in the 6'1/185cm range, you can ask them about their weight at your own risk."" -lubu. ironstylus corroborated this guess. lissandra 6'4 / 193cm, ?? - the weight is impossible to guess with this one because at what point does the person end and ice begin? lucian 6'0 / 183cm, 165 lbs / 74.8kg - lubu used sprinter michael johnson as a model for lucian's general build. lulu 2'6 / 76.2cm (+ 7”/17.8cm of hat), 35 lbs / 15.9kg - yurdles lux 5'10 / 177.8cm, 140 lbs / 63.5kg - garen is taller than sylas. i estimated (and fucked up, whoops!) a seven-inch difference between garen and lux. lux is tall as *fuck,* y'all. malphite - according to resident height estimator hyper10sion, he's 340' / 103.6m from head spike to toe. his shamrock skin bio puts him at 20 tons / ~18140kg, but considering he’s a literal fucking mountain as of recent lore, he’s probably about to grow a lot. malzahar 5'6 / 167.6cm, 145 lbs / 66kg - floatiness makes it hard to distinguish his actual height or even good ideas about his body dimensions, so here's a guess. maokai 22' / 6.7m tall, 5.5 tons / ~5000kg - big tree. master yi 5'11 / 180.3cm, 160 lbs / 72.6kg - slim guy. miss fortune 5'6 / 167.6cm, 120 lbs / 54.4kg - swiggity swooty. teaser for ggmf says she's 5'5-5'8/165-172cm; we'll have to wait for confirmation on where in that range she actually is. mordekaiser 12' / 3.66m, 2-3 tons / 1800-2700kg - vgu made him even bigger. weight hinted by the ama - weight of twelve-foot-tall bronze statue x2-3. morgana 5'5 / 165.1cm, 8' wingspan, 155 lbs / 68kg - wings and things. she has 6 now, but they only weigh about ten pounds a pair. she's a little more thicc than kayle though, which makes her tip the scales slightly despite being shorter. nami 6'2 / 188cm long, stands at 5'6 / 167.6cm, 200lbs / 90.7kg - dat fishbutt. weight is based on the measurements of a huge sturgeon + half a human. nasus 9' / 2.74m, 500 lbs / 227kg normally; 15' / 4.57m, 2500 lbs / 1134kg at full power - based off his cinematic appearance and pool party renekton's bio, plus the fact that the ascended are huge in where icathia once stood. nautilus 39'3 / 12m, 30 tons / 27000kg - ""the coral congregation is in service."" thanks hyper10sion! neeko 4'9 / 144.8cm, 90 lbs / 40.8kg - in her current sorta-blending-in-with-humans form, she's small, thin, and agile. she's about the same height as zoe, and a bit thinner (roughly the same weight, but a chunk of it’s the tail). nidalee 5'6 / 167.6cm, 120 lbs / 54.4kg (human form); 7' / 2.13m long, 3' / 91.4cm tall, 120 lbs / 54.4kg (cougar form) - nothing to really say here, slim athletic woman size and average cougar size. (funny that the weights are the same!) nocturne - living nightmare, n/a. nunu 4'4 / 132cm, 63 lbs / 28.6kg - 8yo boy with freljord genes. hyper10sion puts willump at the size of a kamchatka brown bear - 9' / 2.74m tall and probably 900 lbs / 408.2kg (bigger than bear size) if you account for him being a big fluffy yeti. olaf 5'11 / 180.3cm, 215 lbs / 97.5kg- larger than average viking stats. orianna 5'8 / 172.7cm, 170 lbs / 77.1kg- could be shorter. hextech could be really light or really heavy, we don't know. ornn is “as tall as three frost pines.” he could be gargantuan, as in a few hundred feet/100m tall, or frost pines could be stunted by the cold climate and he could be 15’/4.6m tall. judging by how he appears to other champions, though (he explicitly says “don't hug me!”), he might be able to change size, so when he appears as a god like in one of his short stories, he's huge, but when he's chilling and fighting and forging stuff he's smaller, perhaps braum-size. hyper10sion puts him at 265' 9"" / 81 meters tall, so closer to the upper end. pantheon 5'9 / 175cm, 205 lbs / 93kg - height from riot, weight estimate from hyper10sion. a beefy and well-oiled greek fighting machine. he's seemingly on the short side for a rakkor, considering that leona is a veritable giantess. poppy 3'2 / 96.5cm, 50 lbs / 22.7kg - in her splash she is pretty tiny compared to those soldiers. but of course she is strong, and presumably stocky under that armor, so she's heavy for a yordle. pyke 6'4 / 193cm, 210 lbs / 95.25kg - canonically a ""big man."" even though he's technically dead, he seems to have lost no mass. qiyana 5’0 / 152.4cm, 107 lbs / 48.5kg - reav3: “she is just a really short human.” based on giants, where she’s shown next to 5’3/160cm akali in the foreground at the end of the video, she’s about my height. thanks, reav3. *eye roll* quinn 5'8 / 172.7cm, 140 lbs / 63.5kg - thanks ironstylus! valor is the size of a golden eagle. rakan 5'9 / 175cm, 120 lbs / 54.4kg - dancer muscles, but still slim. his cloak-wing might add a little weight. weight adjusted way downward, surprised i didn't go with this earlier. rammus 3'0 / 91.4cm, 70 lbs / 31.8kg - ok. based on giant armadillo. rek'sai - according to hyper10sion she's about 30 feet / 9.1m long; i can't guess weights. renekton 9' / 2.74m, 500 lbs / 227kg normally; 15' / 4.57m, 2500 lbs / 1134kg at full power - based off pool party bio plus the fact that the ascended are huge in where icathia once stood. rengar 6'8 / 2.03m, 380 lbs / 172.4kg - wengar's a widdle baby kitty... compared to his tribe. rhaast 9' / 2.74m, 400 lbs / 181.4kg - kayn gets transformed into a big boi, with potential to grow to aatrox size eventually. riven 5'11 / 180.3cm, 160 lbs / 72.6kg - based on awaken, she is nearly as tall as draven! rumble 2'7 / 78.7cm, 35 lbs / 15.9kg - aaaaaaaaaaaaaaaaaaaaaaaa ryze 5'8 / 172.7cm, 165 lbs / 74.8kg - i'll be brutally honest: i started with my dad’s proportions and adjusted for ryze’s six-pack. sejuani 6'0 / 183cm, 185 lbs / 83.9kg - you do not mess with sejuani. as for bristle, some massive boars killed by hunters apparently weigh up to half a ton and are up to 9' long, easily big enough to ride. they might be photoshopped on earth, but they could certainly exist on runeterra so that sounds like bristle to me. senna 5'7 / 170cm, 120 lbs / 54.4kg - lucian appears to be several inches taller than senna, who is slim and athletic. senna is also shown next to 5'3/165cm akali in true damage artwork, and has to crouch down a bit to fit her and (very short) qiyana in the picture, supporting this height guess. shaco - lore limbo shen 5'8 / 172.7cm, 160 lbs / 72.6kg - ""shen is like, the beefiest ninja ever. why would a ninja be a tank?"" -lubu shyvana 5'6 / 167.6cm, 140 lbs / 63.5kg (human form including armor); 18' / 5.5m long, 26' / 7.9m across, 1500 lbs (dragon form) / 680.4kg - dragons are fuckin' huge, man. don't mess with dragons. singed 6'3 / 190.5cm, 140 lbs / 63.5kg - lanky science jerk. unhealthily thin. sion 9' / 2.745m, 1.5 tons / 1360kg - metal weighs a lot and he's also thicc. based on awaken. smaller pre-undeath, of course. sivir 5'8 / 172.7cm, 125 lbs / 56.7kg - greek proportions? idk. skarner 16' / 4.88m from claw to tail, 8' / 2.44m across, 6' / 1.83m tall, 1.25 tons / 1134kg - truck-size? maybe bigger... sona 5'6 / 167.6cm, 120 lbs / 54.4kg - marilyn monroe's size. soraka 6'2 / 188cm, 160 lbs / 72.6kg - the goat legs give her a lot of stature. wee-oo-wee-oo… swain 5'11 / 180.3cm, 195 lbs / 88.5kg - technically he is missing half of one arm so weight goes down a tiny bit. other than that he's fairly slim (little bit of dad bod?) and very dapper. sylas 6'3 / 190.5cm, 200lbs / 90.7kg - thanks hyper10sion, who asked kindlejack about this. the collar and shackles add 80-100 pounds depending on the density of petricite, significantly more than your average suit of metal armor if that helps give any scale. he is shown as being slightly shorter than garen. even with sylas' hunchback, garen is still taller. syndra 5'6 / 167.6cm, 130 lbs / 59kg - more voluptuous than most. tahm kench - seems to change size to accommodate his victims. taliyah 5'9 / 175cm, 140 lbs / 63.5kg - thank you thermal kitten! talon 5'8 / 172.7cm, 165 lbs / 74.8kg - he’s… kinda beefy i guess. taric 6'2 / 188cm, 245 lbs /111.1kg - of pure outrageous masculinity. teemo 2'8 / 81.3cm, 35 lbs / 15.9kg - delete teemo thresh - 8' / 2.44m, n/a - based on cinematic appearances. tristana 2'8 / 81.3 cm, 35 lbs / 15.9kg - yordle things. trundle 15' / 4.57m, at least 1000 lbs / 453.6kg - based on ryze cinematic tryndamere 6'1 / 185.4cm, 220 lbs / 100kg - my right arm is stronger than my left twisted fate 6'1 / 185.4cm, 150 lbs / 68kg - he's tall but slender and agile. twitch 4'9 / 144.8 cm, 105 lbs / 47.6kg - this is a canon measurement udyr 5'10 / 178cm, 215 lbs / 97.5kg - udyr's all muscle and animal forms and body hair. urgot 10' / 3.05m, 2000+ lbs / 907+ kg - shotgun knees are heavy. varus 5'7 / 170cm, 145 lbs / 66kg - anime booooy with his shirt offffff! varus currently possesses only one gay dude's body since the other was too wounded to serve as a vessel, so this old guess should hold up fine except i've slimmed it down a bit. if he goes into full darkin body mode, he's gonna roughly double in size. vayne 5'9 / 175cm, 140 lbs / 63.5kg - tumbling is great exercise. ironstylus-approved. veigar 2'5 / 73.7cm (+ 12” / 30.5cm of hat), 25 lbs / 11.3kg - evil lil guy. vel'koz 30' / 9.14m tall (at least), weight unclear (void science is weird, does he have mass…?) - based off his cinematic. vi 5'9 / 175cm, 140 lbs / 63.5kg (no gloves); 8140 lbs (gloves) - thanks rtsubiytsa! viktor 6'2 / 188cm, 280 lbs / 127kg - robot parts. vladimir 6'3 / 190.5cm, 185 lbs / 83.9kg - anime vampire dimensions. or rather, darkin-human hybrid dimensions. volibear- we now know volibear is ornn-size. general estimate (this is conservative): 30’ / 9.14m tall, 5+ tons / 2268+ kg. warwick 7'8 / 233.7cm, 445lbs / 201.85kg - based on his vgu teaser, he is about 1.5 times the height of boggin. wukong 6'2 / 188cm, 190lbs / 86.2kg - monkey paw, monkey paw, monkey paw. xayah 5'3 / 165cm, 110 lbs / 49.9kg - she is the smol to rakan's tol. xerath 15' ??? - xerath is made of energy. his weight is indeterminable. but i guess we know he's roughly ascended-size. xin zhao 5'8 / 172.7cm, 170 lbs / 77.1kg - could be taller. yasuo 5'11 / 180.3cm, 170 lbs / 77.1 kg - hasagi! yorick 6'1 / 185.4cm upright, 5'7 / 170cm hunched, 230 lbs / 104.3 kg - he's just a hunchback who wound up immortal, with probably no size changes involved. yuumi 8” / 20.3cm tall, 2'2” / 66cm long from nose to tail, 8 lbs / 3.6kg - small end of average adult cat size. zac 5'2 / 157.5cm, 120 lbs / 54.4 kg at smallest; 7'6 / 228.6cm, 450 lbs / 204.1kg at largest - blob zed 5'10 / 178cm, 150 lbs / 68kg - ninjas. ziggs 2'6 / 76.2cm 30 lbs / 13.6kg - yeeeeeeeeehaaaaaaaaaa zilean 6'1 / 185.4cm, 165 lbs / 74.8kg - his giant clock weighs possibly 200lbs/90.7kg but he makes it float somehow. zoe 4'9 / 144.8cm, 85 lbs / 38.55kg - on the small side for a 12-year-old. zyra 5'11 / 180.3cm, 145 lbs / 66kg - not a vegetarian.",1
294226,"i get criticized for having no patience with women that don't put out, and neither should you a very sad thing happened to a friend of mine, his father sadly 2 years ago passed away quite suddenly. it rocked his world. good looking fun confident to a degree guy. yet he has learnt one lesson that i familiarize with him all the way to the bank: ""don't hold back, live life."" that tragic event inspired him to take risks and not give a fuck. this is who i am today aswell after so many years of caring too much. thus i would like to share with you a very interesting but simple profound saying ""put out, or fuck off."" thats it. think about it, your time on this earth is limited. its not in your control god forbid. its now. its right fucking now. and some stupid bitch you take out for drinks won't even kiss you? or is being rude or trying to play games. games, shit tests, and so on, they can be avoided, depending on your lifestyle choice. whether you seek to just play the field and enjoy it, or you prefer to strengthen your current relationship. if she doesn't put out, fuck off. depending on your value, you are a great man. you can achieve great things, and i've sat opposite so many idiots in my life to know that if she doesnt put out, then she will eventually and she would win as i would have had to put on a whole song and dance to ensure it happens. there are plenty and i mean, plenty of women out there who would like to fuck you, date you, hang out with you, appreciate you, like you, etc etc. so learn to walk the fuck away from a timewaster, and instead laugh at the idiot who turned you down. these women may be bombarded by beta and male attention, but at the end of the day, your attention is what matters. if its being wasted by some gold digger, or quite literally a bimbo who is playing games. fuck that. now i am not saying don't bother with girls all together. just pick up on the warning sign, and old plate came round that i slept with on thursday so i was very chilled about this other bimbo on saturday. she was slightly overweight, very common and was being rude and a bitch. i tried to game her but she was just disgusting. knowing that i just got laid 3 days before, do i need this bitch? no. didn't even put out for a kiss on the cheek, so fuck off. lastly, betas and fucking blue pill men will criticize you for dismissing a girl that wont put out, no matter how hot, ""nice"" or whatever she is. don't listen to that bullshit. they will work overtime to eventually touch a fanny that is just like everybody elses. i'm also not saying dont break down the bitch shield, but everyone has their patience tested. trust me guys, there are plenty of women out there that will put out, you just got to put yourself out there.",1
874271,should child obesity be considered a crime? woman gets arrested cuz her 14-year old son weighed 555 pounds,1
329741,"wretched iron “i’ve seen her, ya know.” “seen who, quint?” “her. the ivory ghost. the pikin’ white key. you’ve heard of her, dan, you mangy scab. i know you have. ain’t nobody in this whole godless prison who hasn’t heard the rumors.” “i…” dan balked at being called a scab, but quint, his eyes distant and his mind elsewhere, didn’t notice. “that’s right. i’ve heard say she takes any form she wants, but chooses to take the form that is most pleasing to those that look ‘pon her. she could be anything to anyone. tommy said he saw her once, floatin’ past these bars. he said she looked like a little girl, that she skipped just out of his reach, just far enough so he couldn’t reach hold of her. the chant goes that once you get hold of her, she’ll unlock any door in this prison. you get hold of her, you get out…” dan, reclining on his bunk, said “where do you think she comes from, quint?” quint scratched the snake tattoo that coiled around his scrawny leathery neck with grimy fingernails. “huh,” he grunted. his mind was leagues away. “quint,” dan said. quint still wasn’t paying attention. dan sighed and turned on his side towards the grey stone wall. ever since tommy had left, dan was lonely. dan was a simpleton, easily perplexed and quick to frustration. tommy had spotted dan being bullied in the cafeteria by the other inmates and stood up for him, endearing him to dan from that point on. dan followed tommy around as much as he could, lapping up every word tommy said as if they were proclamations from a holy man. tommy tolerated dan for the most part, and when he wasn’t in the mood to babysit he’d send dan away, but dan would never go far. dan would remain just out of sight, ready in case he was called back. dan adored tommy. he was like the father figure dan never had. dan heard quint’s bunk groan from the opposite wall. he turned around and realized that quint looked older and wearier than he’d ever seen him. all of the spite and bitterness had fled his features. deep lines cut valleys across quint’s face, his forehead had great curved creases, and his shoulders slumped. “i gotta get outta here, danny. i gotta. i been in one prison or another for seventeen years. seventeen. been shipped all over the country. i don’t even know if my family knows i’m still alive. i don’t even know if they still care.” his voice cracked and shook, and dan felt misery coming off quint in waves. “even if it’s a false hope, it’s hope…” quint put his forehead in his hands. dan, becoming increasingly uncomfortable, tried to change the subject. “hey quint. who did you see when you saw the ivory ghost?” quint looked up from his hands, his eyes filled with anger and tears. he simply sat there, glaring at dan for what seemed like minutes when he said “fuck if i know, some ghost bitch. stop asking questions, dipshit.” dan’s eyes watered and he turned around again on his bunk tommy wouldn’t have let quint speak to dan like that. tommy would’ve told him to shut up. tommy would’ve protected dan. dan missed tommy. *** dan woke with a gasp. it was lights out, and he couldn’t see past his nose. he heard the guard’s footsteps receding in the distance and saw the shaft of light from his flashlight bounce as the guard walked. quint rasped noisily in the other bunk. he laid his head back on his pillow. bits of the dream he was having drifted lazily across his mind. he remembered feathers, white feathers. wings beating furiously. a sharp crack. a small, lifeless form on the concrete, with red just beginning to seep from under it. he felt his eyes burn and he put his palms on them, trying to stifle the tears, but they came anyway. dan sat up on his bunk and felt his way to the small rusty sink the two inmates shared to splash water on his face. tommy always did that when he was feeling “reminiscent,” as he would put it. dan could never figure out why, but he started doing it after tommy left anyway. dan, face still dripping with water, blindly felt his way back to his bunk, and thought of tommy to put the dream out of his mind. dan had loved tommy, loved him like a child loves his father. they had only spent months together, but dan knew that tommy was a good man. good men didn’t deserve to go to jail. dan tried to ask tommy why he was in jail one day, and tommy just cocked an eyebrow and said “man’s got to make a livin’, danny. got to eat, and put food on the table for his chil’ren. the law these days has turned against us honest men, and so us honest men got to turn right back around on the law. ” and that was all he ever said on the subject, despite the numerous times dan asked. tommy turned the question back to dan. “so tell me, danny, why is a boy like yourself locked up? what did you do to deserve being put in the infamous black iron prison?” dan blushed and muttered shamefully about the mayor’s daughter wearing her dress too high, and tommy howled with laughter and clapped dan on the back. “so it was you who gave that loosey floosey tramp her comeuppance? daddy didn’t like that, so he pulled some strings and got you sent here, huh? well danny, you’re just fine with me.” and like that, dan’s eyes lit up and he was the happiest he’d been in quite some time. dan remembered the last time he saw tommy. he hadn’t known tommy would disappear in the middle of the night, hadn’t known that tommy would just leave without saying goodbye to him, hadn’t known… dan sat up. whoever was in the room with him wasn’t quint. dan had lain awake countless nights listening to quint snore loudly through his pillows, and not once had he made a noise like this. it was a sick noise, diseased sounding. corrupt, somehow, and wet. a knot the size of his fist formed in dan’s gut and he felt close to throwing up. eyes wide, trying desperately to make his gaze split the smothering darkness, he turned and looked at what was on quint’s bed. the night guard’s flashlight shone from a lower level and briefly illuminated the thing perched on the bed opposite him. the glimpse dan was afforded was enough to send a jolt of fear coursing down his spine. the whole thing was a sickly white color, like it had been born and had lived away from the sun’s omniscient stare. its broom handle thin arms were resting on bowed legs just as thin. oozing red sores covered its torso and forearms, and its spine pushed irritably against the skin of its back. around the creatures neck was a bell held against its bony emaciated chest by stringy twine. seeing all of this was certainly enough to frighten dan, but it didn’t compare to the numbing terror he felt when he saw the thing’s face. its face was angular and ended in a pointed chin with high cheekbones, and that’s where the similarities to a human face end. its mouth was simply a fleshy hole filled with teeth. it had no nose; in the middle of its face was a lump that suggested the silhouette of one. its eyes were misshapen, one slightly larger than the other, and both were set unevenly on its face, like a clay modeler had grown careless and lazy. its eyes didn’t reflect the light. rather, they seemed to absorb it, to devour it. it was completely bald, the light shining off of its sickly veined skin. and then the wayward pillar of light shifted again, and dan was in the pitch black of his cell. the wet rasping had stopped. dan had pissed the sheets. he felt the warmth spreading across his legs and under them. hardly planning his next move, dan ripped the sheets off and threw them in a ball at the monster and ran to the bars of his cell, pushing against them desperately. “help, somebody! guards!” dan yelled as loud as he could, but no one responded. his voice just echoed uselessly down the corridor. a low growl sounded behind him, and the monster rang the bell against its chest. dan could hear it shift on the bed, and then he heard feet pad lightly as it touched the ground. the fear that was in him bubbled over and he began to cry. he wailed nonsense through the bars, but still no one responded. he could hear the creature getting closer and closer, its feet smacking the ground softly, and in his mind he saw the thing reaching out to him in the darkness, sightless hands groping aimlessly for his neck. the footsteps stopped and dan turned around. his arms sore from pounding the iron bars, he held his fists up like a boxer and yelled “what do you want? come on!” he put all his weight behind a single punch, threw it, and missed. thrown off balance, he toppled to the ground in a pathetic heap. he curled into a ball and sobbed “not me, please, not me.” dan felt clammy hands grab his shoulders and he tried to bite at them. “yowch! you little shit!” a hard hand smacked dan’s face. “have you lost your fucking mind?” there was a light at the cell door and a harsh voice barked “hey! both of you stand up!” confused, dan looked up and saw a guard shining a light into his cell and quint grasping his shoulders. dan put his hands on his face and wept. *** the room was so small. sitting down, dan couldn’t stretch his legs out to their fullest, and standing up his head was centimeters from the ceiling. solitary confinement. he had begged and pleaded with the white-suited warden, who sat in a tall leather chair and picked his teeth with a pick absent-mindedly, but he just looked sadly at dan and said “those who are broken must be fixed. this institution is going to fix you, danny boy. three weeks in the coffin should sort you out.” dan cried and tried to appeal to the warden more, but the fat man pressed a button under his desk and two huge men entered the room and pulled dan out. going to the coffin, they passed quint and dan called out to him, begged him to set the record straight, but quint just looked away. so dan sat in the small concrete cell and did little else. he tried to count the days as they went by, but he soon lost track. he knew that he’d been in the cell anywhere from three days to eight, but the time seemed to stretch, to morph, and dan couldn’t wrap his fingers around its mercurial strands. he was able to look out of the small window that was no wider than his index finger and no longer than his hand, but there was only the short hallway leading to the janitor’s closet. the prison had no windows, and the harsh buzzing yellow light from outside his cell gave him headaches. his food was ushered through a small one-way slot in the bottom of the door, and dan devoured it hungrily. he was fed very irregularly, and when he got food he licked the tray clean. to pass the time, dan would sit and sing songs that he remembered from his childhood. he tried to, at least. only fragments came to him in the dark of his coffin, small bits of a tune, or a line of lyrics misplaced from the rest of the song. dan would try to push his feeble mind as hard as he could, but often gave up in frustration, pounding his head and fists against the unyielding concrete wall. there weren’t many nights when dan didn’t cry himself to sleep, head aching fiercely. and always he dreamt of the creature from that night, its mouth filled with too many teeth, its dead eyes drinking in everything and seeing nothing. he woke and could still hear the chime of the creature’s bell in his ears, echoing back into the recesses of his mind. he didn’t know if it was nighttime when he fell asleep, head propped painfully against the wall, but dan was dreaming again. in the dream, he was lying on the ground in the weak moonlight, and tendrils made from inky shadows were constricting his arms and legs. there was a fetid smell in his nose, like something had died and was rotting. the harder he struggled, the tighter his reigns became. he could only watch as he first heard the chiming bell and then saw the creature emerge from the darkness crawling on wasted legs, hands blindly fumbling for a clear path. he begged and pleaded, and the creature tilted its head to one side, seemingly curious, and then it leapt onto his chest, thin bony hands ripping his stomach apart, his flesh being flayed in ribbons and intestines flying as it buried its face into dan’s chest and tore his organs apart with its cruel teeth. dan woke up screaming, his voice bouncing harshly around the coffin, and as always, the bell ringing softly in his ears. dan was not a morbid person, but for a brief moment he considered braining himself on the cold stone wall, ending his nightmares permanently. *** more time had passed. the guard had stopped coming with a bedpan, so dan had no choice but to defecate in his cell. he hadn’t eaten in what felt like days, and if he had a mirror he would’ve been shocked at how gaunt his face was. his limbs ached fiercely and popped constantly from lack of use. a perpetual churning had started in his stomach and he felt close to vomiting. a spider crawled on the ceiling of his cell and he was nearly desperate enough to make an attempt eating it, but the thought of swallowing all those legs made his throat tickle and he decided against it. he had no more tears left, so he rested his forehead on his arms and sighed deeply. sleep wouldn’t come either, so he started tapping his legs rhythmlessly. he was crushed by anguish. any former trace of the dan that had entered the coffin had fled and left behind a pathetic and withered husk. when dan wasn’t sitting in numbness, his mind oscillating between broken childhood memories and tuneless songs, he was standing, trying hopelessly to catch a glimpse of someone walking past his cell, maybe get them to talk to him. dan had quickly lost the power of coherent speech in his solidarity. a pressure started suddenly to build in his head, and his sinuses started to swell. his eyes felt like they were on the verge of bursting. confused, dan clutched the sides of his head and whined helplessly. a light shone at the small window outside of his cell and he looked up, expecting a guard to bring him his meal. the light was strange though; it had an ethereal quality, and it seemed to shine through the bolted door. it was growing brighter and brighter. dan stood up, excited to finally have some kind of interaction with someone. expecting to see a human face through the window slit, dan gasped, shocked. floating quietly through his door as if it was as insubstantial as air was a dove. dan’s eyes widened and tears stung his eyes. he fell to his knees, his mouth agape, unable to do anything but gawk dumbly. the dove, wings flapping serenely, lighted softly in front of dan and cooed gently up at him. dan, awe filling his whole being and his limbs and head feeling renewed, looked down at the ghost bird and croaked “come on, penelope. up up!” and the dove hopped into his waiting palms. lifting the luminescent bird to his face, grinning so wide his dried lips split and were bleeding, dan had never felt happier. he brought the ghostly vision to his face to kiss it, but when the bird touched his lips it disappeared. at once he was back in his cell, the beautiful pearly lights gone, reality placing its heavy shackles on his body. his limbs ached, his throat was desert dry, and he felt like he was going to heave. dan sat back, his body heavy and light at once, his mind fading. he felt the strength leave his body, his arms falling limp at his sides and his breath fleeing his lungs. the last thing in dan’s head was a memory: dan, kneeling, a limp, lifeless body in his hands, blood soaked. feathers littered the ground around him. he was sobbing desperately, mucus clogging his nose and running down his lips, his throat aching and his stomach lurching. one word was repeated through his clenched teeth: “penelope…. penelope…” dan’s chin touched his chest, and he was gone. *** sitting in his tall leather chair, white suit barely containing his immense girth, and picking his white teeth with a small wooden pick, the warden leaned back, a wide grin on his lips. maybe it was the strange light in his office playing games, but there seemed to be more teeth than normal in his mouth. a single word escaped his lips as he reclined: “delicious.”",1
822029,"what exactly is considered fat? i am using a throwaway account because i am a bit embarrassed to be asking this on the one hand but i have had so many conflicting opinions, that i just don't know what to think anymore. i have one faction in my life telling me i am not fat and another insisting i am a land whale. i thought maybe the over 30 men (which is who i'd like to date) of reddit could help settle the debate. or maybe this isn't the right sub? **a little back story as to why i ask (it's a bit of a rant that i need to get off my chest, so feel free to skip down to the tl;dr with pics):** i have never been proper skinny, like [this] (http://pienenen.tumblr.com/post/51547592462) or [this] (http://labelladiosa.tumblr.com/post/40501691105). it seems these girls have what is widely considered the seemingly only acceptable and attractive body type. (i get some guys like different types, but somehow they have escaped me in real life). even if i undercut these women by 20 lbs, i still would not ever look like that. i am too short waisted and large framed by comparison. for example, when i was younger i was a very active year round varsity athlete that lifted and had about 20% body fat, but still wasn't ""tiny"" like the previous examples. even when i inadvertently lost a lot one summer when i was 18 and ended up 15 lbs underweight (i.e. prominent rib cage and collar bones and no fat on my now flat butt), the smallest my measurements ever got were 36(34b) -26 -36, and maaaaybe 35.5-25.5-35.5 on a good day; yet my thighs have always managed to be on the bigger side, sigh. when i went to get my body fat tested again at this point, the pt guy couldn't even pinch any skin on my hips with the calipers, but he still had the nerve to tell me i needed to lose weight and/or muscle due to my relatively fuller thighs. :/ plus, i have a short waist where there is less than inch between my bottom rib cage and top of my hip bone, so going below 26 inches in my waist has been next to impossible. men, especially past sos, would start off telling me i was attractive only to eventually have unkind things to say about my weight/body no matter my size, thin, fit or otherwise. case in point, i was with someone for four years and got engaged, let's call him sam (not his real name). when i first met sam (37 m) i was much, much heavier than usual due to complications from a sudden illness (all better now) but i worked really hard and lost most of the weight i gained over the course of the year i got to know him. when i lost the weight (and the previous bf) we started dating and he'd tell me i was fine the way i was, that i must have carried my weight well because he had not noticed that i was bigger before, that he was amazed how at my age i had no cellulite (i have some, but it is subtle) and had a large chest that was surprisingly firm and perky and a nice butt. he would also talk about how he didn't understand why i would date someone like him, that i was out of his league and such. i didn't think of it that way at all though, i just liked him. so we were together four years when we got engaged. before that though, i got really serious about my fitness. i had gotten a bit too comfortable and put on some weight (i never complained about it to my so, or asked him the dreaded ""does this make me look fat"" question, i just got to it of my own accord). i want to be healthy and active for myself, and i also wanted him to feel proud of me and stay attracted too. i never want to let myself go. so i hired a personal trainer that i saw once a week, went to the gym a couple times a week on top of that (as i have always done), did yoga and overhauled my diet, and lost quite a bit. i wasn't as small as i was when i was 18, but i did get down to 38(34dd)-28-38. my personal trainer said she noticed i had put on a good deal of muscle (uh, yeah! considering i did soooo many squats!) and all i needed was to cut down some surface fat to be able to see it, not just feel it, especially in my abs. however sam said he didn't see it, that i was a ""fat ass"" and a ""lazy land whale"" and ""nothing special to write home about."" also he kept saying how it was too late to look good and thus it was pointless to even try since being over 30 meant i could never be beautiful again. he kept pointing out women like in the examples above as beautiful and all the ways i didn't and couldn't measure up and how the ""biggest"" he would ever deem acceptable was jennifer lawrence (of the hunger games). my butt and full perky boobs he once claimed were great were now disgusting. he went on to tell me that maaaybe a chubby chaser would want me but that's it. he claimed the fact that he couldn't pick me up or carry me was proof positive of my morbid obesity. he dead bedroomed the relationship and started pushing me to go ask my doctor for a gastric bypass. i felt that was all uncalled for and it hurt, a lot, especially considering all the effort i was making. first of all, he was 5'6"" and about 200 lbs, so he was no fit adonis himself. he had a lot of health problems and could barely make it up the short 3 flights of stairs to our apartment without becoming short of breath, sweating and needing to sit down to recover. i didn't have any difficulty running up and down multiple times, with bags of groceries and other heavy objects, so it's not like i was that out of shape. i mean i know i am not the thinnest or most in shape i could be, but i was/am working on it. i know i had room to improve, but i didn't think i was so bad as to be considered a land whale and a fat ass. i have no trouble being active and can walk fast and move around all day without issue. also, all my life my doctor has given me a clean bill of health at every single physical, with spot on perfect numbers for blood pressure, sugar levels, cholesterol etc...when at his urging i inquired about getting a gastric bypass, my doctor called me crazy, that i wasn't fat and told me the only thing i had to do was keep doing what i was doing and simply not put on any weight as i got older. i also watched what i ate and still do (i never forced my eating habits on sam); i eat paleo (but switching over to keto), which meant no junk food, no bad carbs, no sugary drinks or soda ever, no sweets unless it's a special occasion, then i might seldom indulge in a cupcake. my biggest vices are having my coffee with 2 tsps of sugar and 1/2 tbsp of coconut milk (2 cups a day max) and fresh fruit. however, he would always bring up how if i was this heavy and big while eating so healthy and so little, then i was doomed to become even more horribly fat. it was very disheartening to say the least. after a couple of months of this, i broke it off with sam (big surprise there) but i was so low and depressed at that point i stopped caring and ended up putting on weight (working on losing it now) and seeing a therapist. my pictures below are of me today, so i am heavier now than when i was with sam. yes, it turns out he was an ass and abusive but all his comments have left their mark. i keep thinking of how all of my sos have at some point called me fat, with the last one doing so the most. even my own family calls me fat. my mother will poke at my stomach (it sticks out about 2 inches more than it should and is thus not flat), and call me a fatty and an embarrassment. i can not bring myself to date again since i feel that a) i'm too old, who the hell wants someone in her late thirties when so many hot, younger women are available? and b) i am too fat and/or simply do not have an attractive body type. hell i do not even know what category to choose, ""average, a little extra, bbw""? but my therapist insists that i am not fat (or too old, she claims i look much younger than my age, i don't know if i believe her). we have argued over this point numerous times. so many people call me fat, and vehemently so, men eventually do not seem to find me attractive because of it, so how am i not fat? hence i figured reddit could settle the debate. **tl;dr: am i fat? [photo redacted]. if i were to choose a dating site category, what should it be, average, a little extra, bbw, etc...? or should i not even bother dating at this weight?** **edit:** wow, thanks everyone for reading and responding. i am completely bowled over by all of the positive feedback! (even despite my novella, sorry about that, pithiness is apparently not my strong suit). i was so sure my assumption that i was fat and unattractive would be unanimously echoed. guess it turns out i am wrong and i am not fat (maybe a bit chubby, athletic with a few pounds to lose or at the very least average) and curvy in the good way, but nonetheless attractive (i am most shocked by that last part). i have a lot to think about and reevaluate regarding my perceptions about my weight and body. it feels a bit overwhelming to wrap my head around it at the moment, but at least i also learned i am an ok enough weight to start dating, woo-hoo!",1
545693,"the test subject - part six [mft,sci-fi,horror] as the nurse rolled mark down the maze of corridors in a wheelchair, the memories of his time in the regeneration lab came back to him in brief snapshots. the crash cart. the iv. the team of medical specialists stabilizing him. julie, standing in the background. a vicious expression of victory on her face. days and nights, soaking in a vat of thick green goo that looked like shampoo and smelled vaguely like cooking spinach. the horrible wound between his legs, slowly healing. a bare patch of skin, with only a catheter tube coming out. a tiny nub of flesh, growing every day. the image of a miniature penis—a baby’s dick—growing out of his own crotch where his manhood used to be. not much else after that. more days lost to sleeping than anything. now riding in the wheel chair he was wearing only slippers and a hospital gown, tied at the back. his entire pelvis was wrapped in bandages, a catheter tube snaking down into a collection bag. the wheel chair stopped at an office door. mark looked up. the sign on the door read, “jennifer rebekah, phd.” the nurse knocked softly on the door then turn and left. her shoes clicking on the tiles as she disappeared into the labyrinth of halls. the door opened and dr. rebekah was standing there, looking down at him. “you’re looking well mr. richardson.” her blouse was low-cut, revealing ample cleavage. mark’s eyes lingered over her new breasts, “so are you, doctor.” “i guess we’re both fortunate the regeneration lab is so good at what they do, aren’t we?” “yes,” he mumbled sheepishly, “i think so. i’m not sure.” he looked down at his lap. she eased his chair into her office and shut the door behind them. she walked around to the other side of her desk and sat down. “you must be very, very curious to see your regrown penis.” she smiled knowingly. “i am,” he mumbled, still looking down. “we took the liberty of modifying you a little bit. seemed like it would be a wasted opportunity if we didn’t pick out some…improvements on your behalf.” he shuffled his slippers. “your original penis was seven-and-one-half inches long, and four-and-a-quarter inches in circumference. impressive, to be sure.” mark glanced at her. she was smiling, which made him very uncomfortable. “your new penis is nine inches long, and five inches around.” he wasn’t sure what to say, so he whispered “wow, thank you” in a hoarse voice. “there’s more. your testicles are larger. your prostate gland is larger, too. we also tuned the ‘plumbing’ for lack of a better word. when you ejaculate, mr. richardson, you will squirt out almost a half-liter of semen. “ her eyes grew somewhat dreamy as she continued, “your semen will squirt out at a very impressive velocity, too.” she chuckled, “i wouldn’t bet against you in an ejaculation contest for distance. anyway, the point being: your orgasms will be more powerful, longer than before, and visually stunning. ” he looked up and smiled for the first time. “i thought you might like that. also, we modified you so that your body hair won’t grow anymore. other than your eyebrows and the hair on your head, you’ll stay bald as an egg and you won’t have to shave. ” he wasn’t sure how he felt about this. “and…there’s something else…we adjusted your spinal column slightly to limber it up…and shortened your lower ribs a bit… you’ll be able to fellate your own penis quite easily, and take several inches of it into your own mouth.” his eyes widened and she nodded at him. “would you like to try that now, mr. richardson?” he nodded too eagerly. she grinned. he cringed in shame. “good, i want to watch you do it. but first we have to get these bandages off and take out that catheter. please stand up, you’re quite ready.” he rose, a little unsteady on his feet. she moved the chair out of the way and untied his gown in the back. he pulled it off over his head and tossed it onto the wheelchair. other than the bandages and slippers he was nude. the room was cool and he was shivering a bit. dr. rebekah began unwrapping the bandages. he watched intently. after unrolling several yards of it, he was finally uncovered. the cool air hit him and he trembled as he looked down at his new cock. it was just like his original penis, only larger as she said. his balls were also bigger, heavier. “nice, isn’t it? now let me pull this out for you…” she peeled off the surgical tape holding the catheter in. she grasped the tube and held his penis steady with the other hand. she pulled hard on the tube with the other. it didn’t feel good coming out, but he was glad to be rid of it. “notice the nearly invisible scar all the way around your genitals…that very thin, very fine white line…the monomolecular garrote left that for you….a souvenir of your sordid past.” she chuckled. he squinted to see it. it was almost a perfect circle from what he could tell. it was quite hard to see. her voice grew colder, “i have similar scarring around my breasts…though my scars are in a far more ragged pattern than your circular scar...” he looked her in the eyes, then looked down at her impressive cleavage. he could just barely see some of the scarring, where the flesh of her old breasts had been torn and bitten off by the she-god, hera. mark felt a swelling mixture of guilt, fear, and arousal at that memory. he imagined the doctor felt something similar. “but we’ll talk more about my breasts later. let’s try your new penis first. make sure everything is in good working order.” he looked back up at her face, he wasn’t sure exactly what to do next. “hmm, perhaps you need a little visual stimulation.” she walked over to a bookshelf and using both hands she retrieved a large glass jar from it. it had been nestled in among some books. he had not noticed it before. she placed the jar down heavily on the desk and studied his face carefully. floating in the jar--suspended in a clear liquid--was his original penis. they’d not only preserved it, they preserved it forever erect. it was floating at an angle, the head pointing up. the severed base and scrotum resting near the bottom edge. the doctor slowly rotated the jar so he could look at it from all angles. he tried to not look at the severed end-- the gaping open hole of his old scrotum and shaft-- but he did. he couldn’t take his eyes off of it. “mr. richardson, i believe your new penis is getting an erection. very interesting.” he looked at it. it was indeed getting very hard. it looked even more enormous now. nine inches was longer than he’d thought. his heavy new balls drew in tight to his body. clear fluid began seeping out of the tip. the shaft wobbled slightly as it pulsed in time with his heartbeat. “so far, so good,” the doctor whispered, “i really like this new one better…don’t you?” he grunted softly in agreement. “i think it’s very, very, *very* interesting, mr. richardson, that you immediately became erect at the sight of your original severed penis, floating in this jar.” she continued to rotate the jar slowly. “i can’t explain it…i can’t help it…” “perhaps i can explain. you have always been in lust with your own penis. you loved looking at it. you loved it when other people looked at it, too.” he nodded silently. she continued, “in addition to that, i think the memory of what julie did to it is an erotic, exciting one for you. isn’t it?” “yes. full of extreme pain and fear, but exciting, too. arousing.” “i’ll say.” she cooed. then added, “do you hate her for it?” “yes…no. i don’t know. i probably deserved it, after what i did to her. and for what i did to you.” “you did not act entirely alone you know. but yes, i think you did deserve your punishments, and i think you rather enjoyed them, too”. she was staring at his new cock. so much pre-cum had oozed out of it by now that it was dripping onto the floor, making a small puddle. “alright, mr. richardson. let’s try this out. i want you to bend over at the waist and fellate your new penis. your…very large…new…penis.” he bent over. he found he was far more flexible than before, just like she’d promised. the eye of his wet urethra stared up at him. after a moment, he took the head of his penis into his mouth. “good, good. suck yourself as much as you want. i’ll enjoy watching you. just don’t ejaculate. i’ll tell you when you may have an orgasm…as always.” he leaned his head in lower, easily. at least 4 inches of his cock was now in his mouth. he slurped at it greedily. the pre-cum tasted very sweet and fresh. “good boy. keep sucking. i’m just going to get my new breasts out for you…” dr. rebekah took off her coat and blouse. mark’s head kept bobbing up and down. she removed her bra and tossed it aside while he gobbled on his own dick, making loud sloshing noises in his mouth. “ok, stop sucking it now. i want you to look at me.” he lifted his head and looked at her breasts. his throbbing cock was dripping with saliva and pre-cum. her new breasts were magnificent. very different that the saggy udders she used to have. they were fulsome and high, but not too high. they didn’t look like artificial breasts with the unfortunate balloon shape. they were teardrop shaped and very natural in appearance, simply much larger and fuller than before. the new nipples were wondrous, too. the old ones had been tired and over-sucked looking. these were fresh, pink, and healthy. the areolas were well defined, slightly raised, and circular. the nipples were rounded and fat, and a slightly darker reddish-pink. he noticed an odd fold or crease encircling each nipple. there was something interesting going on with that. he also noticed the long, thin, super-faint scars around each breast in a ragged line where hera had bitten her old breasts off. his cock twitched at the memory of it, of giving the command. “do you like them?” she asked. “yes, they are perfect. what’s going on with the nipples? they look…intriguing.” “very good eye, mr. richardson. why don’t you suckle one and find out?” he placed a hand on her upper arms and then bent his head down to lick and suck her right nipple. nothing happened, so he sucked harder, taking more of her breast into his mouth. “mmm, that feels good.” the nipple became erect and…extended outwards. he pulled his head away and looked at it. the fat little nipple had “telescoped” out of the areola, unfolding the encircling crease. it was about three and a half inches long…and it looked exactly like a small penis. it even had a vertical slit in the head. “is that…a penis?” “it sure is. don’t you want to suck it some more?” “i do,” he hesitated, “can it…cum?” “if you stimulate it enough…milk will shoot out of it. to me it will feel much like my breast is ejaculating and it will give me an orgasm, similar to a normal penis.” “you can do that…with both?” “oh yes. now suck on this one, mr. richardson.” he took the little nipple-dick into his mouth and sucked it hard. he gnawed it gently with his teeth. dr. rebekah moaned and writhed in his embrace. he alternately kept sucking, licking, and gnawing on it until the nipple-dick ejaculated. a hot thin stream of milk squirted into his mouth as the doctor moaned with pleasure. he swallowed it hungrily. “do the other one. i want to cum in your mouth again.” he noticed that the hornier the doctor became, the less she used medical and anatomical jargon and the more she tended to talk dirty. mark hefted her left breast in his hand. the underside was warm and slightly damp, and the breast was heavy and undulating with milk. he dabbed at the nipple with his tongue and withdrew. he kissed at it, teased it and withdrew again. he kept doing this. he wanted to see it grow erect. “mmm, yummy, i like it when you lick it and then look at it, too,” the doctor sighed. the nipple telescoped out slowly, unfolding the circular crease around it. the mini-penis strained and extended out, the same size as the other one. mark took it into his mouth and slurped on it, sucking it and biting it gently. after a few minutes of this dr. rebekah gasped again. he felt the thin warm stream of milk jet into his mouth again. he swallowed it as it flowed. his long dick was pulsing and aching, more clear fluid oozing from its tip. “nice. two orgasms—two *ejaculations* from my breasts--in just a few minutes. thank you, genetic engineering.” he pushed her shoulders down gently so she would sit in her chair. she got the signal and complied. mark then stood up in front of her and stroked his cock. it felt different. nine inches was a long stroke. it felt great. it was incredible. his heavy balls swayed back and forth and the head of his cock bobbed up and down as he jerked off. dr. rebekah’s eyes were fixated on it. she licked at the pre-cum lightly. “i didn’t tell you to do that, but i agree it’s a good idea. go ahead and ejaculate all over my new breasts, mr. richardson…spray me with your cum.” mark stroked harder and a little faster. his glutes flexed and his hips rocked as he worked on his cock. dr. rebekah reached around and began probing the crack of his ass with her fingers. tickling his rectum lightly with her fingertips. ""mr. richardson, i want you to look at the jar while you're cumming."" he forced himself to look at the jar. he stared at his old penis floating in the liquid. he felt his new balls surging, his new cock straining. he exploded. a rope of thick white cum shout out of his urethra and landed on the doctor’s left breast. “unh!” mark groaned, stroking hard. the veins in his new dick bulged, his oversized balls tightened up against his body. a second blast of semen shot out, landing on her left breast again. “oh god, it’s so beautiful when it ejaculates,” dr. rebekah whispered. mark blasted out twelve more jets of gooey white jizz. the squirting cum landed on the doctor’s breasts with loud watery splats. he wasn't aiming, as he still had his eyes locked on the jar, his original cock, severed and floating...he came so hard...while staring at it... the pearlescent white goo trickled and ran down her cleavage. some of it was clinging to her nipples. large drops and strands of his spent semen flowed from her breasts, landing on her thighs, the desk, and her chair. he kept milking his cock, slower and easier now. a few more drops of cum oozed out. he stopped looking at his old penis and looked at her again. “wow, that really does look like a half liter of semen,” he remarked. “yes, that should be about right. maybe not as impressive as hera, but still very impressive.” mark flinched at the giantess’ name. “bad memories there, mr. richardson?” “yes and no, doctor.” “i feel the same. now let me have someone clean up this mess while you go find yourself some clothes, food, and rest. i want to see you again in my office tomorrow.” just like that, he had been dismissed. *** the next day mark went to her office early. he was excited to see her again. he was also wearing his favorite black bodysuit. the high-tech garment covered him neck-to-toe in sleek form-fitting fabric. the emb labs had conditioned him that when he wore such a body suit it influenced his sense of identity in a strong way. when unzipped it and pulled his cock and balls out through the fly, it felt like being more naked than naked. using the suit caused his body to fade into the background of his self-perception. in his perverted mind, it served as a virtual invisibility cloak. it helped to see his dick and only his dick. in a way, he *became* only his dick. it was what he wanted. it was his natural state of existence. he waited patiently in the hall, focusing on not getting an erection this early. after a few minutes, the door opened and dr. rebekah said, “come on in, mr. richardson.” he entered her office. “oh good, i see you have your bodysuit back. you really like wearing it.” “yes, it…works for me.” “yesterday we took your new penis out for a very pleasurable experiment and we also demonstrated my genetically enhanced breasts. today i want you to experience my other enhancements.” “i look forward to it.” she removed her clothes while he watched. she was very businesslike and efficient about this. a playful striptease was not her style. “lift me up on the desk, mr. richardson, and look at my genitals.” he lifted her up and she sat on the desk, her large new breasts bouncing. she watched his eyes as she spread her knees apart. he looked at her vulva. the graying pubic hair from before was gone. it was completely hairless. her labia looked…renewed somehow. very pink and healthy, with nice thick lips and clitoral hood. she placed the fingers of both hands on her labia and rubbed herself gently. “take out your penis and show it to me.” he unzipped and pulled out his dick. he stroked it to start making it hard. “the testicles, too.” with a bit of effort, he tugged his testicles out. the cool air felt good. “that’s all you are…a big penis, a big set of balls. you only exist to service me. isn’t that right?” “yes, doctor.” the suit was working its subtle magic on him. he was disappearing. only his cock and balls remained. dr. rebekah fumbled with her discarded lab coat pockets and fished out a tube of lubricant. “slather this all over your penis. we’re going to need a lot of lubrication to get that oversized thing inside of me. i’m very tight.” mark took the tube, removed the cap and squeezed clear sticky lube onto his dick. he rubbed it all over, squeezed out some more. dr. rebekah massaged her labia again, then spread them with her fingers. “look inside of me and stroke your cock.” mark gazed at her gaping pussy, it was very tight-looking indeed. it made his dick get even harder. “your penis is very long, so be careful not to bottom out and jackhammer my cervix. i’m not julie. that’s her thing.” he stroked his dick slowly, staring into her gaped labia with lust. “ok, put it in.” he slid the head of his dick into her, nice and easy. it was very snug. “very good. you can go a little deeper.” with some effort, he pushed slowly into her a few inches. “nice and tight, isn’t it?” “mmmm, yes, very tight.” “ok, pull it out. i don’t want you to ejaculate yet. i just wanted to give you a sample of my vagina.” frustrated beyond words, he obeyed without complaint. he pulled out with a wet “plop” and his unhappy cock throbbed miserably. “don’t look so sad, we’re a long way from done here. now…lick my clitoris.” mark squatted down and she slid to the edge of the desk. he began licking at her labia and circling her clitoris. “nice way to tease me a little, i like that.” mark took his dick in hand. “may i…play with my cock while i do this?” “no, you man not. don’t touch it.” he let it drop. it flopped heavily, his balls swaying. “concentrate on licking my clitoris, don’t be so damned fixated on your penis *all* of the time.” he licked hungrily, probing and swirling with his tongue. her clit began to engorge with blood. “ah, very good mr. richardson. see what you can do when you focus?” her clit became more erect. it began growing out of the soft fleshy folds of her vagina like a sprout. mark took it in his mouth and sucked. it continued to grow even longer and longer in his warm mouth. he withdrew and looked down at it. the doctor’s clit was now about 4 inches long and as thick around as a magic marker. the head of it strongly resembled a penis head. “what do you think? it compliments my nipple-penises, doesn’t it?” if he were being honest, it looked freakish. it mildly disgusted him. he wasn't sure why. ignoring his silence, she went on, “you have one very large, very impressive penis. i have three smaller ones…and all of them can ejaculate. “ she studied his face. “you outsize me, but i outnumber you,” she chuckled. she turned away from him to face the desk and arched her back. “slather fresh lubricant on your penis and then carefully penetrate my anus.” mark squeezed a large dollop of lubricant onto his cock and spread it all over the head and shaft. he picked her up and bent her over the desk. her ass was still kind of skinny for him, but her rosy sphincter looked very inviting. the doctor spread her cheeks open with her hands. mark eased the first inch his thick cock into her ass. it was a very, very tight fit. dr. rebekah moaned in pain as he entered her. “deeper,” she moaned. he grabbed her waist with both hands and drove himself in another two inches. “oh god, that hurts…in a good way. deeper, mr. richardson.” he slid further in, he was a little more than halfway to full penetration. “yessss. more…more! my tight little ass can barely take it.” mark thrust forward, pushing eight inches of is long fat dick inside of her ass. one inch remained. “oh god! your cock is like a flagpole! it’s going to split my ass open!” he eased out about halfway, then thrust forward again, still not all the way. “unh! it’s so good!” he began pumping his hips, thrusting in and out. for some reason he always reserved the last inch of his cock, a little afraid to drive it all the way in. “yes, yes! fuck my tight little asshole with that pole!” he kept fucking her, hard, but not all the way, for a few minutes. “d-doctor…may i ejaculate?” “not quite yet. first i want you to put *all* of your penis inside me, as deep as it will go, and hold it there…firmly.” with some reservation, he thrust forward, giving her all nine inches. he felt the tip of his dick strike something velvety and rough. “oh god yes, it’s…so…big. now…hold there for just a minute…” something inside of her stretched rectum clamped down on the head of his penis. he yelped in surprise and pain. it almost felt like it had teeth. “don’t move, mr. richardson! i have locked you inside of me with one of my…genetic enhancements.” mark started panting, beads of sweat formed on his forehead. “remain calm. i’m not going to hurt you. i want you to ejaculate now. you can do it.” “what will happen?” “just ejaculate! shoot your cum inside my ass! you know you want to.” mark’s cock strained inside of her rectum. his balls rose and surged. he came. “oh yes! i can feel your massive cock ejaculating inside of my asshole!” like before, he just kept spurting and spurting. the jets of cum blasted out of his dick one after the other, nine inches deep in her ass. she could feel it, hot and sticky, unloading inside of her. squirt after squirt it came. finally it stopped. he felt the rough, velvety…thing…release him. “you may withdraw your penis, mr. richardson.” her voice was eerily calm now. he pulled out, his dick still wet with lube. he watched as her stretched, gaping asshole slowly closed. “doctor, what was that thing i felt inside of you? the thing that latched on to me?” “that’s a new sexual gland we’ve just developed. i call it the semen recycler. others have humorously called it ‘the cum catcher’. it absorbs semen, sterilizes it, and stores it for later use.” “interesting…and the latching on?” “that was my own optional addition. once i have your penis where i want it, i won’t let you go until you ejaculate. i mean…you *could* pull out…but it would hurt like hell…it might even tear the head of your penis off…” “the usual sadistic mix of extreme pleasure and pain from the labs.” “exactly. now that i have a sizable load of your semen inside of my new recycler gland, i want to show you what i can do with it. if you’re done staring at my ass…?” she turned around and faced him, “hold your penis still for me.” mark gripped his semi-flaccid penis in both hands and held it up for her. he watched as she stroked her clitoris. again it engorged and grew, long and skinny. tendril-like it emerged from her genitals, a long skinny penis. she continued to stroke it, it almost looked as if she were stretching modelling clay out of herself. “i’m going to insert my engineered clitoris-penis into your urethra. spread the hole open for me…” “i’ve noticed you are really into urethral penetration, doctor.” “it’s one of my major personal sexual fetishes, yes. now quit stalling and open up that dickhole!” using the tips of his fingers, he parted the lips of his urethra. she fed the head of her clit-penis into it. her clit-penis suddenly seemed to wake up. it began snaking into him on its own, slithering down his urethra. mark felt his muscles lock up. “it has a powerful but short-lasting neurotoxin, you are temporarily paralyzed, mr. richards. now enjoy…” the neurotoxin kept his muscles from moving, but if anything it enhanced his sense of feeling. he could feel the thin tendril burrowing down his urethra, deeper and deeper into his cock. it didn’t hurt, it felt quite pleasurable. “remember all that hassle we had to go through to pump hera’s semen into your urethra? of course you can’t answer. but anyway, this seemed like a more organic way. a more elegant solution. though of course, i’m always coming up with new things, so i may or may not keep it.” the tendril inside his cock was at least a foot in, deep inside his pelvis. he felt a stab of pain, a jolt of thrumming electricity that burned the base of his cock, his balls, and something deeper inside, close to his rectum. “i’ve found your prostate gland…and i’m penetrating it…that’s what you’re feeling.” tears streamed from his eyes, he still could not move. the pain was exquisite. “next i’m going to inject you with your own semen…the same stuff you just squirted into my rectum, captured by my new recycler gland.” his eyes could still move. they looked at her face. her expression was excited, sadistic, and merciless. he looked down at her breasts. both of her nipple-dicks were fully extended and trembling. “when i inject your prostate, it’s going to give me a *very* powerful orgasm. all three of my artificial penises—my two modified nipples and my modified clitoris—will ejaculate at the same time. it will be quite a show.” his eyes scanned her body. then he locked eyes with her. “yes, my triple orgasm will be a mighty one. and an important part of the pleasure for me will be knowing that it’s causing you a great deal of pain at the same time.” he struggled to move. he could not. the doctor sank her fingers into the flesh of his upper arms. she arched her back, her face pointed towards the ceiling and her eyes rolled back. “unnhhhh! i’m cumming!” both of her nipple-dicks squirted jets of milk all over his torso at the same time. he wanted to scream but he couldn’t. he could feel the hot recycled cum flowing back into his prostrate like scalding steam. it seemed to go on for a full 30 seconds. the doctor slumped forward, she released her grasp on him and placed her fists on her desk, looking down at it. her large breasts undulated as the nipples slowly retracted. in an almost bored voice she said, “that was better than good. i’m going to extract my clitoris probe from inside of you, and the neurotoxin should wear off soon.” mark could feel the thing detach from his prostate gland. it was as if a scorpion had stung him and withdrew. her clit-penis began snaking out of him. it slithered up through his urethra, retreating. it popped out of his urethral opening with a soft wet sound. her clit-penis quickly shrank, disappearing back into the clitoral hood. her nipples appeared normal now, too. mark could move again. he started shaking off the paralysis. “how do you feel, mr. richardson?” she stared at him with her scientific intensity. “uncomfortable. there’s a tightness inside of me. a burning sensation of extreme fullness. like i desperately need to ejaculate again.” “excellent. it’s what i hoped for. this experiment phase six was a success. i have learned much from it.” “don’t you want to…go at me again?” he asked earnestly. “today? with you…mr. richardson? i think not. i have other test subjects to see to.” again he was dismissed. *** as mark bedded down in his small sleeping cubicle for the night, something was troubling him. it took him a long time to fall asleep. he knew he was waiting for the other shoe to drop. when he awoke, he felt very, very groggy. his head hurt, too. it seemed he had been asleep for a much longer time than usual. his room was still dark when the lone monitor in it flickered to life. mark instinctively looked at it. the severe visage of dr. rebekah stared at him. “time to wake up, mr. richardson. while you were asleep we modified you again.” his eyes widened, “w-what did you do to me?” “do you feel…hungry?” “yes. i’m very hungry, actually.” “what about sexual urges? are you feeling ‘extra horny’ as one might say?” as soon as she said that, he realized he had morning wood, too. “do you remember my semen recycler gland?” “yes…of course. what about it?” “we’ve replaced your stomach with a large one. your esophagus leads directly into it. then the recycler gland’s seminal output duct feeds into your testicles and prostate.” “i-i-i don’t understand.” “i’m putting you into an endless loop. you’re locked in your room until someone finds you. the only thing you can do in the meantime is suck your own cock…” he was surprised she didn’t say “penis”, her preferred word. “you will ejaculate into your mouth and swallow your semen because you are very hungry. however, it will not curb your hunger. the semen will be recycled by your new organ. it will then feed it back into your reproductive organs, refreshing them in less than a minute.” the light clicked on, mark’s mind began to fill with terror. as if someone else was controlling him, he unzipped his fly and pulled his erect cock out. “for the next several hours--or even days-- the *only* thing you will want to do is the following: suck, ejaculate, and swallow.” he grabbed the edges of his bed, staring at her in abject fear. his cock hummed with need, his balls clenching. “over and over again you will repeat this cycle. you will ejaculate into your own mouth and swallow your own cum hundreds of times. like the sisyphus of semen, you will fellate yourself…endlessly” his mouth watered, his cock thrummed and pulsed hungrily. “never being finished. never being satisfied. never being able to stop. suck. squirt. swallow.” already he was bending over double, taking his cock into his mouth. “that’s it, mr. richardson. suck it, suck that beautiful cock. then squirt. then swallow.” she watched him slurp it, working his member in and out of his own mouth. “when that copious load of semen squirts into your mouth…you will swallow it down like a greedy pig. your semen recycler will capture it for you.” she waited. he came. the torrent of semen flooding into his mouth as fast as he could swallow it down. the pleasure was intense but short. “that’s a good boy. suck. squirt. swallow. all day. every day. fellate yourself. ejaculate into yourself. swallow some more…until you eventually starve….” the monitor screen flicked off. mark looked down at his cock. he had just ejaculated. he was still unsatisfied. the orgasm had brought him pleasure but no relief. no relief from hunger, and no relief from sexual desire. he needed to ejaculate again. he stuck his dick back into his mouth and sucked some more. he need d his cum. he not only wanted it. he not only lusted for it. he felt like he needed it to survive. *** hours beyond count passed. he wasn’t sure how many times he had repeated the cycle: suck, squirt, and swallow. he was exhausted. and so, so hungry. once every few hours the monitor would flick on again so dr. rebekah could check on his progress and torment him with her words. “you’re losing weight already, i can tell. my skinny little self-sucker. this is what happens when the only thing you care about is your cock and the only thing you want is to do with your time is ejaculate. you get what you wish for.” mark stopped sucking himself to look up at her. he was in a haze of confusion, a fugue of insatiable appetites. “don’t stop on my account. i love watching you do that…” he looked down. his cock was red and sore and tired. but it was still rock hard and pulsing with his heartbeat. throbbing, eager, and hungry for his mouth. his mouth was also hungry for his cock and thirsty for its cum. he sucked himself again. “gooooood boy. suck. squirt. swallow.” the monitor flicked off. *** mark lay flat on his back in bed. completely exhausted. he could barely move. he just didn’t have the energy to suck anymore. everything ached. even his dick was giving up. sore from being sucked so long, tired from endless orgasms. its nine inches lay softly against his thinning belly, only about one-quarter erect. he couldn’t understand why, but a constant stream of semen still leaked out of his cock. it trickled in a steady flow. it didn’t gush or squirt or climax. it just flowed out of him slowly…like a garden hose that was turned almost all of the way off but not quite. the monitor flicked on. dr. rebekah’s digital image stared at him lying on the bed. “poor sweet boy, spent at last. i see the cycle of suck, squirt, and swallow has been broken after all.” he looked up at her, “help me, please.” she chuckled, “oh good…i see the semen is still leaking out of you, even though you are not stimulating your penis. tell me mr. richardson, how does it feel?” he didn’t see the point in lying. “it’s interesting…it feels good actually. it’s not nearly as intense as a normal orgasm but it’s like a steady sensation of gradual relief and mild pleasure. i also feel as if…” “you’re floating? or perhaps fading away?” “yes, doctor. well said.” “what i didn’t tell you before is that your metabolism has been radically modified. your body has been reprogrammed so that semen production is its number one priority. because you are no longer recycling your semen, it is now harvesting whatever resources it can to continue to produce it.” she smiled down at him from the monitor screen, waiting for him to comprehend. he struggled to speak in a croaky voice, “so…basically…my body is consuming itself so i can cum myself to death?” “precisely. i’m thinking when this is finally over, all that will be left of you will be a penis and a giant puddle of semen. a fitting monument for you, mr. richardson."""" she waited for him to say something. he didn't. she shrugged. """"perhaps i'll save the new penis in a jar and put it on my bookshelf next to your old one. i'd really enjoy that.” the monitor flicked off. it did not come on again. days passed. *** the door was forced open, loudly. julie came running in. her shoes splashed across the floor. “oh my god, you look like a skeleton!” she picked him up, he was light as a stuffed animal in her arms. “they tried to hide you. this sleeping cubicle looks like yours but it’s not, it’s a duplicate. it’s well hidden. i had to trace dr. rebekah’s monitor signal…why am i wasting time telling you all of this?” mark could just barely register her presence. he wasn’t sure why she was hear. was julie going to hurt him again? he hoped not. it felt nice here in her arms. “i’m taking you to the regeneration lab. it’s the only hope. looks like i’m saving your sorry ass again, mark richardson.”""",1
736363,"the twenty-two towering tenets of fatlogic after reading this sub for many moons and hearing firsthand accounts of said moons, i have decided to compile a three-part, jimmy-rustling compendium of sweetened, condensed fatlogic. every artery-clogging principle of fatlogic i've observed has been added to this list. if anybody can think of other examples that are not related to the ones written below, make a good case for it and i will add them to an updated list. it goes without saying that this list will need to be revised regularly. given enough time, the entitled will always find new ways to justify their stupidity. **the physiology** 1\. ""i am unhealthy, but nobody can tell me that i'm unhealthy."" &gt;my body is perfectly fine. you can't say anything to me because you're not a doctor. if you are a doctor, you're still wrong. you may have gone through a decade of schooling but that doesn't mean anything because my condition is not due to my weight. you're only refusing to give me the pain meds/catscan/lapband surgery because you're trying to fat-shame me. 2\. having a medical ""condition"" is a blank check to do nothing and eat as much as you want. it requires neither a formal diagnosis nor a measured treatment plan. serious conditions, like type 2 diabetes, require no lifestyle changes at all, just medication. having a condition makes even mild hunger a life or death situation. having a condition will always trump the laws of thermodynamics, so weight loss is impossible even under the most strict diet. two opposing conditions can't cancel each other out. they can only magnify the hunger. &gt;muh blood sugah was low, so i had to eat the whole cake. then muh blood sugah spiked, so i had to take more insulin. the insulin made my blood sugah too low so i had to eat the pizza and all of the potato salad too. i don't care if it was for your nephew's birthday party! he took too long unwrapping his presents and i was going to pass out and die! it's all his fault. i have a condition. &gt;my body requires more calories than other people because it is so big. i'm fat because my metabolism is too slow. i have a condition. pass the syrup. 3\. being fat is a more important disability than all other disabilities. &gt;you're a paraplegic? walk it off, this is my parking spot. i need to be at the front of the line for everything. my disability is an inconvenience that covers all aspects of life and i deserve to be compensated for it... by everything and everyone. 4\. the morbidly obese are not bigger than normal people because they are fat. that's a lie perpetuated by the bmi. they just have big skeletal frames and weigh more than normal people because muscle weighs more than fat. &gt;this is not fat. this is muscle. i'm big-boned and i have too many muscles, which is why i have a hard time standing or walking... or doing anything, really. 5\. exercise is dangerous to your health. exercise makes your heart work too hard and lifting weights tears your muscle fibers. apparently this damage is irreparable. &gt;sorry, i'm too health-conscious to come to the gym with you today. exercise will ruin your health, you know. it'll give you heart attacks! it's true because i read about it in some ten-year-old science article that i barely understood. 6\. if bathing and wiping becomes physically challenging, standards of hygiene no longer apply. concessions need not be made to ensure proper cleaning. &gt;yay! i found the box of milk duds i lost two months ago! it was hiding in one of my folds! **the feels** 7\. fatties hate to fat alone. &gt;i need people to be fat with me because it is the only outlet i have for being social. eating is the only activity i know and love. you better not try to lose weight or you're gonna make me look bad. turning down an offer of food is a treasonous act of war and i am general fatton. 8\. a fatty is never too big. everything else is too small. holding a fat person accountable for the damages and inconveniences caused directly by their body's immense size is fat discrimination. everyone should have pre-emptively built/moved/reinforced everything to accommodate for their size, safety regulations and laws of physics be damned. &gt;it's not my fault that i don't know the dimensions of my body. plane seats are getting smaller. my clothes are shrinking. this chair must've been made out of toothpicks. i'm a healthy person in a world built for anorexics. 9\. big is more ""beautiful"" than beautiful. a skinny person should never turn down a fat person's romantic advances. conversely, a fat person should never be expected to settle for another fat person. big is beautiful and deserves to be rewarded with sexytimes from somebody thin, fit and muscular. &gt;men like meat. dogs like bones. i like cake and men with chiseled abs. teehee. 10\. anger towards the obese is *always* rooted in jealousy or envy. &gt;don't be mad just 'cause i broke yo chair. y'all just hatin' 'cause you wish you could have these currrrves. 11\. size discrimination is a one-way road. &gt;nobody wants to work with skinny bitches. you're just a skinny bitch who hates me because i'm a ""real"" woman. what? you can't report me to hr for making fun of your weight! i'm going to report you first, you little twig! you're the oppressor! you walk around this office like you own the place, flaunting your boney self by not eating any of the donuts in the break room. you're just trying to insult my weight by being anorexic and skinny. 12\. only fat people can be beautiful on the inside. thin people never have to work for anything or develop their personalities, so they're automatically dumber than fat people and less charming. &gt;skinny people can never understand me because they're not fat. they're too busy starving themselves and being worthless assholes with nothing to contribute to society. i hate skinny people and i wish all of them would shut up and die. *sigh.* if only they weren't so stupid and put off by my weight, they would be able to see that i have a wonderful, caring personality. **the food** 13\. being fat makes you an authority on everyone else's health and nutritional needs. &gt;""you should let me have that slice of cake because it'll just make you fat if you eat it. i'm looking out for you. also, you should've eaten more for dinner because you look way too skinny. and your kids are too skinny. you better not stop me from feeding them this entire tub of battered lard or i'll call cps on you for starving your children."" 14\. vegetables are ""rabbit food"" and eating them for even a single meal will send you down the path towards becoming dangerously anorexic, even if said vegetables are swimming in a gallon of ranch. &gt;what is this? spinach? there better be a baconator hiding at the bottom of this. how am i supposed to get full off of this stuff? 15\. everything a parent knows about nutrition is always the correct interpretation. they grew up at a time when everyone was skinnier, so they know better than you or any doctor. a growing child needs all the calories it can get. there is no such thing as childhood ""obesity."" they just haven't had their growth-spurt yet. &gt;when i was a kid we used to eat all kinds of candy and junk food and run all over the neighborhood getting into all kinds of trouble... what's that, son? you're tired of playing skyrim for the past 10 hours and you want the latest copy of battlearmy 4? alright then, hop in the van. let's go to gameshop. yes, of course we're stopping for mcdonalds on the way. ask your baby sister how many orders of nuggets she wants. make sure you roll her over before we leave so she doesn't get any bedsores this time. 16\. a healthy diet is whatever you feel like eating, whenever you feel like eating, as long as it is accompanied by a diet coke or similarly low-calorie option. because you're trying to watch what you eat. &gt;gimme two orders of double-fried pork rings and an order of bacon-battered butter bombs - with the russian style dressing - and a triple-quarter-pounder patty-melt with the french fries, fried chicken, fried mozzarella sticks, battered jalapeno poppers and deep-fried sweet potato tots stuffed in a footlong loaf of garlic bread and make sure it's got extra extra mayo on it this time. oh, and gimme a diet coke. 17\. crash diets are bad. therefore, all diets are bad. &gt;counting calories is something only anorexics do. are you anorexic? denying yourself calories will only make following your diet harder and you'll end up cheating on it even more. that's why 95% of all diets fail. you're just going to gain it all back. just give up already. 18\. the calories don't count if you don't write them down in your food diary and nobody sees you eat them. &gt;""weight watchers says that coffee has no calories! that means if i blend a brownie into it and fill it with heavy whipping cream, i just mark it zero in my diary! dieting is so easy."" 19\. promising to start your diet tomorrow means you can eat whatever you want today. &gt;i swear, i'm really gonna do it this time. tomorrow i'm gonna go on that diet. i'm so excited! i'm going to start today by eating all the foods i'm going to miss the most. just like yesterday. 20\. if a diet makes you lose weight, then combining as many diets as possible will make you lose *even more* weight. &gt;""i'm doing the ketogenic, vegetarian, raw, liquid, ph, atkins, cookie diet. i mixed them all together into one. i'll just follow a different one every day so i don't get bored and i'll be losing weight in no time!"" 21\. any form of exercise deserves an immediate reward containing at least as many calories as you burned, if not more. &gt;it's ok if i have this pint of ben n jerry's, because i walked five blocks to the corner store to get it, instead of just driving there like i usually do. 22\. there's an anti-consumerist food conspiracy out there keeping us fat. all food is unhealthy because companies want you to be fat. there's fat-making particles in all food. even our air is making us fat! there are no healthy options, so it's pointless to diet. &gt;tinfoil for my head? no, i was going to use it to wrap the leftovers. lol, just kidding! there are no leftovers!",1
421575,"i am 6'4"", 140 lbs. and am rail thin, have an inverted chest and a life expectancy of between 30-45 years. i have marfan syndrome. ama. hey read-it users! since i was a wee kid, i was always particularly skinny. it wasn't until i was about 14 that i took a look down at my chest in the mirror and saw how sunken it was in the center. i did some research and put two-and-two together and realized that i was a likely candidate for marfan syndrome. marfan syndrome is a genetic disorder that is carried on gene fbn1, which is responsible for encoding fibrillin-1 and fibrillin-2. basically, that gene is mutated and creates mutated fibrillin, which bonds to transforming growth factor beta, a protein that noodles with your muscle and connective tissues. this crap builds up on the lungs, the heart (specifically, the aorta) and makes marfans skinny, lanky and spider-like in appearance. my mom and i went to a series of doctors, asking them to help me figure out if i had it or not. after getting the run-around (as there are so few marfan specialists in pennsylvania), we finally met with a doctor in a nearby city that confirmed the diagnosis: i had moderate marfan syndrome. basically, marfans tend to have a similar appearance and similar issues. the most common are a pectus excavatum (a sunken chest) or pigeon-chest (a raised chest), myopia, arcachnodactly (thin, boney fingers and toes), mild scoliosis, pronounced lung issues, particularly flexible joints, goofy skeletal structure, a massive, cripplingly large penis (40 feet or more) and sometimes dural issues (causing lower back pain). i have all of these things, minus fluid on my dural sack. also, i lied about the penis thing. as marfan's is a genetic disorder, there is no cure for it. however, there are various medical procedures to treat the symptoms. for example, there are beta blockers available, a nickel splint for the heart valves, and of course the famous [nuss bar.](http://en.wikipedia.org/wiki/nuss_procedure). you can read more about [marfan's here.](http://www.mayoclinic.com/health/marfan-syndrome/ds00540) however, i have had no procedures done and do not take any medicine, nor have i ever in the span of knowing i had it. i'm 21, going on 22 now and have had marfan's present in my life for about half of those years. ask me anything! *edit*: wow! this got popular in a hurry! i just woke up at about 12:00 pm (long night), so i'll get to answering questions immediately.",1
917793,"21 fat ass &amp; big dick, only big dicks and fat asses invited, no small cocks message me something interesting ;) - depraveddaddy",1
536013,"what is going on with me? age: 27 sex: female height: 5’6 weight: 161 race: caucasian duration of complaint: over a year location: whole body existing conditions: hypothyroidism, anxiety, depression, migraines current meds: prozac 60 mg/day, venlafaxine 2x/day, levothyroxine, sumatriptan prn i had my second baby a little over a year and a half ago. when he was born i left the hospital weighing less than 130 pounds. since then i have gained 40 and dropped about 10. i attributed it to nursing and my extra calorie intake. however, with all of this i have had extremely sore and stiff joints. my back hurts worse than when i was pregnant. i have what looks like a lump of fat at the base of my neck between the tops of my shoulders almost, it appeared over the last year or so. i am unbelievably fatigued, my menstrual cycle has still not regulated after pregnancy and when i do get my period it’s so heavy and painful etc. my migraines have worsened.. i feel like a medical anomaly. i recently moved out of state so i’m just getting all caught up with a new primary care physician but it’s a slow process. additionally, i have gotten (what seems like overnight) dark purple stretch marks all down my inner thighs. probably from weight gain but my weight gain is mostly in my belly and face it seems.. wondering what i should be looking into and possibly any thoughts on what is wrong with me. **i also have an umbilical hernia that is being repaired next week..",1
274494,"looking for a slim or fit guy (under 21) i'm looking for a ""son"" who's into showing off must be: submissive, on kik/skype, under 21 &amp; slim or fit - to strip, dirty talk, moan &amp; do anything i want you to do",1
851751,"fatlogic assumptions about bodies i was recently wondering: what do they think the purpose of fat is? so, in an effort to work it out, here are some assumptions you must make about the human body in order to believe fatlogic. 1: your fat is an integral part of you, like bones. unlike muscle, your fat levels can't go up or down. [making fat the most unique substance in the body, as you can control your body in order to gain or lose: muscle, bone tissue, water, blood, skin, nails, hair...etc, but not fat.] 2: fat is used for fuel only when in an emergency situation. (such as being under anesthetic after heart surgery.) if you weren't fat, you'd die. [as the drs clearly wouldn't have given you nutrients via iv if you'd been a normal weight; they would have just left you; leaving you had nothing to do with the fact that you fat has all the nutrition you need, so they wouldn't waste products where they didn't need to.] 3: fasting puts you into starvation-mode and you'll gain weight even if you eat nothing. [as fasting is in no way an emergency situation. why you aren't eating (surgery, fast, lack of food, illness) predicts the outcome of not eating, as your fat knows what you're doing and adjusts accordingly. if it's for surgery, your body can use the fat, but if you just fast, your body will make fat out of air.] 4: your metabolism, from the point you're a mature adult, doesn't alter. [you can't speed it up by putting on muscle, slow it down through stress or alter it in any way at all. if you lose weight, you'll still need to eat as much as you did when you were fat. this has nothing to d with your weight re-gain.] 5: your body's setpoints can't be altered. [apart from up. you will always return to the highest size you ever were as an adult, but you won't ever return to the smallest size you ever were as an adult. if you gain weight, your diet can't have altered, it's just your body going to back to its natural setpoint. this can happen a month or ten years after losing weight, because setpoints are forever.] 6: fat is not stored energy, but an extension of your skin. [so your body will treat it like skin and not want to burn it ever. if you lose it, it's like losing a functional limb or an organ.] 7: extra weight has no impact on the functioning of your joints and bones. [your bones are designed to live with whatever weight you put on them. carrying 60kg more than nature intended will just cause your joints to magically adapt and become wider and stronger and your bones to become thicker and denser. you don't need to work on making your bones thicker, it just happens automatically, even if you're bedridden. and they will develop thick enough, no matter how much you weigh. weight has never negatively impacted anyone's mobility.] 8: extra weight has no impact on the size and health of your muscles. [your muscles don't need to grow to accommodate your weight and aren't affected by the streaks of fat growing through them. the fat is meant to be there and does nothing to your blood-flow or muscle density at all.] 9: extra mass has no impact on the function of your heart or lungs. [because you don't need more blood or more oxygen than a normal person, because your fat is your basic body. a person who weighs 65kg and a person who weighs 140kg both need just as much oxygen, blood volume and nutrients, as both of them are at their ""base weight"", so both should need a ""base weight"" amount of blood, blood pressure and oxygen. after all, fat is just skin and doesn't need extra anything to survive.] 10: people who lose weight were meant to be fat and shouldn't have. 11: people who gain weight were meant to be fat all along. [only those who are thin their entire lives are meant to be thin and, even then, they probably have an eating disorder which keeps them that way. your weight can fluctuate a little, but you can't just stop being fat. once you've been fat once, it's your natural state.] 12: keeping a healthy body comes at the expense of everything else, because it's very hard to stay healthy, so you can't have time to read, create, shop, socialize... [which is why thin people enjoy being thin: they clearly have no sort of education, no hobbies, no friends...etc. they can't possibly like their diet or the exercise they do and resent fat people because fat people have the time to get an education, watch tv and socialize.] 13: humans are designed to binge when we can. this means we're designed to be fat. [because our bodies definitely didn't develop the binging mechanism to cope with periods of extreme famine. and fat isn't a fuel source.] 14: the modern environment and foods are in no way different to hunter-gatherer's lives, let alone to those of people in the 30s, 40s and 50s. [we've always been eating 3700 calories/day, consuming refined wheat and hydrogenated oils, moving around on wheels and watching tv instead of exercising. it's the natural human state] 15: humans prefer very fatty people. those who don't are brainwashed or in denial. nobody likes a slender or hourglass figure. [and any studies that show that being slender or hourglass gives you health benefits were conducted by fetishists that form the minority of people, who want to confirm their own lust. and any studies that show most people prefer slender or hourglass figures are a result of brainwashing and cherry-picking. and combining the two to see that slender and hourglass people do better and are attractive doesn't indicate mate-selection, it's just part of modern society's fat-bashing.] 16: fat and weight in no way affect any health problem. they can't cause it and can't worsen it. asthma can't improve or clear up when you remove 20kg of extra weight from your chest. [because carrying extra weight, as discussed, doesn't have any effect on your bones, joints, chest cavity, blood pressure...etc] 17: if you consume too little, your body balances it out by making glucose and ketones out of nowhere, so as to not burn your precious fat. 18: if you consume too much, your body fails to absorb the calories, so it doesn't cause weight-gain. [therefore, diet can't cause you to gain or lose weight, ever.] 19: eating disorders (bpt, anorexia, bulimia) are the same thing as disordered eating (crash diets, binges, unnecessary elimination diets). [if you've ever spent a few hours or an entire day without eating, then that's an eating disorder. eating disorders cause you to lose weight, because your body can tell the difference between an eating disorder, a calculated fast, starvation and a restricted diet and will lose or gain weight according to your intentions. eating disorders are the only way you can lose weight through dieting or fasting.] 20: small size = anorexia. if you're underweight, it's definitely because of poor eating habits caused by a mental problem. [nobody is ever thin or fat because of neglecting their diet.] 21: if you have a genetic predisposition to something, you will get it. if you inherited genes associated with obesity, you will get obese. if you inherited genes associated with heart-disease, you will get heart-disease. if you inherited genes associated with cancer, you will get cancer. your size and overall health in no way interact with your genes. if you are fat and get cvd, then you had the (entirely separate) genes for both. if your sister is thin and didn't get cvd, then she lacked the genes for either. [your every genetic trait is an inevitability, there is no difference between genotype and phenotype (in fact, phenotype doesn't exist) and if you don't get something your parents suffered with, it's because you didn't inherit it.] 22: most (if not all) fat people are genetically fat. [even though there were very few to no fat people in the past, so they must have been reproducing like lemmings. also, every appearance of a fat person pre-1970s shows that fat is not down to diet, because everyone ate and exercised the same in the past.] 23: if you have family members who used to be fat but lost weight and kept it off, then they're undereating and overexercising. [there is no way they can have the same fat-genes as you and get and stay thin. they're clearly suffering from an eating disorder.] 24: fat bodies are in no way harder to manage than thin ones. it doesn't take more people/strength to lift 200kg than to lift 60kg. it isn't harder to dig through 20"" of flesh than it is to dig through 2"" of flesh. it isn't harder to have sex with someone with a fupa than it is to have sex with someone with a flat pubis. it doesn't cost more money to make a cat scanner 4 feet wide than it does to make one 1 foot wide. 25: being thin gives you no advantages and is undesirable. nobody should want to be thin for any reason. if they do, it's because of low self-confidence, because they can't really want to be thin. [it doesn't improve your health, any social benefits are down to privilege, people prefer to date/fuck fat people anyway...etc.] 26: ""intense"" exercise is the same for everyone. if you sweat a bit when walking about the house, or climbing 40 steps, then that's moderate activity. if someone else doesn't sweat whilst jogging for 2h, then that isn't even light activity. [because what matters isn't how much energy you expended, it's how tired you felt.] 27: ""health"" is the same for everyone. if you and your friend both eat oreos, it doesn't matter that you ate 10 and he ate 2; as you both had a treat/cheated, then you'll still both see the same results. [because what matters is what you eat when you can see each other. if you both had oreos, the quantity of oreos doesn't matter and it doesn't matter that you had chips for lunch and he had a salad; you both ate the same.] 28: because most thin people are unhealthy, then you can also be fat and healthy. [and because all dogs are mammals, all mammals must be dogs.] 29: intuitive eating works in a modern environment. [which is, as discussed, in no way different to every environment humans have ever lived in. there's no way that quantity and quality of sugars and nutritional density of foods can make you still be hungry when you've had enough calories.] 30: if something can cause weight-gain that's outside your control, then it's to blame for all your weight. (medications, genetics, set-point, water-retention, having a baby...) if something can cause weight gain that's entirely within your control, then it didn't do anything to your weight. (diet, exercise, sleep patterns...) [even if you dislike your weight and have problems with it, it has to be out of your control, because nobody has control over their bodies.] courtesy of tritename [square brackets by the great and noble al]: 31: nobody ever cares about the health of an overweight person, they all just want to shame fat people. because you can´t really care about the health of people you don´t know. every fat acceptance activist just wants to make the world a better place because they care about the health of all people. [because being fat is the only way you can care about other people and people who are thin are always out to attack you for being fat. all thin people are dissatisfied sadists who want to hurt you for being better than them.] courtesy of dairydog91 [square brackets by the great and noble al]: 32: athletic bodies are simply the result of genetics. the guy with the muscular shoulders, strong butt, and six-pack abs just has those features because he was born that way. he doesn't need to manage his diet, and he certainly doesn't have low body fat because he has high daily energy expenditures and a diet that provides just enough calories to support those expenditures. he lifts weights for the sole purpose of showing off for skinny bitches (actually, he's showing off for the curvy girls, which he prefers, but he will date skinny girls because of social pressure). 33: your body weight in no way reflects your personality. the fact that you eat 6000 calories a day, use cake to regulate your emotions, and don't believe that you should feel any obligation to ""look good"" for a romantic partner in no way says anything negative about your personality. [because someone who drinks until they pass out every night, someone who starves themselves and overexercises, someone who spends every waking hour trolling online or someone who commits multiple rapes aren't giving indicators of their personalities either. the state you are in or the actions you perform have nothing at all to do with your individual nature.] 34: people's ideas about what is beautiful and what is ugly are purely the result of social conditioning (except sexual orientation. that is the only standard of attractiveness that is determined by biology). the only reason that modern society does not share the beauty standards of neolithic tribes is because of social conditioning and fat-shaming. also, we can determine what all/most men in a neolithic tribe would have considered to be the ""sexiest"" female body by looking at an ancient fertility idol. [because humans have always had a ready supply of fat people which we have preferred. also, fat being genetic, it's obvious that the prevalence of obesity in the modern day is a result of millions of years of mate-selection towards a fatter and fatter partner. one day, everyone will be fat (or would be, if it weren't for these societal pressures keeping men from the plump women they naturally prefer).] from al again: 35: if you can't perform an action because the fat gets in the way, people will have to take your word that you can do it. for example, if you can't get into a yoga pose because your belly stops your back from bending enough, you can do it and have the same flexibility as someone who does it; you just can't prove it because the fat gets in the way. [because physical condition is definitely not something you need to work on regularly to maintain. if you used to bench 65kg, the fact you can't any more is because the fat won't let you get it low enough, not because your muscle has degraded. if you used to bend straight in half, you'd still be able to, despite the fact your stomach has stopped you from performing this move for over five years.] courtesy of carolinejohnson [square brackets by the great and noble al]: 36: the bigger you get, the higher amount of calories you need to eat in one day/hour/whatever you count this by. for example: if you're a twig, you will only need to eat 1000 calories a day to maintain that anorexia. if you're a healthy weight, you will need to eat 30,000 calories a day or you will not be able to keep your healthy figure. [and the amount you eat is never responsible for your size. it's actually the other way round: naturally big people need more food to stay at their natural weight.] **got too long, more here: http://www.reddit.com/r/fatlogic/comments/1vggzx/fatlogic_assumptions_about_bodies_ii/**",1
420537,"[f4a] an old milf secretary becomes a free-use slut the free-use laws that passed in our city were actually very friendly to the women who were being used. all women were to become free use sluts, but they were going to be supported by the government, were kept in the best condition and were paid handsomely. in addition to that there were strict rules and limits on what was allowed to be done to them. but i was shocked to find out that those laws only applied to young women. the ones with soft perfect skin, taut asses and perky tits. i was none of those things. i was an old woman whose tits have been sagging for a while, whose skin was old and whose ass was flabby. as it turned out none of those rules applied to me. i was still expected to become a completely free-use slut. but i couldnt quit my job, which was, at the time, being a secretary at a large marketing firm. i was not going to be paid any money. and there were absolutely no rules or limits about how men were allowed to use me. but what could i do? rules were rules. and i was going to go from being a secretary to being a secretary and a complete no-limits free use slut. --- hey dpp! i want to set up an rp in this world. as you can see its very open ended so i would love to hear what we can set up in this world. my kinks include: body shaming, age shaming, pain, humiliation, anal play, group play. my only limits are scat and beastiality. i hope to hear from you soon! love, amy",1
216756,"25 [m4f] nj - a good time with a cute, adventurous guy. if you want someone to fuck you like you've been aching for, this post is for your eyes. i'm cute with a skinny but strong and fit physique and i'm impeccably clean. i'm usually *very* dominant in the bedroom, so if you're looking to be ravaged by someone who won't shy away at the idea of giving you what you've been aching for, your search ends here. if you're tired of gentle taps to the ass masquerading as ""rough play"", or yearn to be pinned down and held close and have your hair gripped firmly as you're being filled deep, message me. i'd love to tell you how much of a ""good girl"" you are as my cock stretches that tight, wet hole. let me satisfy you. sliding my cock into a warm pussy gets me off like any other guy, but *nothing* gets my blood hot more than watching a woman writhe, twist, and moan due to my actions. i don't discriminate when it comes to age or ethnicity, and generally find something to admire in most women. i want good sex and new experiences, and know that those come in many forms. unless you take no pride in your appearance or hygiene, don't shy away. be comfortable in your skin, be confident, and you'll do just fine. i promise not to judge you or balk at any of your fantasies. you might be surprised what i'm willing to do with you. i'll only bite in the bedroom, pinky-swear. if you're not genuinely open to the idea of meeting a ""stranger"", please don't waste my time. i'm **not** interested in sexting, skyping, or anything that doesn't involve my hands on your flesh and my cock inside you. if you can't have me over, i'd be more than happy to spring for a nearby motel or host you if your close by. don't let something as trivial as location stop you. i'm in northern nj, but if you're in nyc, or even in central/southern nj or philly or within 2 hours of me, message me if what i've written soaked your pussy in the slightest. so, there it is. a candid r4r ad without the bullshit. if the idea of two mature, confident, sex-positive people indulging themselves excites you in the slightest, the next move should be obvious. if you're not comfortable sending a picture of yourself outright, please do me the courtesy of describing yourself by including your height/weight in your response so we're not wasting each other's time.",1
326628,"my step-sisters are nudists?! part 2 [mf, inc, oral, exh, voy] i woke up feeling a soft firmness in the palm of my hand. i blinked my eyes open, revealing a long, nude back, a small, pert set of buns, and a short head of black and red hair. eva?! i squeezed my hand gently again, testing my suspicions. yes, in my sleep, my hand had found its way to her voluptuous breast. its point was hard, a contagious condition that had spread to my cock. my morning wood was firmly nestled between eva’s cheeks. but what was she doing here? should i be doing this sort of thing with my step-sister? we weren’t related, so i guess it was ok. our parents weren’t even married yet. there couldn’t be anything wrong, right? then again, did i really care? i didn’t want to admit it, but i wasn’t listening to the head on my neck right then. i settled down, enjoying the feeling of eva’s breast pressing against my palm. i gently, slowly massaged it, careful not to awaken eva, eager not to let this opportunity slip through my hands… the door opened. i lifted my head and saw baoqing wearing a white towel wrapped loosely around her waist. her wet hair was plastered to her chest. droplets of water still clung to her body. steam rose lightly off her hot, pinkish skin, floating lazily towards the ceiling. an unlit cigarette already sat in her mouth. she surveyed the scene. for the briefest moment, her eyes narrowed in annoyance, but then the expression vanished. “you should be out of bed by now, matthew.” a pause. “why are you in bed with my little sister?” she asked. “i woke up and found her here!” i said defensively. i pulled my hand off of eva’s breast and continued. “i didn’t do anything to her. i just woke up a few seconds ago.” i gently grabbed eva’s shoulder and rocked her awake. hopefully she could explain things. “and for the record,” i added, “she’s in bed with me.” eva yawned loudly and looked around the room. “good morning, bao. good morning, matt. what time is it?” “why is matthew in bed with you?” baoqing asked, deliberately ignoring my earlier remark. “i was lonely, and i know you don’t like sharing your bed,” she explained. she pinched my cheek, adding, “and matty just looked so adorable sleeping, i thought he’d make a good teddy bear.” i started. under the covers, eva’s other hand was now gently wrapped around my hard-on. i looked at her meaningfully, but she only smiled and winked as she began to move her hand up and down my shaft painfully slowly. i tried my best to keep my face deadpan as she continued. “i slept really well. how was it for you, matt?” she asked innocently, staring directly at me with her big, beautiful, brown eyes. “um, it feels great, felt great! it felt great. i slept really, really well.” i smiled weakly at baoqing, hoping i looked innocent, rather than about-to-cum-and-desperately-begging-for-it. i squirmed helplessly in eva’s grip. “i find i sleep better nude, as well,” baoqing said, with a bored look on her face. once she had gotten her information out of a conversation, it held no more interest for her. “you should shower now. mother will be cooking breakfast soon.” she walked towards the door, stopping at the threshold. “and sister? stop teasing matthew. he looks about to explode,” she advised without even turning around, before walking into the hallway towards her room. my cheeks ignited. she had known? well at least she was gone now. i looked hungrily at eva, who promptly removed her hand. i gasped in disappointment, my heart stabbed, my hopes betrayed. “almost time for breakfast, matt,” eva said, leaping out of bed, her firm breasts jiggling when she landed. “you can take your shower first. you’re the guest after all,” she said with a smile and a laugh, tilting her head to one side. was my dick a toy to her, to be turned on and off? i groaned. “ya, sure. i won’t be long, don’t worry.” i climbed out of bed, my cock jutting skyward. when eva saw it she giggled, holding her hands to her mouth. “sorry mattie, but it’s just so much fun to play with.” she knelt down and gently batted it like a curious kitten. she looked up at my eyes, her lips only an inch from the smooth, red head of my hard cock. “i bet you play with it all the time, don’tcha?” she asked with interest. i turned my head away blushing. “n-no… i should take my shower now, eva. i’ll see you downstairs.” i hurried out of my room, my hard-on swaying uncomfortably, and barricaded myself in the bathroom. my cock throbbed with my every heart beat, bouncing along to my pulse. there was no way i could go all day like this. i turned on the water and stepped into the shower. the hot water against the nape of my neck made me moan softly. thoughts of eva and baoqing were dancing through my imagination. i grabbed the soap and i lathered up my swollen manhood. i placed one hand at the base to steady my cock, and with the other i patiently worked my way up and down its curved length. i tightened my grip, squeezing firmly as my hand reached the glans, pumping the shaft steadily as i let my imagination roam free. i imagined eva and i lying in bed completely naked, wearing nothing but each other’s arms. her sleek black hair hiding her big, beautiful, brown eyes seductively. our lips meeting passionately and repeatedly, unable to bear being apart. no sooner would we separate than our mouths would seek their partner out anew. our hands would roam adventurously. mine finding her toned ass, spanking her, making her moan wordlessly, animalistically, making her sigh with pleasure. hers wandering towards my dick, feeling my hardness, gasping with impressed surprise. her lips wrapping around the head of my cock, my shaft vanishing between her lips as she took the entirety of my shaft inside her. her tongue licking, her mouth sucking, as i gripped her shoulders in ecstasy, moaning for her to finish me. i imagined impaling baoqing upon my rigid cock, watching her petite tits bounce jubilantly as she rode my cock to wave after wave of orgasmic pleasure. her red lips parted as she moaned my name loudly without inhibition or restraint, unable to contain her pleasure. my hands squeezing her breasts, caressing them, massaging them in circles as i held her pebble-hard nipples between my fingers, softly pinching them rhythmically to her moans of ecstasy. my cock spasming as it released jet after jet of my white, hot, cum inside her. every bump as my fingers passed the crown of my dick brought a spike in pleasure. the orgasmic tide growing deep within me grew higher and higher, my heart raced, my hand was now a blur as i stroked my cock to climax. the hot water poured down my body as the room filled with steam. i changed my grip to put more friction against the underside of my long, thick shaft. i began twisting my hand as it passed by the head of my cock on each stroke. my head tilted back and my lips opened reflexively as the pleasure grew. i began to groan and moan uncontrollably. an irresistible warmth tingled inside the head of my cock. i knew the end was coming. any sort of complex fantasy i might have imagined vanished. all i could focus on was orgasm. my balls convulsed as i watched my cock tremor, shooting out three, four, five powerful jets of creamy-white cum across the shower, landing against the tiled wall. i exhaled deeply, thankful for the blessed relief. semen dripped from my wilting cock as i exhaustedly slowed my hand, panting heavily while bathing in the warm afterglow of satisfaction. i could barely stand. my knees were weak and my body exhausted. maybe now i’d be able to focus, i thought to myself. i finished my shower and headed downstairs for breakfast. after breakfast, we got ready to head to the beach. i was a bit worried, but winxia took me aside and sat me down to encourage me. “don’t worry so much, matt. you’re just another guy out there, no one’s going to be paying attention to you, they’ve seen it before. just relax. besides,” she added, whispering in my ear, “if they do pay attention to you, they’re going to think you’re hott. trust me. you have a handsome face, nice muscles… and since i know boys always worry about it, let me say that you have a very nice dick, and if any girls look at it, it’ll be in admiration. and matt?” she pointed towards her face with both hands. “girls’ eyes are up here, honey. make sure you remember that on the beach.” she pulled back and winked while i bit my lip and tried unsuccessfully not to fantasize about her and her full, round, creamy breasts that had just been bobbing in front of my face. baoqing brought a large bag with her, carrying our lotion and lunches. eva and i carried only our towels and my copy of the histories. baoqing had put on her choker again, drawing my eyes towards her beautiful face and hazel eyes. it was a shame she didn’t smile more often… as we walked to the shore, i could feel my heart drumming in my chest. my forehead was beaded with sweat. my knees felt weak and i had butterflies in my stomach. i had gotten over the fear of being seen by eva and baoqing, but i wasn’t sure how i’d do around strangers. as we walked, a noticed a few people looking at me. the guys watched with envy at the sight of me with two beautiful eurasian girls. the women observed me with interest. i blushed slightly, glad that i had been working out so much lately. i admit, the attention was getting me hot. we found a good spot near the water, but above the high tide line, and set down our things. the air smelled of salt. the celadon waves gently roared. the golden sand was soft and smooth beneath my bare feet. a few seagulls cawed, circling overheard, ready to steal any unsupervised food. i wondered how many people would trade places with one of those seagulls for the day, and be able to fly over a nude beach with a bird’s eye view. i surveyed the beach. it was filled with dozens of naked men and woman, relaxing, tanning, enjoying themselves. some teenagers were playing volleyball nearby, a few patches of wet sand their only covering. a couple had a blanket on the dunes and was eating a picnic, their eyes locked on each other. parents walked along the water with their children. it was a typical beach scene. winxia was right, though. a few girls glanced at me from time to time, but i wasn’t the center of attention. they had seen naked guys before. i really didn’t have any reason to worry. my fears just melted away. i felt so comfortable. the wind felt fantastic as it caressed every inch of my nude body. i could only imagine how the water would feel. everyone seemed so happy, so full of life. i breathed in deep, savoring the ocean breeze. i reminded myself to thank my father later. this really had been a great idea. “mattie,” eva asked, “will you lotion me up?” she turned her back to me, sitting on her towel. “ya, sure.” i squirted some of the lotion into my palms and began to massage it into her back. i slowly covered her whole body. her back, her neck, her arms. i could feel her muscles as i caressed her. “lay down,” i ordered. “i need to do the rest of you.” eva giggled and did as i commanded, draping herself onto her towel, her face towards the cloudless sky. i emptied more lotion into my hands and continued my work. i did her face, making her smile as my fingers tickled her ears and cheeks. i rubbed lotion into her long, smooth legs. i slowly made my way up her abs, to her ribs, and finally to her massive breasts. she gasped at my touch. tease me, will you? i thought to myself, smirking cruelly. i cupped her breasts and began to gently massage them in circles, squeezing and releasing gently, holding her stiff nipples between my fingers, gently pinching them as i rubbed her chest. she bit her lip. her pussy became lightly dewed. “all done,” i announced. her eyes opened and her lips pouted briefly, but they quickly returned to a smile. “thanks mattie!” she stood up. “i’m going to go for a nice, cold swim. anyone wanna join me?” “no thank you, sister. i think i shall read first. i may join you later,” baoqing replied. i shook my head “no” as well. she pouted again. god her lips were cute when she did that… “you two are party poopers. i’ll find someone else to go with, then,” she declared, heading off down the shore to find a new friend. “matthew, will you apply my lotion as well?” baoqing asked me. “of course,” i said, smiling. baoqing lay down on her stomach and i began. i lingered longer on her back, giving her a proper massage, gently kneading her muscles, accompanied by her soft moans of pleasure. her perfectly tanned body, devoid of any ugly pale tan lines, looked so strong, so healthy, so gorgeous. i privately decided that this was how all girls should tan. i ran my finger slowly down her spine, thinking deliciously naughty thoughts about her vulnerably nude body. “you are a very good masseur. have you trained?” she asked. “no, just lots of practice,” i admitted. “i’m glad you like it.” i brought my hands down to her lower back, working my hands in slow circles, putting my weight into it. after putting more lotion into my hands, i did her arms and legs quickly, before lingering on her behind. i was worried she would tell me to stop, but the only sounds from her were more quiet moans, so i felt encouraged. i gently rubbed her ass, tenderly, caressing small, sweet circles. i looked around quickly. no witnesses. i smiled and playfully spanked her cheek. she turned around, her cheeks slightly flushed, her eyes accusatory. “sorry,” i said, “but i just couldn’t resist. you really do have a nice ass.” “thank you,” she said, her scowl melting into an amused smile. her eyes traversed my body: my olive skin, my black hair, my hazel eyes. she examined my muscled chest and arms, lightly covered with dark hair. her eyes lingered on my circumcised and by-now-hard dick. “your body is attractive, too,” she stated. she got up and sat down facing me. “matthew, how do you feel about large breasts?” she asked in a serious tone. i glanced briefly at her own bronzed a cups, revealed to the sun’s rays. “they’re ok.” i shrugged. “i mean, sometimes they look nice, but a lot of times they sag a bit. quality over quantity, ya? big breasts are supposed to be less sensitive, too. i prefer small, perky breasts, to be honest, like yours.” she looked down at her chest, giving her breasts a soft squeeze before returning her gaze to me. “most boys prefer eva’s,” she said a bit bitterly. i smiled. “i like yours better. they look great. they’re so pert, they’re a great shape, nice and round and full…” i trailed off briefly, lost in my own thoughts before snapping back. “they’re perfect, really.” “thank you,” she said. “i am glad you think so. but now i think i should finish lotioning myself. i would not want you to get an erection in public, and since you find my breasts so perfect, i doubt you could control yourself,” she teased me, smiling, as she reached for the bottle of lotion. “are you having fun?” i asked. “a little,” she replied. “what book did you bring to read?” “herodotus. how about you?” i asked. “good choice. i brought empires of the word. it is about the spread and history of certain languages. right now i am reading about latin. i find it fascinating,” she answered, seductively rubbing lotion into her glistening, tan breasts. “you can borrow it when i have finished it. if you want.” “ya, it sounds great.” i took the lotion from her and covered myself before lying down on the towel and reading about cyrus the great. from time to time i glanced over at baoqing’s face. she read so intently. she laughed aloud when she came across something funny. she smiled and frowned and furrowed her brow often. she was far more emotional when she was reading than not, i realized. after we had been reading for a while, baoqing turned to me and asked, “it is rather warm. would you like to go for a swim?” i was in the middle of the chapter. “not right now. can you wait a few minutes?” i asked. “of course,” she replied. “i shall find another way to keep cool.” i kept reading, watching baoqing out of the corner of my eye as she reached into the cooler that held our lunches and took out a single ice cube. she began to draw it across her body, gasping at its touch, tilting her head back in pleasure. she ran it down her neck, around to her chest. the ice cube started to melt against her, tiny rivulets flowing down her breasts and stomach, flowing down all her little curves and nooks. she rubbed the ice around her nipples as i watched, transfixed. her nipples slowly hardened and jutted out proudly, grabbing my full attention. she traced a line down her stomach, towards her awaiting pussy, when the ice ran out, melted entirely. she reached towards the cooler again. “alright, let’s go swimming!” i said flustered. i put down my book and stood up. baoqing delicately removed her black choker and set it inside her book, using it as a bookmark. her exposed neck looked so vulnerable without it. i licked my lips at the thought of nibbling her neck later, kissing it, sucking it, licking it… i followed her into the water. it was icy cold at first, and i gasped in shock when a large wave hit my crotch with that same freezing coldness, but after wading in and acclimating, it was refreshingly cool. it felt incredible to swim without a suit. i wish i had tried it long ago. baoqing and i swam about, splashed each other, and horsed around in the water. she even giggled a bit. we spent the rest of the afternoon swimming until we got tired, then reading until we got hot before returning to the water. it was a fantastic way to spend the day. by dinnertime, we were ready to head in. we went to go find eva so we could head home. we found her with two other girls and introduced ourselves. the first one was named irina. she had long, straight, platinum-blonde hair and light skin. red glasses covered a pair of icy blue eyes. she was slightly taller than i was, skinny, and lithe. she had the body of a ballerina. her thighs were strong, her butt flat and firm, her breasts small and pert, almost immature. they were milky white, slightly pointed at the tips, and had pinkish-brown nipples. her pussy was decorated with a small tuft of blonde hair. the second girl called herself tooly, short for batoul. she was wearing a crimson and black hijab that covered her hair and shoulders, but the rest of her was completely nude. she was a bit plumper, with full, round, rosy breasts and wide, rounded hips. her round face had pink cheeks, and her dimples showed whenever she smiled. she was slightly tanned, with rose colored lips, light brown eyes that held a touch of green, and a cute little button-nose. whereas irina shook my hand, tooly gave me a long, tight hug. the pressure of her chest against my own felt wonderful; all softness and smoothness and just the right bit of pressure. i couldn’t to restrain my thoughts and i got hard against her. i felt myself growing against her inner thigh, throbbing against her soft flesh, my cock working its way across her flesh like a python. oh god, what would she think? we pulled back, but she was smiling broadly. she looked over my shoulder at baoqing and said, “you’re a lucky girl, baoqing. your boyfriend has a nice package. and responsive, too.” she put her hands firmly on my shoulders and apologized jokingly, “i’m flattered, matt, but i couldn’t take you away from baoqing.” she glanced down at my dick and bit her lip thoughtfully. “make that very flattered…” baoqing spoke up. “he is not my boyfriend, batoul. you can enjoy hugging him as much as you like.” batoul smiled. “maybe i will.” “if you don’t mind answering, tooly,” i asked, “why do you wear a hijab when you’re not hiding anything else?” she reached up and felt the fabric. “well, i feel like it connects me with my heritage. for centuries, muslim women have worn it in an unbroken line down to me. i may not agree with everything about my heritage, but it’s a part of me, and i’m a part of it.” i smiled. she seemed like a smart girl. she looked at my olive skin, well-groomed beard and moustache, and circumcised cock. “are you muslim, too?” she asked. “no,” i told her. “atheist.” she pouted as she looked me up and down lovingly. “that’s a shame…” the five of us went to the dining hall for a quick dinner and we chatted until dark. tooly suggested a game of truth or dare on the beach, and with eva’s and irina’s encouragement, baoqing and i agreed as well. we found a small rock pit, gathered some driftwood and twigs, and lit a fire with baoqing’s lighter. the game started off slowly. who was your first crush? do an impression of someone in the group. when was your first kiss? sing “we are the champions.” but with each round, it got steamier and steamier. do you prefer circumcised guys? (for the record, baoqing did, answering tooly’s question while looking directly at me.) when did you lose your virginity? do you spit or swallow? do you take charge in the bedroom? can you suck your own dick? eva was dared to kiss irina for a full minute. irina was dared to spank baoqing. i dared tooly to take off her hijab, revealing a beautiful head of curly auburn hair. it reached down to her chest, calling even more attention to her round, heavy breasts. even though she had been nude ever since i met her, her newly exposed hair was by far the most attractive part of her. just being hidden had made it forbidden, desirable, sexy. with her flowing hair, full breasts, and luscious curves, she looked like a goddess. tooly was dared to kiss me. she did so with gusto, grinding her bare pussy against my rapidly stiffening cock, pressing her ample bosom tightly against my chest, her hardening nipples drilling against my bare skin, while she kissed me hard and messily and sucked on my lower lip, only to end it all too soon. she pulled back and giggled at seeing me get hard again so easily. i think she felt flattered that she could get me up so quickly. every time my cock threatened to go limp, she would lean in and press her full, heavy breasts against my arm, or stroke my thigh, or nibble my earlobe. she kept me erect all night long with her constant teasing. the other girls whispered and giggled and teased me about it more, which only made it worse. tooly dared baoqing to kiss me. she looked briefly startled, but quickly recovered. she stubbed out her cigarette in the sand and leaned in towards me, slowly, her eyes closed. i closed my eyes too, and surrendered. her touch was electric. i could feel her erect nipples grazing eagerly against my chest. she tasted slightly of smoke, but i didn’t care. the kiss lasted and lasted. my arms wrapped around her, pulling her closer to me. i felt her heart beating against my chest. but far too soon, she ended it, pulling away with embarrassment. i was left panting. her own cheeks were slightly flushed, but she betrayed no other emotion. my own heart was staccato, though, beating a hundred miles per hour. irina dared eva to jerk me off for three minutes. baoqing glared at eva, but the look went unnoticed by everyone but me. eva smiled and gently pushed me onto the sand. she rested her huge breasts on my thighs, their weight a constant temptation, her face inches from my dick. she spit into her palm and starting to stroke my cock up and down. she licked the very tip, teasingly, while looking into my eyes. my cock spasmed in her grip, threatening to cum then and there. she twisted her hand around my swollen head. she spit into her second hand, and used both of them on me, stroking my shaft up, from base to tip, alternating her hands. the feeling was incredible. the other girls all watched with rapt interest. irina’s hand had found its way between her thighs. tooly just smiled, watching my face as it contorted in pleasure, watching my cock as eva hungrily stroked it. but my attention was focused on baoqing. she was watching, but with a look of envy. her cheeks were red and her forehead glistened with dewdrops of sweat. she was flexing her own hand, imagining herself in eva’s place. i bit my lip. i felt bad about enjoying myself in eva’s grip. i liked baoqing. she was a nice girl, but how did she feel about me? was she just horny? did she like me back? i felt my orgasm coming. a drop of precum left my cock and trailed down my thick, long, hard shaft. my toes curled. my whole body was filled with can’t-take-it-anymore tension. i could only imagine how my face looked to the girls. the pleasure grew and grew… “time’s up,” irina announced. eva looked at her and took her hands off me. i could only watch in impotent rage as she walked back to her spot, my balls aching from this torture. my cock was begging for release. i felt like the slightest touch would make me cum… i gritted my teeth in frustration. eva was such a cock tease… i was a bit ashamed, a bit embarrassed, that i had nearly cum in front of an audience, but the thought was sexy nevertheless. i liked being the center of all those girls’ attentions, i liked their eyes on me, on my cock, waiting for me to cum for them. i looked around sheepishly at the girls. eva was smirking proudly at me, clearly jubilant that she had managed to get me so aroused. irina’s face and chest were flushed, the lips of her pussy were slightly swollen, and her fingertips were shiny, slick, and moist. i wondered whether she had managed to orgasm, or whether we had both been cheated of a good climax. batoul was smiling eagerly. her gaze rested hungrily on my cock. i was certain she wanted me then and there. baoqing was pouting a bit, but her cheeks were deep red. was she wishing that she had been the one to stroke my cock? did she want to finish me off? i was left wondering. the game ended soon after. it was nearly 2 am. irina and batoul walked back to their houses at the other end of the resort. baoqing, eva, and i walked back to our house together. it was late and we were all tired. i staggered into my room and collapsed onto the bed. i slipped under the covers and closed my eyes when i heard a slight buzzing noise. was someone using an electric toothbrush? then i heard a soft moan. then another. they were coming from behind my bed. baoqing? and she was…wow… she knew how thin the walls were. was she doing this on purpose? did she want me to hear? or did she just not care? was she so horny that she just needed it, no matter the consequences? i lay completely still, desperate to hear every moan and sigh that escaped her lips. i pictured her lying in bed, a vibrator buried between her thighs, buzzing happily away, her hand squeezing and rubbing her small, firm breasts, her nipples pebble-hard, her cheeks flushed… what was she fantasizing about? “matthew…” came the quiet yet passionate reply, almost inaudible through the wall. my eyes opened wide and my jaw dropped. i was speechless. she continued to moan softly, clearly trying to stifle herself, but unable. my hand slipped down underneath the sheets. i gripped myself firmly and began to stroke myself to the beat of her moans. i listened to her as she grew louder, and louder. her moans came more frequently. my hand moved faster and faster. the pleasure grew. she screamed, wordlessly. i grunted and felt a sticky warmth cover my hand. i sat there in the silence, panting. after a few minutes, baoqing was still silent. i went to the bathroom to wash my hands and went to bed. i was showering. baoqing walked in, wearing her black choker. thick steam obscured the sight of her, revealing her only by parts: an arm here, a leg there. her breasts appeared and disappeared and her face was barely visible through the mist. she walked into the stall with me, letting the hot water flow down her body. she grabbed my shoulders roughly and pushed me hard against the wall, pressing her body against mine, kissing me passionately, her tongue darting between my lips. my cock rose, pressing itself against her wet pussy excitedly, urgently, eagerly. she reached down to grab it, looking into my eyes. she began to stroke it eagerly. with her other hand she teased my chest, caressing my nipples, swirling her fingertip in circles, just barely grazing my skin with her nails. she reached down, grabbed my cock dominantly, and thrust it into her. she took her lips off of mine and bit my shoulder. she reached her hands behind me and clawed my back, moaning in ecstasy as she pleasured herself on my cock. i grabbed her ass and propped her against the wall, my hands squeezing her tightly. i thrust myself in an out of her. her head tilted back as she screamed my name. i needed to cum. i fucked her harder, faster, until… * * * * * thank you for reading! i love to receive feedback from readers, and i’d greatly appreciate any comments or constructive criticism you may have. if you enjoyed the story, please check out my writing blog: http://matthewvett.wordpress.com. i update it regularly, so it’s the best place to keep track of my stories and updates. again, thanks for reading, and i hope you enjoyed the story!",1
147218,"the sydney emerald - the meek shall inherit the boob. at, be, mild wg the setting sydney sun slightly lit up the busy city street as the petite 23 year old eva strolled towards the meeting point. a bag full of bras and a single, black dress hanged off the shoulders of her black tank top. her light skin lightly perspired as she picked up the pace and willed her short stone washed cut off jean’s clad legs to walk faster. she did not want to be late today. after all, she was having her revenge. a week ago, eva had a rough night. her holiday to visit estranged her old high school friend caitlin had not gone as expected, instead of the two meek, rail thin, unassuming nerdy girls meeting up to remember the good old days over a few drinks over dinner, caitlin had brought her new douchebag boyfriend and more importantly, a much, much curvier body than she had in high school and meaner personality to match. the meeting point was near the hotel eva was staying at. she spotted caitlin easily. in many ways the two women were similar. pale skin, dark hair. eva’s black, caitlin’s a deep brown, pale eyes, eva’s green to caitlin’s light blue. both stood at around model like 5’9” with long thin torsos and legs. in high school they could have been mistaken for being related with their sharp, striking cheekbones and at the time, kind smiles. they even had similar bodies. small, thin frames and almost identical bustlines, eva’s on the large end of the 12a size matching caitlin’s large 10b. however what eva didn’t know is that after high school caitlin had put on weight. and her body responded well. almost too well. a point she bragged about endlessly between gloating over how rich her boyfriend was over the long and humiliating dinner. eva remembered how cat filled out that tight, low cut black dress as she walked. a large purple bra worked hard to contain her as it showed though the stretched, light fabric on her chest. cat shared that her breasts had swelled to a 10e and seemed to be still growing, seemingly sucking up every bit of fat that made it’s way to her stomach. her ass and hips rounded out too, giving her curves to die for. the only cost as far as cat was concerned was the smallest bit of pudge on her belly. “i just keep this around for the extra cup size or three it gives me eva. who knows, maybe i’ll lose it in another boob growth spurt and start modeling for page 3” she said poking the tiny slight rise in her stomach as she reflected. “i could never, ever be as flat and stick like as you again.” she said with a wicked smile as she and her boyfriend laughed. eva glared with uncharacteristic jealously as she saw him and half the bar staring at cat’s jiggling monstrous 10e push-up-powered cleavage... eva had shrunk into her chair that night. she felt small and powerless. she looked at the red dress that caitlin was wearing. the dress hugged caitlin’s figure, slightly hiding her oversized breasts and tucking in her stomach, it flared around her hips and ass perfectly. however it was what was under the dress that mattered to her right now. in fact she knew what that was, after all she had some surprising help with her intuition on her side today. it wouldn’t for much longer eva thought. she ran her thumb over the small emerald embedded on the plain, gold ring on her right pinkie finger. she hear a voice on the wind, whispering into her ear like a ghost. “graze her arm with me, and her prizes with be yours.” she doubted herself for a moment, then remembered that caitlin told her at the end of the night that she had been sleeping with person eva was visiting in sydney. her best friend, the man she secretly loved while she also strung along the rich douchey boyfriend. the woman had to be shut down she thought. eva smiled and said hello, brushing the emerald across caitlin’s arm as the hugged. caitlin’s barely restrained 10e breasts pushing deeply onto her. “ouch! you silly stick bitch!” caitlin cried out as the emerald left a graze and she pulled away, a look of disgust lighting up her features. “i’m sorry, come up to my room and we can make sure you’re ok cat.” caitlin scoured. “ah, no. how about i just go h….. oh.. oh.” her face became blank for a second. “ok eva. whatever you want.” eva grinned with triumph, she couldn’t believe this was working. the sydney ring was a myth in her family, just a crazy story her grandparents had cooked up about their odd pinky worn temporary engagement ring. but yet it seemed to be coming true. moments later they were in the hotel room. caitlin stood in the middle, stone faced as eva circled her like a hungry cheetah. she licked her lips as she surveyed her prize. “take off your dress.” she said as she took off the tank top. caitlin complied. the dress shimmered off her revealing her purple bra. it cupped her breasts well, each of the 10e’s bra cups holding what looked like a mountain of boob flesh on caitlin’s small frame. her belly jutted out slightly too. while not chubby or fat by any means, caitlin didn’t have the toned washboard flat high schooler hapkido sculpted abs that she had 5 years ago. eva looked down on her body. she was wearing a purple bra too. it was the same brand and style as caitlin’s. her breasts didn’t fill it though. her small side of 12b boobs hit the end off the 12c’s cups before failing to fill them with volume. they almost looked like they were crying out for fat to enlarge themselves with. soon they would have it. eva brushed her hand over her flat belly. feeling the muscles underneath the light, taunt layer of fat. that would change soon too. ""unclip your bra cat."" she saw her complied eagerly. unclipping the clasp and letting the large purple monster tit holder hang from her shoulders, her large round breasts dropping slightly into the cups as she adjusted herself. ""so, cat…. would you say my bra doesn't fit"" ""yes, you're too small for it"" she replied ""would you like to help me fix that?"" you ask ""how the fuck would i d….. i mean,’ the emerald glowed for a second, “yes. i’ll give you anything."" she said.. eva advanced on her. she pulled caitlin close and then groped her large breasts under the loose bra. she grined with pure greed. they were soft, large and round. eva lifted the right side of the bra up and teased the nipple with her other hand. slowly, gently kneeing the large, fat breast, noticing the one or two tiny stretch marks they had from their rapid weight gain….. she felt the nipple start to become erect. it was time. eva slowly moved her head down to the swollen boob and began to suck on caitlin’s large right breast. other than cat’s gasp, nothing happened at first. eva’s hands kneaded both the boobs under the bra, her fingers not even getting around half of each of the soft breast’s flesh. suddenly cat’s stomach jiggled. just slightly. it withdrew a little. just a tiny bit of it’s girth slowly disappearing. her thighs and ass also slightly shifted, it was almost undetectable, but it happened. they jiggled slightly, almost like they were bracing themselves for change. it was on the end of the third suckle that cat’s breasts bulged, like a bicep flexing, almost as if they were frantically trying to retain their size by sucking at the stomach’s fat stores. eva felt them smoosh though her fingers, rapidly trying to grow, desperate to keep their massive size. they then shunk. not by much. maybe just under a quarter of the difference between a 10dd’s cup size and cat’s 10e. caitlin groaned, feeling weaker, like someone was taking part of her away. she was right to feel that sensation. eva, at that moment, felt something. it was a slight, warm pressure started deep in her boobs. her 10b breasts pushed out, pressing up against the c cup bra for a moment, then dropping back to their normal size. then they wiggled forward with fresh, stolen mass feeding them. each moment letting them slowly fill out the 12c bra. they pooled against the cups. building slowly and carefully towards filling them. eva’s stomach followed a similar process of caitlin’s now decreasing chest. it bulged. settled. and then grew. eva’s large green eyes opened wide with suprise kept on sucking at the large, but diminishing breast. her cheeks brushing past the purple bra with each long, hard suck on the boob. she felt power and sexiness flowing into her. her hands became closer and closer to cupping the entirety of caitlin’s massive breasts with each suckle. she took her hand off one of the now not so 10e tits, groping her own boobs as they wiggled forward with each motion of her stomach, making it harder and harder to keep her hand under the bra. she let the hand feeling her boob drop, then slapped it back into caitlin’s ass, feeling it slowly losing it’s curve as she cupped it. she could feel her 12c bra becoming…. comfortable, like it almost fitted. eva sucked one more time. longer and harder than before, trying to take as much of the breast flesh as she could. caitlin’s breasts shuddered as they amassed their defenses, swelling towards her former 10e glory for a moment, pulsing for a moment as they resisted the change, then deflating slightly, shrinking back up her chest. eva pulled back and grasped her stomach, feeling a never before seen pinch of fat that pushed out, then back in and then slowly oozed forward between her fingers. she moaned as for a moment the purple 12c bra became too tight, her boobs swelling with fat, then shrinking down to just under a the 12c as they jiggled and grew to their now 12c size. she looked back at her breasts full, c cup breasts and then to caitlin’s deflated e’s and chuckled ""have you lost weight"" she asked ""i... i have"" she caitlin replied timidly, looking down with horror. ""oh, and where did it come from"" ""my... my boobs!"" she frantically felt them. they filled her hands, spilling out the sides, the mass feeling wrong in her hands. she knew that they were not as large as they were minutes ago. ""re... clasp…. your bra"" eva said, drawing out every word in the command.. caitlin complied, lifting her diminished assets into the bra. it still fit her, but she didn’t fill out the cups, her boobs just failing to have enough volume to fill the 10e bra. ""it doesn't fit, i can't feel the cups. i think i’m only a medium dd now…."" eva cackled, and once again lifted the right side of the purple bra up and feel the breast underneath, the ring gave her the knowledge to know she has gone down to almost empty e, just on the cusp of being too large for a 10 dd ""this is just the start"" she yanked the bra up further, not bothering to unclasp it as she fished out the right boob, madly searching for the nipple with her tongue, she found it and just like before, she started to grope and suckle on caitlin’s oversized chest. once again, cat’s breasts resisted, they bulged, almost pushing her mouth off from the sheer from the amount of fat they tried to acquire before eva stole it. eva was pulling and taking much, much more this time. the boobs start to shrink back down, racing up caitlin’s chest, slowly losing their roundness. eva stomach gurgled, she was far hungrier this time, knowing the ring was working as she rubbed her rising and falling belly. her tight jean cut offs slowly forming a tiny muffin top and rounding out as caitlin’s fat made its way into other parts of her body. she could feel her breasts straining against the 10c now. her heavier and heavier boobs putting strain on the straps. her nipples poked out of the cups as they raised with each wiggling surge forward. she pulled back, licking her lips as unclasped the bra and threw it aside. revealing large, round, bigger than 12c boobs, they slowly bulged out as she walked, jiggling back then growing with each step that she took towards the black bag on the floor. “so who has the bigger bra size now cat” she said as she bent over, feeling her heavier breasts swing down from her chest, her belly bunching up against the too tight shorts that her ass filled out to breaking point.. caitlin looked down as she absent minded-ly adjusted her now too big bra, her breasts failing to fill the cups as they slowly retreating up her chest. they were still round and full and with the right bra could produce draw dropping cleavage, but they were no near the mammoth size for her body that they were minutes ago. she looked at eva’s breasts as she stood up holding two more purple bras. they were large, hanging perfectly of her chest, perky and well rounded out tear drops, her nipples complimented their size perfectly. what made it worse is that cat realised most of eva’s boobs were hers only seconds ago. she meekly gasped as she spoke. “i think we are the same size. just like back at school. we are even now please don…’ ""stop. i can't have that. one of us has to be sexier than the other"" eva interrupted with a smirk, the tables had turned now. she looked at the bras in her hand. a purple 12dd and a 10c. sister sizes. ""oh look, i believer these are equal sizes in cup volume to what we used to wear… lets model them cat. for old times sake."" eva took off cat’s bra, her shrunken boobs not even falling away from the 10e cups as it fell to the floor. she placed the 10c on cat, it fits, but she well and truly overspills out of the tiny 10c cups..forming a slight secondary double boob over the top of the bra and a ton of breast tissue being pushed up under towards her arm pit. there was even some slight underboob showing. it was slightly more tit than she expected cat to have at this point given her gains with the theft powered growth. they must of been taking fat from cat’s ass to keep themselves pumped up eva thought as she you put on the 12dd. she smiled as her now stabilized breasts pooled against the 12dd. there soft flesh sitting round and perkily in the bottom of the cups, waiting for more of cat’s breasts to feed them, to push her nipples further away from her chest and into the bra. she rubbed her belly as she felt hungry. ""hmmm, look at you now, chest getting lighter and less impressive by the second or should i say each’, she made a suckling motion with her mouth. ‘suckle...... and i'm still so, so hungry' she patted her belly as she unclasped her bra, and like the with cat’s 10e bra before, eva worked out one of the now not as grandiose breasts from it’s cupped home. she moved her hair out of the way as she started to suck, her much heavier breasts pulling her chest down as she bent down to move her head into position. she could feel more and more of caitlin being drawn into her. her hands groping her shrinking boobs and feeling her own rising against her bra. she sucked, caitlin’s tummy shrunk, her breasts tried to expand, pushing against her mouth and hands, slightly shuddered, then shrunk down and down and down. eva’s stomach had a slight curve on it now, slowly expanding in and out as it supplied fat to her breasts. at some point she undid the button onto the of the small cut offs, letting the growing, small belly hang free. her breasts jiggled forward with the ever flattening curve of eva’s stomach, filling out the 12dd with every motion. she felt her almost pulsating breasts bunch up on the 12dd's cups as she pulled her mouth away from cat’s now smaller nipple as she continued to feel up caitlin’s boobs, her own throbbing with pressure, watching cat’s shrink down down to a small 10c eva realised she would give her you less and less size as cat’s tit volume decreased and eva’s increased. her belly was almost flat as well. she grasped her own boobs as they grew, pushing outwards on her bra and in between her fingers, she saw cat’s breasts shudder slightly and pop up as they lost the overhang that she had from early in her her weight gain. she would barely pass the pencil test now. caitlin cried at that point, feeling the mere handfuls she still had, cat pushed her hands away, sucking hard one last time, she felt her heavy breasts jiggle slightly as one of her bra' straps plastic clips broke, leaving one of her now large boobs hanging slightly down. she paused and pulled back., her 12dd was now far too small, cat’s 10c looked almost comical. she unclasped her 12dd bra, feeling the sudden weight of large, round, fat breasts on her chest, she felt under the bra and groped at them them, they were slightly bigger than caitlin's when she entered the room, large, round, engorged with fresh stolen fat, a tiny, nearly unnoticeable stretch mark on each of them, there was no way she could get her hands around them as she gently squeezed. she picked up caitlin’s purple 10e, the bra she walked in wearing and replaced the 10c, cat’s now small 10b breasts didn’t even come close to touching any part of the now massively too big bra. she laughed hard….. and licked her lips. ""honey, i'm going to need the rest"". she said as she looked at cat’s small chest. the ring glowed as she spoke. ""of what"" she replied, cat had stopped sobbing and was in total shock, staring at her now almost gone breasts and curves. ""of your breasts, silly."" eva didn’t bother with moving cat’s the bra this time. it didn’t hide the now smaller nipples at all. for the last time, she started to suck her dry. she heard caitlin cry out as her breasts mounted their final defence of their fat stores, they bulged, sucking in more fat from her body than ever, so much that she nearly would've refilled the 10c, maybe even been too large for it, but eva kept her mouth solidly on the breast, squeezing them with her hands as they grew through her fingers, they now shuddered violently before they shrunk, then shuddered again when they reached their pre flex size, cat’s body desperately resisting the ring’s magic, yet they would still shrink into her, losing the weight that give them their roundness. cat’s belly went totally flat, reveling uncared for muscle tone, her panties fell down as her ass seemingly caved in, losing that curve as well. eva’s boobs pulsed with power and growth as her belly took on a bloated, almost early pregnancy curve. her jeans split across the sides as her ass took on a nice plumped look. cat’s boobs were trying their best now, the defensive bulges were coming harder and more frequent, the shrinking time becoming shorter and the shuddering became longer, ‘ahhh… they must of grown to a c cup before she put on weight elsewhere and this is her body's’ natural defence to keep some sex appeal.” eva thought to herself as ever her extremely heavy, growing chest pulled her down, lazily mocking the now too small 12dd as they pooled in and around it, forcing her to apply herself more to holding her head at decreasing caitlin’s boobs. finally as she hit a small 10b, they shuddered for what seem like an eternity, then rapidly shrunk.. they didn’t bulge back as eva took one last suckle. nothing happened and there was just a nipple poking out of a totally flat chest as she pulled back. the 10e bra hanged uselessly, covering a non existent bust line that wouldn’t even fill a 10a, caitlin looked weak and tired, breathing heavily. eva looked at herself, the 12dd bra looked tiny on her round breasts, “i think you have made me a 12f, maybe even a g cat.” she said, giving them a solid squeeze. her hands looked so tiny as they gooped at the breast tissue. caitlin moaned. it was all she could manage, eva walked over, awkwardly cutting her jeans off with some scissors and letting her too small french panites fall to the ground. the bra quickly followed as she looked at herself in the mirror and played with her new assets. http://i.imgur.com/3kxkm8k.jpg she pulled out a fresh 12dd bra, she had only intended to take that much, and squeezed herself into it. she spilled out everywhere, the cups awkwardly sitting on a mountain of boobs. she then lifted a black dress up. it was exactly the same as caitlin’s from that drinks night. she tried to put it on. her ass and stomach fit it well, but fighting her chest put up to squeeze into something that was tight on a 12dd/10e was too much effort, she had to get a weakened caitlin’s help to fit herself in. she looked at herself in the mirror, and saw her little, almost pregnant looking belly. it bulged out, shuddered and decreased as she felt her breasts grow a little, drawing her chest tight. “there there” she said, patting it with her ring hand. “that’s enough for now. i gotta be able to breathe” she looked at the rail thin, boobless caitlin. ""thanks for the meal, try to have a little more for me next time"". she motioned towards the bag. “there should be something that might fit you in there. i took more than i was going to have, so it might be a little’ she grabbed her boobs and squeezed for effect, letting them jiggle against their containment, “large.” she walked out, turning as she opened the door. ""now go eat something, i'll be back for a top up in a few weeks, after all,’ she patted her rounded belly as the ring glowed, “she is awfully hungry.’",1
513299,"he, lac - stacked like pancakes http://treblecleffy.deviantart.com/art/stacked-like-pancakes-452335552 by treblecleffy a homemade pancake breakfast is an odd occasion for catching up with an old friend, but would i refuse brandi’s invitation? i wasn’t dieting, vegan or lactose intolerant, and besides, i missed brandi. we’d been out of touch for close to a year since xavier landed his job at the company and we moved to our place on the upper east side. the move was my idea. i didn’t want xav fighting through city traffic on his way to work, and as for me, a freelance web designer’s work goes where her laptop goes. anyway, just past 10am, i knocked on brandi and jared’s door. a beaming, grinning twenty-something answered. “hey alyssa. long time no see. i’ve missed you!” it couldn’t have been brandi. brandi was a 5’2 pixie. i could carry her. this woman had boobs the size of honeydew melons and hips half a meter wide! but…she had the same dark brown pixie cut, the same five feet and two inches… her face was familiar too; same pasty cheeks, same bubblegum-pink, pouty lips, same cute little button nose… i was dazedly trying to remember if brandi had a near-identical cousin from a super-curvy, super-stacked side of the family as the voluptuous little woman in the doorway drew me into a super-squishy-soft embrace. i was blushing. of course it was brandi, how rude of me to gawk just because she’d gained…eighty-something pounds. all in her chest and lower body… i confess to thinking: no fair! i’m supposed to be the curvy one! i have d cups and hips and ass…brandi’s supposed to compliment me by contrast, just like i compliment her. she’s not supposed to best me! i guess there’s no counting on a friend. but, gosh her boobs were huge and soft! brandi’s loose-collared gray sweater was a little drapey around her midsection and was obviously designed to be drapier still, if those massive cans had not filled out the bulk of it. yes, coffee cans were a good size comparison. brandi’s boobs were about that circumference and had just a teensy bit of natural hang. as she hugged me, i could feel warm flesh surging around me, straight through sweater fuzz and undergarment lace. “c’mon in and take off your shoes!” she said, releasing me at last from fuzzy, squishy oblivion. i got another heart-plunging surprise as brandi turned in the hall and i saw damn near the fullest ass ever to adorn a 5’2 frame. brandi’s black yoga pants were stretched tight. all that bubbly booty waggled with every step. her thighs had plumped up too; filling out to support those steeply curved cheeks. gosh…didn’t brandi used to have a thigh gap? and yet, brandi gave off an impression of lightness and buoyancy. she practically skipped down the hallway, accentuating the bobbly eagerness of her rump like she was made of foam and springs. her waist was still narrow, her arms and neck still elegant and svelte. gosh, did brandi seem chipper. she used to be mellow. we came out to the living room/kitchen. brandi had always been a tidy person, but her place now looked like a foldout from an ikea catalog. the lime green sofa in the living room was so pristine, i doubted anyone had ever sat in it. the big white hutch where the tv stood smelled of fresh paint, as did the sky-blue walls. “wow!” i said. “did you guys redecorate recently?” “yep! and i did some painting, too. can i get you something to drink, alyssa? i’ve got orange juice, water, wine, beer, milk…” “water?” “you betcha.” she went into the kitchen, which was enclosed by three counters, two of which were set into the walls, spaced out by fridge, dishwasher, stove. the third counter was a freestanding partition, separating kitchen from living room. the burners had been removed from the stove, replaced by a cast iron griddle. and there were two more griddles—portable, steel, countertop units, sitting on opposite corners of the kitchen, plugged in and ready to go. mixers were partnered with each griddle, two of which had bowls dribbling over with creamy, yellow batter. the counter was scattered with bowls, stirring spoons, packages of flour, baking powder, salt containers, measuring cups… the kitchen had evidently been set up for three chefs today. in the middle of the kitchen was an island, intended for dining, not food preparation. it was here that we were—or, as i discovered, i alone was—to eat. the varnished wood countertop of the island extended past the side over two stools. a place was set: a wicker placemat with a little, yellow napkin and a fork and knife. there was also a stick of butter, a ceramic dish of powdered sugar and a big jug full of maple syrup. brandi bid me to sit down and i did. i couldn’t help watching brandi’s bountiful tail swing as she filled a glass with tap water. i wondered how a cute pixie body suddenly burst out with such crazily gigantic t&amp;a. “so, alyssa,” brandi said, as she offered the glass. “i have to confess, i haven’t been entirely forthcoming about what i’m up to today.” “what do you mean?” “i’m doing sort of a competition. do you remember my friend, lainey? she was here back when we did our house-warming party.” “brunette?” “yep! we did this at her place a month ago—pancake breakfast. alyssa, i tell you, lainey’s pancakes were delicious! and she made so many that day; we kept track, too—sixty-six total.” “that’s a lot of pancakes.” “i absolutely stuffed myself! anyway, i swore that i would best her record. by a mile. and lainey’s holding me to it. so, i’m going to be baking a lot today. but, i wanted you to keep me company, not just because someone needs to eat these pancakes but also because i had such a great time that day…it sounds silly, i know, but it was so nice. i want to do the same with you.” “so, you’re doing three griddles?” “yep! lainey did two, simultaneously. i can do three. i hope you don’t mind, alyssa, i thought it was a chance for us to hang out.” “that’s fine with me, brandi, i can cheer you on. just don’t expect me to eat sixty-six pancakes.” brandi laughed. “of course i don’t, alyssa! eat whatever you’re hungry for. everything else i can save for jared and his office. i liked the idea. if brandi spent the better part of the late morning to afternoon baking, then the two of us wouldn’t be stuck at a table, awkwardly grasping for things to say, not having seen each other for ten months. i also wouldn’t have to spend the whole time face-to-face with brandi, trying not to gawk at her supernormally huge boobs. fffffsssssssssht… brandi coating the first two griddles with a cloud of sweet, buttery, cooking spray. it smelled nice! i was hungry. “last batch, then i’m ready to bake!” brandi said. with a swish of her huge, juicy butt, she went to the fridge. inside were a dozen or so egg cartons on a shelf and three tall, plastic juice jugs full of milk. brandi drew out a carton and a jug and brought them over to the unused mixer. she measured baking powder, salt and flour into the mixing bowl. “so, how’s jared?” i tried, hoping to get my mind off the crazily curvy…uh, elephant in the room. “we’re great. we’ve never been better,” said brandi, cracking an egg and emptying the yoke into the bowl with impressive dexterity. she mixed in the egg and continued; “we’ve made some changes recently. some of which you can see.” i stared at her blankly. is she talking about her curves? is brandi about to tell me that she met a very talented plastic surgeon and that she and jared dumped all their savings on… “the couch! and the walls, the hutch! and all the painting i did!” she said. “oh, of course! it’s so pretty in here!” i was blushing again. alyssa, you idiot. “and, jared’s stopped pulling late hours at work. i see him every night now. it’s like when we were in college.” “that’s so nice!” “and, i’m just keeping myself busier these days. i’m cooking and baking and keeping the place clean. i just have so much energy.” she was stirring the bowl with a big spoon. “and, i’ve resolved to spend more time with my friends, like you and lainey.” “how’s lainey doing?” “she left her job not too long ago after she caught a virus.” “oh no!” “don’t worry, she’s doing good.” our conversation was cut short with a rwerrrrrrrrrrrr… brandi was mixing the ingredients. thick, yellow batter dripped over the edge of the bowl. fsssssssssht. another cloud of yummy cooking spray. brandi poured out her batter on the griddle, making remarkably precise cd-sized disks on the surface. as soon as her batter was bubbling, she brought her used measuring cup, spoon, beater and mixing bowl to the sink and washed them, stopping briefly to flip her pancakes. “first stack’s done!” she said, a couple minutes later. after tallying her pancake-count on a dry erase board on the fridge, brandi flipped the pancakes off with a steel spatula, stacking them up on a big plate. she set down the plate before me. “i can tell you’re hungry alyssa. don’t be shy,” she teased. i forked a pancake over to my plate, added a heavy dribbling of syrup and a slice of butter. with a sip of water, i gathered knife and fork in hand. and… ohmygod. amazing. they were spongy, sweet and packed with savor. even without syrup, they were moist, coated with cooking spray, which left a hint of vanilla on my tongue. “mmmm. delicious, brandi!” brandi giggled. she was mixing another batch. another stack was baking. i was spoiled. i relished every bite, letting it sit in my mouth for a second before i sank in my teeth. butter and syrup coated my tongue. i ate four pancakes, virtually without pause. i was going to pay for this indulgence tomorrow when i set foot on the scale and saw how many starchy, buttery carbs had gone to my ass. alas, i was thinking of asking brandi if i could wrap a stack in plastic and take it home with me. somehow, however, i wasn’t stuffed yet. and there were two uneaten pancakes still stacked there in front of me. “don’t worry alyssa, eat as much as you like!” said brandi, reading my mind. she came around as i was most of the way through pancake number six, carrying another half dozen, all perfect, fluffy, circular, browned… god, i can’t help myself! minutes passed. was i on my eighth or ninth now? brandi was clearly up to speed on her baking. another six fresh pancakes were already piled before me. i guiltily forked another to my plate. halfway through stack number two, another six pancakes were set before me. brandi was like a machine. for every set of dishes she washed, she had a stack bubbling on a griddle. for every bowl of batter she mixed, she had a baked stack ready to serve. her timing was precise. even when she was a little off, she caught herself. invariably, she was always by the griddle at just the right time, flipping pancakes before they charred. brandi came around and piled another half dozen before me. i’d lost count on how many i’d eaten. are you there, stomach? it’s me, alyssa. you’re supposed to give me the signal that it’s time to stop now…that i need to leave those extra stacks alone. i’d quit adding syrup and butter to my pancakes but it didn’t make a difference. they were just as delicious, just as moist and fluffy, plain. still i ate… alyssa to stomach…how about a growl or a churn or a twinge of i’m-so-stuffed-i-can-barely-move, now? tell me to put my fork down, maybe? no use. i didn’t feel a bit full. my stomach was begging for more. i jabbed another pancake with my fork, sliding it to my plate. god, what will xav think when he has to roll my fat ass out of bed tomorrow? not that it would be the end of the world if a put on a little extra curve. but, even if i was cool with that, it’s not supposed to happen in one day! god, i was going to be sick… but, i didn’t feel sick. aside from being scared by my insatiable and inexplicable appetite for pancakes, i felt fine. “i’m very embarrassed, brandi, i’m eating all of your pancakes,” i said, as she came around with another stack. “i don’t know what’s wrong with me. they’re just so…good.” “oh, don’t be embarrassed alyssa! i was the same way when lainey made them for me. you’re doing great!” she set another big plate on the counter to make room for more stacks, and… hey, did she just pat me on the bottom? i watched her go back to the sink. she toweled off a mixing bowl and returned it to its place where she measured flour for the next batch. brandi was different from how i remembered her, in ways besides her hypervoluptuous body. there was something coy about her. something…naughty. don’t be ridiculous, alyssa. brandi’s just playing around. i shifted in my seat and was alarmed by the tightness of my jeans. the short circuit in my brain that had been blocking signals from my belly was taking its inevitable toll on my figure as i was obviously bloating into my levis. but…on inspection, that didn’t seem to be the case. my belly was not bloating into my jeans. if anything, my jeans were pulling into my belly. the source of tension was at my seat, not my stomach. i tried wriggling my bottom to get some slack into my jeans but there evidently wasn’t any. my jeans were huggy to begin with, but i didn’t remember them feeling so tight around my butt. could it be… but that couldn’t be happening right now. pancakes don’t travel that quickly! and yet…i could feel the pant seams pressing into my butt cheeks, the deep groin creases sinking into my pelvis. it was unmistakable. these pancakes were literally going straight to my ass. i had to stop eating. it took a conscious mental effort to pause my fork. i studied the cut up semi-circles of pancake on my plate and wondered if i could stop. i opened my mouth to say, thank you so much for breakfast, brandi. i don’t think i can have another bite. but, the smell of butter and vanilla filled my nostrils as brandi unleashed another cloud of cooking spray. a wave of desire hit me. it was as if i’d barely eaten a thing all day. eat now, scold yourself later, i thought. i devoured another stack or so. “how many so far?” i said. i was almost too afraid to ask. she finished pouring out her batter, waltzed up to the dry erase board and counted tallies. “forty-two and counting!” forty-two…minus…twenty-seven…holy cow. i was on my twenty-first pancake. my fork was in perpetual motion. so was brandi, who flipped, mixed, poured, washed, and served as she sashayed round and round the kitchen. were her unnaturally huge boobs a little fuller, a little plumper now than an hour ago when i first saw her? right now, they seemed very nearly the size of her head. my body was cramping up from being hunched over the counter. i took a spare second to arch my back and felt something. my bra. the cup seams were digging into my boobs. i looked down at myself. my turquoise, skin-tight t-shirt and tank top couldn’t obscure it; i was bubbling over my cups. flesh bulged toward my chin and armpits. i was bulging out under my bra too; the elastic band no longer encircled my ribs but pressed into the flesh below my nipples. if anything though, my jeans were giving me worse discomfort. the denim bit into my groins and my thighs felt absolutely packed into the pant legs. my hips yanked the material from either side, pulling at the buttons down the center. okay, alyssa, you’ve had your fun. but now, now would be a very good time to stop. oh, the spirit was willing but the flesh was weak. my fork traveled from plate to mouth. brandi, what are you doing to me? even in considerable discomfort and increasing fear, it was hard to think about much besides warm, moist, fluffy pancake between my cheeks. every bite was as great as the first. i couldn’t stop the motion of my fork or still the eagerness of my tongue. it made no sense; they were pancakes, not crack. meanwhile, my clothes got tighter. holy god, it was uncomfortable. my boobs were starting to slip out of my cups, forcing me to readjust with my free hand. i could feel every stitch in the back of my jeans sinking into me. would i be able to get out of these pants without a pair of scissors when i got home? brandi came around again. another plate. another stack. a great wall of pancakes was erecting before my eyes, promising heaven to my tongue and hell to my ill-fitting clothes. i cleaned my plate and forked over two more pancakes. the act was as involuntary as scratching a bug bite. my mind was fogging up. it was getting hard to tell how much time had gone by or to keep tabs on brandi’s progress. brandi was evidently too occupied with her endless series of tasks to do much talking. and i was secretly grateful for it because i was more interested in eating brandi’s pancakes than talking to her. i’m a horrible friend, i know. “woo hoo!” said brandi, leaping into the air, spatula in hand like a cheerleader’s baton. her twin volleyball boobs bounced in her sweater, crowding her face in mid-air, jingling like bells as she hit the floor. “sixty-six! tied with lainey and more to go!” “great job,” i said, distracted. the tightness of my clothes was approaching unbearable. i had to focus hard to ignore the feeling and keep my mind on delicious pancakes. i was a creampuff rising inside a medicine jar. i’m not sure i could have walked a straight line in these jeans now. a part of me wanted to take them off right there in brandi’s kitchen so i could eat unencumbered. but that would take too long. and…be inappropriate. relief was on the way, though. as i cleaned my plate once more, and leaned in across the counter to snatch another three pancakes, something happened. thk-thk-thk-thk-thk… oh. shit. tktktktktktk! that would be the butt seam in my jeans, popping apart, stitch by miserable stitch. thhhhk! …until the tear split a huge hole across my bottom. “ahh!” i cried, involuntarily. “alyssa, are you alright?” shit. i could feel cool air against my underwear. alyssa, you stupid, stupid, stupid… brandi came around the counter. i was blushing again. maybe brandi wouldn’t see… she glanced down. dammit. “oh,” she said. “oh my god, brandi, i’m— “it’s alright, alyssa! don’t be embarrassed. seriously, i can drive you home. you don’t have to take the subway.” “thanks…” i mumbled, my face red. “i-i have to stop eating…i really don’t know what’s wrong with me…” “that’s perfectly okay, alyssa,” she said, returning to her mixing bowl. “you can stop whenever you want to.” but, i didn’t want to stop. and now that i had ripped a huge hole in my jeans…well…they weren’t as tight now. which would make eating easer… “seriously alyssa, it’s okay” said brandi, mixing another batch as she talked. “i recently had to buy a whole new set of pants and skirts. i couldn’t get my old ones on past my knees. it was ridiculous!” i was barely listening. i clenched my teeth between bites as my bra dug into me, sinking into my tender boob flesh. the pain was building quickly. my butt filled up the extra space in my jeans, billowing out of the widening tear. holy shit, alyssa. your butt is huge. you’ve already torn your jeans and your boobs are getting bigger by the minute. if you keep eating, you’re going to explode out of all your clothes. you’ll embarrass yourself worse than you already have. stop. now. …nope. not stopping. still gobbling up pancake. still forking new pancakes over to my plate. still filling up my jeans, still testing my bra. still growing and growing… with every swallow i practically feel warm, spongy pancake going down to my stomach and then leaving my stomach for other parts, north and south. while my boobs and butt blew up to clothes-splitting sizes, my tummy remained trim. it was as though my midsection was the last place the pancakes wanted to be. the straining in my jeans returned. more stitches came loose. the buttons slowly tore their openings. the seams of my pant legs began to bust apart. stitch by stitch, they went, leaving loose, white frays between gaping holes at my thighs. my bra ceased to be a bra now that the cups contained nothing, but instead stretched like a rubber band across my boobs, pressing deeper and deeper into mounting titflesh. i took a brief pause between pancakes to reach behind me and see about unhooking the band. it was pulled taut and i couldn’t stop long enough to wrestle with it. in very little time, i had become addicted to pancakes. come hell or high weather, i had to have more. brandi ran out of counter room for plates and ran out of plate room for new stacks so she started stacking stacks on top of stacks. the great wall rose higher. pretty soon, my pants were little more than tightly threaded tatters over my legs. fed up, i tore off what was left of the frayed fabric. it easily came apart to my knees. my thighs and hips were bare and exposed. i pulled the loose denim from under my giant tush and kicked off what was left around my ankles, letting it fall to the floor. i was so wide! my hips extended far off the stool. my thighs seemed too big to be mine and i wondered for a second if they belonged to someone else and i’d misplaced my own today. not that that made sense. i slipped a hand behind me and got a bigger surprise. what the fuck. is that all me? is that my ass, surging over the stool? as i went on eating, i could feel my ass, my hips spreading out further and further. my bottom was a pincushion, making this stool a flimsy needle, propping me in the air. my bottom felt so big and soft…it was like sitting on big, comfy pillows. i groaned. my bra was giving me such unspeakable pain now. it was worse than my jeans. the hooks in my band were bent out so far that they poked straight into my back. oh god, please make it stop so i can just go on eating. brandi heard my cries, set a bag of flour on the counter and came to the rescue. she went back behind me. “here, let me help you with that,” she said. her hands lifted my shirt. her fingers dug under the taut elastic of my bra. my fork was still in motion as her fingers wrapped around the band. she yanked. snap! i shrieked. my fork did somersaults in the air. i felt my bra suddenly constrict in my shirt like a burst balloon. something exploded into view beneath my eyes. i looked. i was gasping for air. when oh when oh when did my boobs get so huge? my t-shirt was absolutely filled with tit. the turquoise material stretched around me, pulling my sleeves from my armpits. my nipples poked through the fabric like angry nubs. softballs. i had two, big fleshy softballs, right in front of me. i was now, probably, as cartoonishly buxom as brandi. i looked over at brandi. not quite as buxom, because brandi’s boobs now seemed visibly past head-sized. they were swollen to the size of overtaxed party balloons. her nipples looked like ready-to-pop wine corks. brandi slipped a hand into each of my sleeves. i obediently drew my arms up as she pulled the straps of my ruined bra around them. then, she reached down my collar and snatched the worthless garment out from my shirt. the bra seemed like dolls’ clothing compared to my ballooned boobs now. brandi dangled it in the air like a discarded stripper garment. “don’t think you’ll be needing this anymore,” she said with a little smile, and patted the side of my boob like she was giving me an attaboy. she went over to the sink and dropped the bra in the trash. i was past embarrassment now. i shifted in my seat, feeling unfamiliar weight jostling on my chest, and scooted my huge bottom towards the counter. on and on, i ate; brandi baked. my ass and thighs built up beneath me, pouring over the stool. my super-stretchy cotton underwear was taut across my immense butt cheeks. the stool groaned and creaked with my increasing weight. but, my boobs were the main attraction. every time i looked down they seemed bigger, blowing up inside my t-shirt like ripening melons. their weight dragged harder on my chest. my back tightened. i could just about feel my nipples pressing deeper and deeper still into my tank top and t-shirt. somewhere in the back of my mind, i was scared. i was mostly naked and had just put on…oh, how many pounds? 60? 70? a lot. all above and below the waist. but pancakes took priority over everything. brandi kept the stacks piling up. pretty soon, she ran out of stacks to stack on, so she stacked stacks on top of stacked stacks. the great wall grew into a pancake fortress. pretty soon, brandi ran out of milk. go figure. while she had a whole stockpile of flour, butter, baking powder and everything else, she’d only had three juice jugs of milk. was she finished baking now? she took a measuring cup from a cupboard and set it on the counter. then, she did something that got my attention. she lifted her fuzzy gray sweater up over her bra, and lifted her bra over a huge, fat, super-swollen breast with a dark, wine cork nipple fully exposed. she took the breast up in her free hand, leaned in, and drew it over the measuring cup and started tweaking her nipple and massaging her areola. until… milk. oh. my. god. she squirted a thin stream of it into the cup. brandi glanced at me as i gaped. she winked. brandi’s milk wasn’t from any store. no wonder she was using juice containers. if brandi was lactating her own milk for her pancake-batter and i was eating the pancakes, then… if anything could have made me drop my fork and just leave in horror, it was the sight of brandi filling up that measuring cup, right in front of me. yes, i had known that something was not right all along. but, to have visible proof of it in the form of brandi baring her breast and lactating into a glass bowl, right in front of me…it was like she had crossed a boundary. a line that had always existed between us was now surpassed and i was seized with a sense of fight-or-flight. for just the briefest moment, i felt as though i could just leap off the table and run, without pants, without a bra, with my huge butt cheeks exposed and my boobs ajiggle and my thick nipples jabbing through my shirt. i swear, i swear, i swear, i was about to do it. but, i looked down at the partially eaten pancake on my plate. i looked up and saw the fortress of pancakes, waiting for me. desire welled up in me once again and my panic subsided. whatever. it’s a natural ingredient, i said to myself. my fork went back to business. but, i went on watching brandi. it was mesmerizing to see her fill the entire measuring cup. halfway through, she drew back her leaky left boob and replaced it with her right one. milk was soon brimming over the top of the cup. “whoops!” she said, stopping herself as a trickle dribbled onto the countertop. brandi’s boobs were visibly smaller now, closer to head-sized. i checked my own. i had exceeded her in the boob department now. my stretched out tank top and t-shirt couldn’t hide the fact that my boobs had grown wider than soccer balls. my nipples drove through the fabric like tent poles through tarp. even my aureoles where visibly bulging through the fabric. the unfamiliar weight was doing a huge number on my back and in that moment, i wouldn’t have minded if these massive boobies got bigger still so they would sit in my lap and give my back a rest. but that didn’t seem likely to happen before i burst out of this shirt. and i had resigned myself to it: i was definitely going to burst out of this shirt. and, this underwear, too. brandi’s baking slowed. her work was winding down. i kept eating. even now, i was never tired of yet another fucking delicious pancake. my boobs stuffed my shirt like a piñata. warm, tightly packed flesh pressed into my torso, surging around to my sides. my tank top and t-shirt were running out of give, reaching a point of maximum stretchiness. rrrip! oops. there went my panties at my butt. my ass was fully exposed now. the cotton still held around my massive thighs, but that wouldn’t last. the great wall was starting to come down, brick by flat, fluffy brick. it was some consolation to my distressed mind that once i had eaten all of these pancakes, another wouldn't tempt me. a paradoxical defense against temptation if ever there was one, i know, but it was the only consolation i had. brandi got more than two more cups of milk out of her boobs before she was evidently dry and down to coffee can size. her rack was back to buoyant and jiggly instead of turgid and heavy. rrrrrp! rrrrip! my underwear, breaking around my thighs. so long forever, panties. you were a good friend, hanging in there for me… i wasn’t sure just how bottom-heavy i was now because all i could see when i looked down was tit stretching my t-shirt to impossible lengths. but, given how much of me i could feel bugling over the back of the stool, over the sides, everywhere…well, to say the least, i was officially a fat bottomed girl. welcome to the club, alyssa, have a seat. try not to break it. brandi came around again and plopped two more pancakes on the fortress. “that’s it!” she said, “enjoy the rest.” “mmm,” i said, mouth full. i swallowed. “what…what are you doing to me, brandi?” “you’re doing it to yourself, alyssa. i never made you to eat my pancakes.” “that was…that was your milk in the batter.” “yep!” she came around behind me, slid her arms around my waist and rested her head against me. “and it does a body good, too” she said, feeling me up, running her fingers over my massive jugs, in toward my tiny waist and out once more over my super-curvy hips. my nipples hardened and i felt a sigh rise up in my lungs. oh god, am i enjoying this? i felt brandi’s palm trail down my backside until she got to my huge butt cheek. her fingers tested my soft flesh. she took a handful and squeezed. i moaned. what would xavier do if he knew that my friend’s caresses were really turning me on? what’s happening to me? “i’m going to clean the kitchen now,” said brandi. “you keep up the good work!” pretty soon, tears formed across my t-shirt. small holes broke out and got bigger and bigger. my tank top started to go, too. a wedge-shaped hole formed in the white material and gradually widened, letting more and more creamy, pale flesh billow out. my t-shirt and tank top became strained, cotton nets over my huge, heavy breasts. i was tired of having to break through clothes. c’mon, shirts. just pop. just break and let me free. it’s not like i can hide anything now… i gobbled up another stack. my ginormous hooters finally dealt a killing blow to the fabric. they welled up out of a big hole where my nipples were and sent a trail of threads, popping apart, up and down the material. two humongous boobs burst into the light of day. they were warm and heavy against my thighs. slight movements sent swells of jiggles up and down them. i threw the white and turquoise tatters from my shoulders and got back to the longest breakfast ever. even now, my colossal curves were hungry for more the fortress of pancakes, once a mighty and imposing citadel, was leveled by a hungry tits n’ ass behemoth. i watched my boobs, roughly basketballs in size, advance across my lap, pressing into the edge of the counter, giving me less room to lean over my plate. monstrous titflesh widened and fattened. my body was busy trying to keep balance as my ever-expanding hips and bust added more teetery weight to the stool. i ate as brandi cleaned a bajillion dishes. measuring cups, mixing bowls, spoons, spatulas, juice containers... then, she wiped the counters and mixers and scraped the oily gunk from the griddles. my boobs grew and grew and grew. my huge, naked body shivered with sensation as my nipples drove into the counter, getting thicker and harder against the painted wood. the sensation made the hair on the back of my neck stand. even as my brain was inundated with sensations of pancakey-wonderfulness, i found myself struggling to resist new urges. the feeling of brandi’s hands on my body had stirred something inside me. i kept shaking off flashes of lustful fantasy: brandi, squeezing my boobs; brandi, licking the inside of my thighs; brandi, suckin on my swollen teats. these thoughts made me incredibly guilty. i had never cheated on xavier before and intended never to do so. stop thinking about her, alyssa. think of xavier! but that didn’t help. conjuring up xavier’s image only made my horny fantasies more scandalous. i scolded my dirty mind as i pictured brandi, xavier and myself, all naked, in the throes of a blissful, ultra-fleshy ménage à trois… what was wrong with me? brandi was my enemy, not my friend. she had deceived me. she had fed me her breast milk and altered my body. and now, she was penetrating my mind, drawing me deeper and deeper into a state in which i couldn’t say no…because goddammit, i didn’t want to. i shook my head and i opened my eyes. i swore i could see my boobs springing out another centimeter with every swallow. i could feel my nipples getting just a bit fatter, pressing harder into the counter. i could feel the weight mounting up another notch… this can’t be real. my boobs are as big as beach balls and i’ve eaten dozens and dozens of pancakes and i’m so horny for brandi and my butt is about to level this stool. time to wake up, alyssa. you’re just lying in bed, having a silly, sexy dream. it’s time to get up, shut off the alarm and take the next subway to brandi’s place. you’re probably already running late… no use. i was still here in brandi’s kitchen, with the tits and the ass and the pancakes and my curvaceous friend who was looking more desirable to me by the minute. at the last mile, my boobs, by their huge, fleshy weight, unwedged themselves from between the counter and myself and slipped from my lap to either side. i almost fell, face first into the table with their weight but i caught myself with a forearm and drew myself to a sitting position. i arched my back and pressed on, fork, tongue and teeth working in harmony to get through the very. last. stack. brandi was finished cleaning. she stood by my side, watching me finish. three pancakes left… two pancakes left… one more… brandi cheered as i swallowed my last bite. “you did it, alyssa! you ate all of them! you’re amazing! guess how many i made in the end? “how…how many?” “a hundred and twenty-two. nearly double lainey’s total!” i was exhausted. i had eaten and eaten and eaten, bursting through my pants and bra and shirt and panties without ever stopping. i felt like i’d run a marathon. how much time had passed since i first set foot in brandi’s condo? i felt like i’d been here for hours, if not for ages. “what time is it?” i said, hazily. i was disoriented. and naked. and horny. “it’s just after two,” said brandi. two. nearly fours hours, eating. my fork-wielding hand was sore and tired. my jaw ached. and my back… i had to get off this stool. not an easy task. with a hundred and twenty-two pancakes stacked on my frame, simple maneuvers were not the same. it was a lot of work even setting a foot on the floor. when i shifted my weight off the stool, i twisted a little too quickly and my butt knocked it over. a parting gesture, i suppose. when i first sat on that stool i was a size 12. now, i was a size who knows, and my butt and hips and thighs and boobs extended to far off places, redistributing my weight and leaving me with an unfamiliar center of gravity. i took a step and fell. bam! jiggle jiggle jiggle jiggle… “oh, alyssa, are you alright?!” wobbly flesh everywhere. my boobs were right in my face. my butt must have been even bigger that i imagined, because i was feeling waves and undulations in places i didn’t know i had places. i looked up at brandi. “what…happened to me?” she squatted and patted my head. “it’s aright, alyssa. you’ll get used to it.” “what…what did you do to me brandi? tell me.” brandi slipped her sweater over her head, exposing bowling ball breasts. she unhooked her white, lacey bra and threw it aside. her nipples reared in my face, full and fat in their milk-swollen glory. she was ready to express again. oh god, i’m sorry xav…i don’t know if i can resist her… “the pancakes were a ruse,” she said. the virus that lainey caught…she passed it on to me, that day that i went to her place. i ate her pancakes and caught the virus and i was a changed woman. mentally, physically, in every way. and now alyssa, my friend, you’ve eaten my pancakes and i’ve passed the gift on to you.” she put a hand over my shoulder and with a firm thrust sent me tossing to my back. a mountain of butt flesh gathered beneath me. two mountains of tit swung on top of me. she straddled me over my tiny midsection and stroked my boobs and squeezed them and fondled my nipples, which i couldn’t see now but were obviously very big, judging by how wide brandi opened her mouth before her face disappeared behind the fleshy tit horizon to take them in. i felt her boobs and her hair and her cheeks and she leaned in to kiss me. i was crying, but not only out of guilt. “oh alyssa, your boobs are so huge and beautiful. wait ‘til lainey hears how big i made you! oh, god, i want you so bad!” we kissed and fondled and felt. and then, she climbed over my colossal tits and guided her nipple into my mouth. her boobs were plump with milk. “finish me off, alyssa. get the rest of it.” my lips locked onto her and i drank, feeling every change in my body as the stream of milk sprang forth, satiating my appetite, building up in my boobs and butt and thighs… brandi stood me in the mirror when we were done. from hip to hip, i was a full yard. that was as wide as the doorway of brandi’s room, forcing me to angle myself sideways to get through. my butt cheeks were globular and buoyant and looked like huge twin beach balls in the mirror as i glanced at them over my shoulder. when brandi saw my ass move as i walked, she said i was a wave of perpetual jiggle, swaying this way…that way…this way… my thighs were nearly as thick as my butt cheeks. they curved in huge arcs with my hips and tapered down to my knees. my calves had filled out a bit too, which i was honestly thankful for. it made the transition from colossal hips to tiny ankles look more gradual. my boobs had blown up into massive armfuls. i was a full meter from one tit-flank to the other. like enormous, fat teardrops, they stood, naked and proud, too big for any bra to support. i was shocked by how round they were, despite their size. brandi had transformed me into a walking, jiggling caricature of the prototypical female form. my nipples resembled the tips of summer sausages, dark and thick and ripe. they quivered fussily with every step i took. how i could actually carry these mountains of tit, well, i’m still guessing. in between gargantuan boobs and humongous hips was my itty-bitty waist. it had not changed even a bit, but in comparison to its neighbors, it looked like it had shrunk. hip-to-waist ratios like this don’t exist in nature. i checked myself in profile and caught my breath. i looked like an optical illusion. my ass projected an unnatural distance behind me and my boobs jutted an equally improbable distance in front. a teensy little midsection held the planets together. gosh, to think that i used to be self-conscious of my tummy. as i gazed at myself, dumbfounded, brandi kept practically leaping into my boobs, hugging them, nestling her head in the fleshy expanse. the girl was enraptured with my body. i tried hard not to enjoy her attentions too much. brandi had a huge trench coat for me to wrap around myself for the ride home. i sat in the back. no shotgun seat would accommodate this ass. “call me sometime, alyssa. don’t be a stranger” said brandi when we drove into my lot. “mm-hmm” i said, and went into my building. *continued below*""",1
677288,"i'm sexually attracted to janice from friends i just admitted this to myself a few months ago. it was so liberating. it feels like a weight has been lifted from my shoulders. why didn't this epiphany hit me earlier? perhaps it was denial brought on by a sense of shame to be attracted to janice, a character shunned and ridiculed by the main cast. shame on them. and shame on me, i say. i think she's hot. yep. i know she's essentially portrayed and commonly perceived as an annoying, persistent, obsessive woman with a grating voice. but none of that bothers me. her accent is awesome, and her mannerisms appeal to me. i like her face and caring nature. she has beautiful eyes and a great figure. i would enjoy laying in her lap and having her scratch my head with her long nails. she has a kind of air about her that makes me feel comfortable and sleepy. ...and horny. if i were chandler, i would've married her and shown her a good time. i'd totally be her bing-a-ling. she'd be good in bed. c'mon. her wacky sounds would genuinely enhance my arousal. i've just confessed my desire to my friends, and they were baffled - disgusted, even. i suppose it isn't the most predictable of attractions, though i do usually lean toward brunettes with slender physiques. i also told my partner. i just blurted it out. i needed those closest to me to know. she was very surprised, though she took it rather well, considering she is repulsed by janice. it feels good to come clean and root for team janice, hence this post. i saw maggie wheeler (janice) recently on the reunion show, and she has aged gracefully. she gives off healthy vibes and i'd be happy to absorb it daily. what a gal.",1
957640,"""fat tax"" : a leading australian nutritionist has urged airlines to charge obese passengers more for their seats.",1
698031,"[m4f] motherly succubus/ lactation [m4f] m21 motherly succubus/ lactation you are a motherly and seductive monster queen who preys on virgin boys like me. you call yourself “mommy” and refer to me as “honey”, “sweetie”, “sugar”, and a variety of other pet names as part of your strategy to put me under your spell. you think of me as part prey and part baby boy. you have several motherly and seductive powers you use to eliminate our resistance: -your plump red lips contain an aphrodisiac which addles our mind and makes us docile and susceptible to your mothering. -your wide hips and thick bottom are perfect for surrounding and grinding on your preys groin, rhythmically hypnotizing them into submission -your hair, soft and thick, endlessly long, and moving on its own, can surround, tickle, massage, and fluff us, eventually cocooning me and paralyzing me, not unlike a spiders web -most importantly, your huge breasts are laced with a poisonous milk which melts my mind and puts me totally under your motherly control. let me know if you liked what you read here! thanks!",1
829518,workout routine for slim sexy thighs [deleted],1
180941,hentai sex movie with pretty big titted girl,0
895467,my former highschool crush said i was too skinny.. who’d enjoy a tiny girl like me anyways? (oc),1
999189,"family curse ii (extreme weight gain) [da link](https://www.deviantart.com/333blebleble333/art/family-curse-ii-752297838) &amp;#x200b; **part 2** four months later… i woke up in the middle of the night, starving. my stomach was rumbling loudly, complaining about its emptiness. i use the term emptiness loosely though. only a few hours have passed since i had dinner that consisted of enough food to feed your regular family and then some. my family was hardly a regular one though and i was no exception. the bed underneath me creaked as i shifted my soft body in an attempt to get up. it was becoming more and more challenging lately, but that was no surprise considering the fact that the big five hundred seemed to get closer with every passing day. with another year of university behind me, i was back at home, spending the summer with my parents. and, quite importantly, back to my mother’s cooking. while i missed mom’s cooking dearly it certainly doesn’t mean that i didn’t use my unlimited meal plan in uni’s cafeteria to the full. lately i’ve been waking up starving almost every night, no matter how much i ate during the day. luckily for me there was a pizza delivery close by that worked nonstop. i reached for my phone that lied on a nightstand, my arm pushing against the soft flesh of my breast. it was getting more and more difficult to function without my boobs getting in the way, but that was hardly a surprise due to their extraordinary size. i mean how many women can say that they are larger around their chest than they are tall? despite all the struggle and back pain they were causing me, i wouldn’t trade them for anything in the world. it wasn’t difficult to feel overlooked as the youngest in a family and so i was glad i had something that made me stand out. thinking about my boobs i noticed i was spilling heavily over the cups of my custom tailored bra. *oh great… that’s my largest one!* i thought bitterly. it was always sad to see a piece of garment getting closer to the end of its usefulness. it was even sadder when the before mentioned garment lasted only for two weeks. i yawned before dialing the pizza place. i had it on a speed dial, so i guess it would be fair to admit, i was a frequent customer. “hello, i’d like to… oh, hey travis. another night shift, huh? yeah, i’ll have the usual.” my stomach emitted a loud growl. “uhm, you know what? make it the usual plus one extra-large pepperoni. thanks. see you in a bit. text me when you get here.” i got up from my bed. the rude piece of furniture let out a sigh of relief when i placed my weight onto my feet. “oh, shut up! i’m not that heavy.” i put on my night robe that fit me maybe a year ago. now i was only just able to fasten it beneath my massive tits. this however meant it was never going to cover my chest and it left deep canyon of cleavage out in the open for everyone to see. *travis is surely going to enjoy this. he always stares at my tits so intensely that his eyes seem like they’re about to fall out… i can’t really blame him for that though.* not even five minutes passed since i made the call and my stomach felt like it was trying to digest itself, complaining with loud groans. *this waiting is going to kill me!* “maybe there’s something in the fridge…” i thought out loud. “it’s worth checking anyway.” i wobbled my way into the kitchen as fast as my corpulent body allowed me. i quickly opened the fridge and started to go through its content. to get a proper look i had to lean forward, which meant that my breasts were pressed against the cold shelf inside. shivers ran down my spine and i felt my nipples stiffen. i ignored the discomfort and focused on the search for food. unfortunately i ended up disappointed. i mean, i knew it was mostly my fault there weren’t any leftovers from previous days, but i still expected to find at least something worth it. a pack of cold sausages, even if it was a large pack, followed by a chunk of ham were hardly enough to appease my angry stomach. *the pizza better should be here soon…* just when i thought of it, my phone lighted up with a new text massage. like rampant animal i hurried to the door, leaving a mess in the kitchen behind me. the pizza delivery guy, travis, stared at me with his widened eyes. he was stumbling upon his words, when he was handing me four pizza boxes in one hand while he awkwardly tried to hide his erection with the other. but i was only barely able to comprehend what was happening, all i could think was food. i was quivering with anticipation, swiftly making my way into the living room. i parked my sizeable derrière onto the new four seater sofa, taking more than a quarter of its space. my posterior may not have been my biggest asset, but i still inherited my mother’s genes. thinking about it, i surpassed her in this respect already as well. the old couch that used to be here didn’t survive kelly’s twenty-seventh birthday, because it collapsed almost immediately after she got up from it. i let out a loud burp and sighed with satisfaction, before patting my swollen middle. for me it was a way more difficult task than it may have seemed. my bosom made sure of that. when seated down, my breasts rested in my lap, reaching almost all the way to my knees. i looked at the empty boxes scattered around me and sighed. *i’m getting out of control…* i was turning 22 in three weeks, but i was already so fat. *if i keep this up, i’ll be soon fatter than amber. and it’s still years before the curse is actually supposed to hit!* unlike my sisters, i was always an irredeemable glutton and so i never really worried too much about the curse that ran in our family. i liked being fat. it just felt… right. though i had to admit, seeing just how much the curse affected kelly… even i was beginning to worry. \*\*\* i stepped on a scale. “five hundred point four pounds.” the robotic voice announced blankly. the day of my twenty-second birthday was officially the day when i surpassed the five hundred mark. it also meant that i weighed more than both of my parents combined, but i chose not to think about that too much. my bust, constricted in a too small bra, entered the living room, followed by the rest of me moments later. i let my heavy body fall upon the couch. it whimpered at the impact. the noise alerted my ever so caring mother of my arrival and she walked out of the kitchen with a bright smile on her face. “good morning, honey. happy birthday!” she rushed to me excitedly and planted a kiss on my forehead, leaning against my boobs in the process. “good morning.” my stomach decided to join the conversation as it let out a thunderous growl. “oh my poor dear! you must be starving! what can i get you? would you like some waffles or pancakes or on omelet? i could fry some bacon for you or maybe some sausages? there should also be a couple of croissants.” “uhm… is all of the above an option?” i said with an innocent smile spreading across my face. my breakfast lasted for hours and by the time it was finally finished, it was time for lunch. the day continued like this, the breaks from eating were rare, short and far between. i was enjoying my calm, lazy day filled with loads and loads of food. then everything changed when the fire nation attacked… uhm… i mean when my sisters arrived. by that time i was getting pretty… contended. surprisingly i didn’t feel full. i wasn’t hungry either, just satisfied. not that it would slow down the pace in which i was polishing mom’s lovely burgers. i loved eating too much for that to happen any time soon. amber and cheryl arrived at the same time, both heading straight into the living room. “oh look, it’s boobzilla!” said amber, the slimmer of the two sisters, pointing her meaty arm in my direction. “hey boobzilla.” cheryl mumbled with her mouth already occupied by munching a burger. her gargantuan gut was trembling with every step she made, as she hurried to take her place on the couch. “my god, courtney!” amber exclaimed. “what are they feeding you? you look huge!” she walked to me and sunk her hands into the soft mountains that were attached to my chest. “hey, stop it! i’m trying to eat here!” i complained loudly with my mouth full. “sis, honey, you’re hardly wasting away.” amber said mockingly. “seriously, you’re almost as big as i am, although you’re clearly carrying the pounds a bit more… upfront.” amber tried to emphasize her point by sliding her hand underneath my right boob in an attempt to lift it. my breast wobbled a bit, but that was the only result of her effort. “oh my god! how can you even move around with those things?! how much do they weigh?” i threw the remnant of a burger into my mouth and shrugged. amber grinned before running off. well, if you can call her slightly faster waddle running, that is. amber returned a few moments later with the scale from my room under her arm. “drop your shirt!” she shouted enthusiastically. “it’s time for a weight-in!” “are you crazy?! i’m not stripping down in here!” “oh, come on! don’t be shy!” amber teased me. “it’s only us girls in here. we all have seen tits before.” “not this big though.” cheryl said joining in the conversation for the first time. “tits are still tits, size doesn’t matter.” amber stated resolutely. “oh, look how she blushes! isn’t she precious?” she giggled. i felt the blood rushing to my cheeks. i wasn’t exactly sure how did the events of the day lead here and i wasn’t comfortable with were it was heading. “come on, aren’t you at least a bit curious?” amber whispered into my ear like a little devil on my shoulder. i, of course, was immensely curious, wondering why it never occurred to me to try to weigh them myself. however i wasn’t so big on doing it here, in front of my sisters. “it’s two on one here. and we know you’re ticklish! don’t make it hard on yourself, little sister.” cheryl said while she was pulling the hem of my t-shirt upwards. “alright, alright! geez!” i let out a frustrated sigh. “you guys are such bullies sometimes…” amber giggled. “yes, we are. now off with the shirt!” i dropped the t-shirt on the couch revealing the inadequate brassier digging deeply into the smooth flesh of my bosom that was spilling out of the too small cups in every direction. “ooh, that looks painful.” amber said and before unclasping my bra with her surprisingly thin and nimble fingers. i sighed in relief. even without the bra, my breasts remained unbelievably full and round, drooping only slightly, achieving the shape of overfull tears. freed from their prison they jiggled like jelly with my every breath. “you have no idea how long it takes me to fit into that blasted thing.” “’fit’ isn’t exactly the word i would use…” amber said with her eyes fixed to my chest. amber placed the scale on a coffee table. i looked down on my jugs, each wider than the scale in front of me. sometimes it surprised even me just how huge my boobs actually were. i carefully lowered my right boob on the small target. “eighty-nine point seven pounds.” the robotic voice announced. and then… there was silence. *what?! did i hear right? can it really be so?* my train of thoughts was interrupted by cheryl’s scream. “**holy fuck!**” my left boob was even heavier at ‘ninety point five pounds’ as announced by the scale. “could they really weigh 180 pounds?” i asked dumbly and amber burst into laughter. “what’s so funny?” “i just realized… your tits are heavier than my boyfriend!” cheryl giggled as well. “speaking of… how is andrew anyway? you never take him anywhere.” “it’s the same old story. he’s either working or bitching about his job. what about you? still haven’t find the right victim?” cheryl sighed “you know how men are these days. they can’t handle a proper woman.” she said patting her massive middle that was overflowing her lap. the family sat around the table. seven chairs for four people. i sat on two chairs. i would probably still be able to more or less fit on a single chair, but i was worried it wouldn’t handle my weight. the biggest part of the table was taken by a giant cake with twenty-two candles on it. with my dad on a business trip and with kelly too big to travel, it did feel like something was missing. at least, i thought, there was more food for little greedy me. the stream of food seemed endless and as the night progressed, my belly swelled larger and larger, pushing my breasts upwards, slowly obscuring my view more and more. i didn’t know how much food i managed to cram into my gut only that even cheryl gaped at me in awe. \*\*\* the street was covered under a thick layer of snow, the weather was freezing, with the temperature dropping below zero. i shivered with the cold, sending my entire mass into uncontrollable quiver. breathing heavily from exertion, i slowly made my way to my dad’s car. both my parents were waiting for me, because i couldn’t keep up pace with them. i was too fat for that now. my breasts were getting in my way, flapping against my thighs and my back hurt because of their immense weight. i was glad to be home for my winter break from the terror of my university. the constant stress eating was taking its toll on my body, meaning that in the five months that have passed since my twenty-second birthday i manager to reach yet another milestone… i broke my first scale few weeks ago. i didn’t know how much i weighed, but i knew i was heavier even than cheryl. i wasn’t too bothered about my weight though. my size however was another matter entirely. the dorm room i was staying in was small for normally sized people. me? i could barely turn around in it. it only made me want to spend time elsewhere… and so i did. i was pretty much living in the cafeteria. the whole campus seemed rather small to be honest, but then again i was the only one there having troubles squeezing through doors, so it might have been my fault. even the double doors seemed narrower than they used to. i finally managed to waddle to the car. it looked a lot smaller than i remembered. dad opened the door for me, so i could get inside. it was easier said than done. the car shifted under my weight when i put my pudgy leg inside, the car’s floor on my side nearly touching the ground beneath. it was clear that i was larger than the space i had to squeeze through. fortunately my breasts were squishy enough for me to be able to force my way through without much delay. i plopped my large behind down into the middle of the wide backseat, leaving little space on either side of my backside. the free space was however quickly occupied by my boobs spilling from my lap and onto the seat. i struggled to unzip my winter coat that felt too tight a month ago, the fabric groaning because of the pressure from inside. *how did i even manage to zip it up?* unzipping a coat wasn’t as easy thing as it sounded when the zipper was more than two feet ahead of you. especially if you had to reach around tits as big as mine were, to even get to the slider. finally with one strong tug i moved the slider a couple inches and my jugs took care of the rest. as a great fleshy tidal wave they surged forward forcing the slider all the way down in less than a second, revealing a low cut top and a massive cleavage. this however caused that my bosom was now pressing awkwardly against the seats in front of me, causing me major discomfort. “mom, could you move the seat forward a bit?” “i’m sorry courtney, but it doesn’t go any further.” *this will be one hell of a ride…* i tried to fasten my seatbelt but even with a belt extender attached there was no chance i could buckle it. dad started the engine and we headed off to spend the christmas with rest of the family. not even five minutes into our journey and i was already suffering from terrible hunger pangs. “uhm, do you think we could stop for something to eat?” i inquired. “but honey, we just had lunch.” my mom said. “besides we’re running late already.” it was the truth, of course. in fact, i haven’t stopped eating ever since i woke up today. the problem was that i was getting pretty bottomless lately, stopping only when sleeping. “i know… but i’m really hungry! it wouldn’t take more than five minutes!” i can’t see why it’s such a problem for you.” i complained loudly. “no, you just ate three entire trails of lasagna. we’re not stopping!” mom said, annoyance clearly present in her voice. “but i’m hungry!” i yelled. “can you understand me?! i’m so **fucking** hungry!” “young lady!” my mom hissed angrily. “do i have to remind you we already have a two hour delay, because **you** ate all of the christmas sweets i baked for tonight? the sweets i specifically told you to leave alone! and you didn’t even tell me so i had to make more at the very last moment!” “well, i guess you should have made some more for me!” i argued. “i made you twelve kilos!” mom shouted. “you ate it as well, remember?!” “i was hungry! i’m not going to apologize for eating when i’m hungry!” my stomach growled loudly as if to emphasize my words. there was a short silence ended with yet another thunderous growl. mom sighed. “take us to that kfc.” she told to my dad. “i’m not going to listen to that for the next three hours.” as angry as she was with me and my attitude, she just couldn’t let her little baby go hungry. “what do you want?” she asked harshly. “it depends on how much you’re willing spend… i’m absolutely famished.” my mom rolled her eyes. every free space within my reach was covered in buckets filled with enough chicken to feed a small army. most of the buckets were safely tucked between my boobs. in little over a minute i devoured the content of one bucket intended as a full meal for two people. “mom, i’m sorry, i was rude.” i said while licking the grease of my fingers. “it just gets into my head! i simply can’t control myself.” i apologized, feeling sincerely embarrassed by acting like a spoiled brat. “don’t worry about it honey.” mom said almost too sweetly, making a huge contrast with her previous harshness. this was only the first out of our five pit stops however. by the time we reached our last fast food stop on the way, my mom was edging towards her breaking point. we finally arrived to our destination, but there i faced another issue. getting out of the car turned out to be a much bigger problem than getting in was. i was wedged between the seats so tightly i couldn’t move. “i-i think i’m stuck.” i announced sheepishly. i leaned forward with all my might, squishing my boobs against the front seats painfully, but i still couldn’t detach my sizeable hindquarters from the seat. the only thing it managed to do was make my boobs jiggle. *oh my god, how am i going to get out of here?! stupid, giant tits!* i cursed myself for not wearing a bra. as restrictive and uncomfortable as bras were, it made my boobs so much easier to manipulate with. “mom, are you **really** hundred percent sure the seats can’t be pushed forward any further?!” i yelled in despair, flapping my chubby arms around frantically, sending empty wrappers into air. “calm down, honey.” mom sighed tiredly. “we’re gonna get you out… somehow.” “somehow? geez! thanks mom, very reassuring.” i retorted sarcastically. “that’s definitely going to calm me down!” “oh, you’ll have to excuse me, but i’ve never had to pull my daughter from a fucking car!” i stared at my mom dumbfounded. never in my entire life have i heard her cuss. “courtney, would you mind if i…?” my dad asked nervously motioning to my boob, clearly uncomfortable with the idea. “ehm, you know, grabbed…” “for god’s sake just do it!” my mom shouted behind him. “it’s alright, dad.” i assured him, red in face with embarrassment. he carefully placed his hands upon my right breast, his fingers sinking into the cushiony mass. he grabbed firmly and pulled with everything he had, turning red with effort… achieving very little. my boob simply wobbled from side to side, but that was it. he tried again, but even with my mother’s help, the result wasn’t different. my tit was simply too heavy and too big for them to manipulate through the small opening. “what’s going on here?” i recognized cheryl’s voice coming from somewhere out of my sight. “your sister, uhm, she has a bit of a situation here.” cheryl walked to the car. “holy tits, courtney,” cheryl exclaimed. “are you actually stuck in there?!” she started to giggle and pulled a phone from her pocket and took a couple of pictures. “this is solid gold!” “i’m sorry, but i really don’t see the humor in this.” i was on the verge of panic. “chill, i’ve been in a similar situation.” she waved her hand before patting her giant belly. “i never got stuck in a car though. damn girl, how did you get so huge?!” i bit my lower lip. cheryl grabbed my boob with a lot less concern for my comfort, leaving red marks on my smooth skin. she started to pull using her impressive weight rather than her muscles. it hurt like hell, but it seemed like it was working. slowly, so very slowly was my tit through the door frame. the pain was getting unbearable and i cried out and at the very same time cheryl lost her grip, falling backwards on her plump bottom. my giant tit quivered in place, moved barely by an inch. “you’re a toughie.” cheryl said, our parents helping her to get back on her feet. “i have an idea, but i have to get something from my car. i’ll be right back. stay here!” she laughed to her own joke before waddling away. my parents watched me with concern, not knowing what to do. it was surreal. it was like the fairy tale about the giant turnip, except in this case i was the turnip! i didn’t like it very much. cheryl returned with a bottle of olive oil and started to pour it all over my boob without hesitation. she grabbed me like before and pulled. with an audibly ‘plop’ my oiled up teat slipped through the doorframe and out of the car… and out of my top as well, but it didn’t matter too much. i was free! at long last we were standing in front of the door leading into kelly’s new larger house. we rang the bell and waited. i haven’t seen kelly since her birthday nine months ago and so i wasn’t really sure what to expect. i was genuinely curious how much bigger she got. *how much bigger can a person get anyway?* tall, muscular and quite handsome man opened the door, it was one of kelly’s hired helping hands. as she was losing her mobility, kelly needed to be taken care of more and more often. *i’m heading there.* i realized grimly, remembering the scene that happened mere minutes prior. we were led into a large room with numerous long tables, overflowing with food. the christmas tree stood in the corner without any attention. amber was at one of the tables with her boyfriend, andrew. they were clearly enjoying each other’s company, their eyes sparkling with affection. andrew was feeding her with one hand while he caressed her belly, which was slightly rounder than i remembered, with the other. it was big news when amber told us she was pregnant a few months ago and even from distance i could tell she was glowing. however it was my other sister who was in the center of attention. kelly waved at us too occupied with chewing to do anything else. she was, to say it plainly, huge, sitting in the middle of the room on something that looked very much like the new couch in our parent’s house, with two men around her taking care of her every whim. she was overflowing the sofa in every possible direction. she must have weighed about as much as i, amber and cheryl put together. maybe more. we all looked like dwarves next to her. the time has come for the family to gather around the main dining table. ‘kelly’s guys’ with their combined strengths managed to pull their employer up on her feet. even standing, kelly’s giant midsection still lied on the floor several feet in front of her. the whole family sat around the table. fifteen chairs for seven people. the biggest part of the table was covered by empty plates. two overwhelmed chairs i was sitting on creaked under my weight. looking around the table i saw that only two people were still eating. the rest was rubbing their swollen overfilled stomachs. i wasn’t slowing down yet, and neither was kelly. for some reason i wanted to compete with her, mirroring her moves, bite for bite. our eyes met, kelly’s lips curling into a smile. she knew what was going on. cheryl stared at me in silence, impressed. even she stopped filling her large middle, too full to move. hours have passed. it was way past midnight and everybody else went to sleep. everyone except me and kelly i couldn’t see anything but my boobs anymore. my gut was so swollen it actually reached even further than my behemoth bosom, pushing it higher than my head was. i was finally reaching my limits. it was actually quite reassuring that i still had some. loud ‘crack’ filled the air and the world turned into a blur. both chairs gave up on me at the same time sending me unceremoniously on the ground. “are you alright?” kelly asked between munches. “yeah…” i tried to move, but my body was too weak and too heavy. “you know what?” kelly said. “i can’t even remember the last time i was this close to being full. you really can eat!” too stuffed to do anything i could only moan in response. there i was lying on the ground. still only twenty-two with over two and half years to go before the curse would kick in and i was already eating more than amber and cheryl combined. *maybe the curse came sooner in my case.* i thought, knowing very well that it wasn’t much more than a wishful thinking, but there was nothing wrong with having hope.",1
452687,"another horse story. i got such a strong response on the last one, so i'm pulling out one more. first story [here](http://www.reddit.com/r/fatpeoplestories/comments/1ar8op/she_wanted_to_ride_a_horse/), probably best to read at least the ""backstory"" on it. just a forewarning, this is really long. so this happened on the same farm as in the last story. i wasn't clear, then, i don't work there anymore and haven't for about 8-9 years. thank goodness, because the owners were awful. as i mentioned before, i was the manager of this place and ran it by myself with the help of a small handful of workers. a lot of the time, when people came to work there they were 13ish and didn't have a whole ton of horse experience. which was fine, if they were willing to learn they tended to learn super quick, which was great. enter the story's subject. 13-14ish, (i was 16 or so), about 200lbs and 5'3""ish. i was fat when i started there and the hard work slimmed me down, so i wasn't judging her based on appearance. she also had no experience, which as i said wasn't new, i knew teaching her would take some time. most workers pick up the basics within two days. they're pretty straight forward. so i started her the same way i started everyone else, by walking up, handing her a horse, and telling her to lead it out to the hitching posts and i would be out shortly to show her how to tie. her question? ""am i going to ride him?"" no, no you are not. first day here, you're going to learn to tie him to a post. so we go through the day and she keeps asking if she's going to get to ride, and i keep saying ""no."" then about halfway through she starts complaining that she's tired and can't keep up. it wasn't that hard of a day, either, mostly a lot of walking. didn't even need to haul bales. i tell her to go take 5 on the straw bale stack and maybe grab some lunch, but to hurry because she had some pony rides for a birthday party to take care of. so she grabbed her large bag of lunch (i remember there were multiple sandwiches, a bottle of pop, some form of chocolate, and who knows what else... but whatever, not judging, remember? trying really hard...) and plopped onto a bale to dig in while i groomed and saddled the ponies. when i was done, she hadn't shown, so i spent a few minutes adding a couple of things to the ponies to make them cute for the birthday party (if i ever had spare minutes i liked to help the kids out with setting the manes and tails up for braiding and ribbons, you know... girls... haha). and after i was done she was still not there. so i go back and she's still sitting there, drinking her pop and texting. says she's still tired, i pretty much tell her too bad, time to ""man up"" and give her the two ponies to take out so i can get a trail ride ready. so she takes off and i know another worker will meet her out there to run the party together and show her the ropes. new workers = pony rides, period. start with the little ones, move to bigger as you learn more. i get the trail ride ready and take horses out with my favorite coworker/person who actually knows what she's doing, and then go to get the customers mounted. small moon (sm?)'s sitting on my horse. *my* horse. you know, the one i owned. she is sitting on her. ask her what the hell she thinks she's doing. she says ""i want to help on the trails! so i thought i'd get ready to go!"" the bridle is on wrong. my horse looks miserable. my horse was gorgeous, ([here is a picture](http://i.imgur.com/9dmgxph.jpg)) and sometimes i let the experienced workers use her to keep her fit, but it was rare because *she was my baby*. i told her to get down, now, take the bridle off, and to never touch her again. she whined and said it wasn't fair, called the horse ""her favourite"" (she didn't know i owned her at this point) and that she deserved to ride for all the hard work she'd (i'd) done. i make her go back to the ponies. she pulled this multiple times over the next week. i'd go out to find her already on a horse and ""ready to go."" i'd taken her out once that week just to see how well she rode, and it was not well. she continually lied about her experience, the work she did, among other things including incredible amounts of fat logic tossed in. she was not learning. she still couldn't tie a slip knot properly (it takes 30 seconds and doing it twice to learn), was too lazy to lift saddles, and would conveniently disappear to who knows where when it was time to do any work. literally broke down crying the first day we had to unload square bales from the truck (60lbs each x 1500 of them) because she was too tired and was ""going to throw up."" left two of use to do all 1500 by ourselves. every time we tried to make her help us clean out stalls (read: poop-scooping) she would break down gagging and choking and run out in tears because ""poo is so gross!"" whenever i asked her to soap down the saddles to keep the leather good, she would whine about it the entire time, do a shit job, then cry when i told her to redo it because she ""hadn't gotten to touch a horse in hours and that's what she's there to do."" she would not leave my horse alone. every day she came up to me and asked if she could ride her. whined when i said no. said i was being selfish and unfair. would ask to ride the in-training/young horses. not sure why she wanted to so bad, but like hell i was letting her ruin them. she was always eating. she always had pop, chocolate bars, white bread sandwiches, chips... we would find chip bags crammed into the crevices of the saddle rack, and when we bitched her out she would deny it was her. brought fast food to work a lot, which when you work outside in the hot sun and just drink sugar all day... couldn't have been comfortable. one day told a worker she was assisting (watching out for safety of passengers) on a wagon that she knew how to drive a team and told the worker to let her try. so the worker was like, sure, have a go (she's nicer than me) and sm nearly crashed the freaking thing into a bush because she didn't know about keeping tension and the horses took off. customers almost fell out, too. i was livid. so, the last day i ever saw her she was in charge of grooming, and she glazed over the other horses and then spent half an hour on mine, and then decided she was going to go all-out grooming her. she cut her mane. this was my show horse. everyone on that farm knew i was a stickler about grooming and clipping, so they all let me take care of her. which, you know, is right. she had this gorgeous long, white mane that hung past her neck and was thick and orderly, which takes a ton of work on horses. i spent hours every week giving her a gorgeous mane (supplements/oils/conditioning/protective bagging), and this idiot chops it into really bad [hunter cut](http://www.regardinghorses.com/wp-content/uploads/2009/07/finished-mane.jpg). the picture i showed at the start was about 2 months after this incident, when it had grown out more. [here is a picture of a week after](http://i.imgur.com/homqij2.jpg). she looked hideous. i was livid. look at how long/nice/full her tail is (ignore the dirt, she'd just had a roll haha)... that's what her mane looked like pre-cut. and her being a show horse, appearance was important, especially after i put so much time and money into it. i spent an hour screaming at this girl and telling her if i ever caught her breathing on my horse again i would end her. the whole time she is crying and telling me i hate her because she's fat and that she's bullied in school (i wasn't even thin then, i was overweight, just not moon-status...) and i just *wouldn't understand*, that i work her so hard (she had the easiest workload out of everyone) because i hated fat people and maybe i should look in a mirror. i told her i was hard on her because she was a shit horseperson, and she just lost it screaming and wailing as if i had stepped on her firstborn child. i don't think she ever came back after that. i'm glad. she's the only fat person i ever had to work with on that farm, and i am so grateful for that fact. **tl;dr**: lazy fat new coworker becomes obsessed with my horse. refuses to do regular work around the farm but found enough time to give ""special treatment"" to my animal and ruin her show mane.",1
269843,"reposting my character height reference list, now updated to include peace talks, battle ground and the recent microfictions please let me know if you spot any errors, if there are any significant references i'm missing, or if you have any questions about the list. also let me know if you'd like to see any characters added to the list. according to the cdc, u.s. male height as approximately 5'9.17"", and the mean u.s. female height as approximately 5'3.7"" (data taken from 2011 to 2014), and i use these as reference points whenever dresden or another character describes someone of ""average,"" ""medium,"" ""tall,"" or ""short"" height. as the majority of pov characters live in the u.s., i assume they do too. though admittedly, this isn't always consistent with how characters are described. for instance, fix, even after becoming the summer knight, is both ""at least five nine"" and ""below average height."" meanwhile susan is described as having ""average"" and ""medium"" height while also being about 5'9"". so unless these were simple discrepancies, there's a decent chance that harry actually views ""average height"" as a bit higher than it actually is in real life, but... eh. ¯\\\_(ツ)_/¯ please note that the estimated heights listed next to each character are just rough guesses, and are purposely wide in range for characters with fewer concrete references. - ___ ___ - harry dresden - **6'8""-6'9""** - (note: i don't plan on listing every single reference to harry's height throughout the series. there are just too many.) - *storm front*: ""tall"" * ""i was a teenage bigfoot"": ""i’m in the ninety-ninth percentile for height"" * ""heorot"": ""i’m more than six and a half feet tall"" * ""backup"": ""he was head and shoulders taller than most of the people around him, professional-basketball-player tall"" * ""last call"": ""most of seven feet tall"" * ""love hurts"": ""i’m freakishly tall"" (...) ""i was most of two feet taller than [murphy (5'0"")] was"""" - *peace talks*: ""i'm six-nine."" (...) ""very tall"" - *battle ground*: ""i was about six eight or six nine, depending on my shoes"" - karrin murphy - **5'0""-5'1""** * ""a restoration of faith"": ""she was short, stocky"" - *storm front*: ""she's short"" - *fool moon*: ""karrin murphy wasn't much more than five feet tall."" (...) ""murphy, standing at her full five-feet-and-change tall"" - *grave peril*: ""five-foot-nothing in height."" - *summer knight*: ""she stood five feet nothing in her bare feet."" - *death masks*: ""murphy looked like someone's kid sister. she was five nothing, a hundred and nothing"" - *blood rites*: ""five-nothing, a hundred and nothing"" - *proven guilty*: ""she was maybe a rose petal over five feet tall"" - *white night*: ""five feet and small change"" - *small favor*: ""tiny and fierce"" (...) ""tiny, but fierce."" * ""last call"": ""a five-foot blonde"" - *turn coat*: ""she was five feet nothing"" * ""love hurts"": ""she was a tiny, compactly muscular woman"" (...) ""i was most of two feet taller than she was"" - *changes*: ""a woman a little more than five feet tall"" * ""aftermath"": ""five feet tall"" (...) ""both will and i were under average height"" - *ghost story*: ""she was a woman of well below average height"" - *cold days*: ""she was five nothing"" - *skin game*: ""only attitude kept her from being an itty-bitty person"" (...) ""ascher ('nearly six feet tall') was a foot taller than she was."" - *peace talks*: ""a bitty thing, five and not much, if a very muscular five and not much"" - *battle ground*: ""murph had to wear thick socks to break five feet even"" - maggie dresden - **still growing** - (maggie is about 10 or 11 in *peace talks*. the cdc lists the 5th height percentile for girls her age as about 4'2""-4'4"".) - *skin game*: ""a little girl"" * ""zoo day"": ""a tiny child, in the lowest percentile for height and weight in every class she’d ever been in"" - *battle ground*: ""small"" - bonea dresden - **skull-sized** - (i don't really know how tall a skull is when it's set on a table, but an amazon listing for a replica skull says it's about 6 inches tall and that's good enough for me) - *skin game* (dream form): ""a smallish figure"" (...) ""she looked like a child maybe twelve years old"" - *skin game* (skull): ""a modestly accurate replica of a human skull"" - mouse - **big ol' dog** - woj (2010 buzzy multimedia interview): ""if you scale up a tibetan mastiff (2'2""-2'6""), you get to mouse size"" - *dead beat*: ""the dog's shoulders came nearly to my waist, and the vet didn't think he was finished growing yet."" - *turn coat*: ""[georgia's wolf form] was an enormous beast, easily as heavy as mouse, but taller and leaner"" - *changes*: ""mouse was lobbying to claim gimli on the basis of being the shortest, the stoutest, and the hairiest"" - *peace talks*: ""a shaggy grey behemoth about the size of a budweiser horse"" - *battle ground*: ""big grey dog"" * ""christmas eve*: ""more than two hundred pounds of patient grey floof"" - mister - **big (the) cat** - (google lists cat heights as being about 9 to 10 inches, but apparently the tallest domestic cat in the world is about 19 inches tall. i don't know what to do with this information.) - *storm front*: ""an enormous grey cat. i mean, enormous. there are dogs smaller than mister. he weighs in at just over thirty pounds, and there isn't an undue amount of fat on his frame"" - *fool moon*: ""big"" (...) ""larger than a lot of dogs"" - *blood rites*: ""mister weighs twenty-five or thirty pounds"" - *proven guilty*: ""my thirty-pound grey tomcat"" - *small favor*: ""my hyperthyroid tomcat"" * ""day off"": ""my oversized cat"" - *ghost story*: ""a tiny grey mountain lion"" - *peace talks*: ""big grey tomcat"" - demonreach (""alfred"") - **about 9'0""-12'0"", possibly varying** - *turn coat*: ""it was eleven or twelve feet tall"" - *ghost story*: ""enormous"" - *cold days*: ""huge, maybe twelve feet tall"" - *skin game*: ""ten or twelve feet tall"" - *peace talks*: ""enormous, as tall as the titan (around 9'0""), and far broader"" (...) ""vast"" - ___ ___ - # || **the alphas** || - william borden - **5'5""-5'6""** - *fool moon*: ""a stout young man less than five and a half feet tall"" (...) ""the stout, short kid"" - *dead beat*: ""billy was a little shorter than average, and had more muscle than a bowflex commercial."" * ""something borrowed"": ""billy wasn’t tall"" (...) ""'with [harry] standing up there on one side of you and georgia on the other, you’re going to look like a midget'"" - *summer knight*: ""a short young man"" * ""day off"": ""short, heavily muscled"" - *turn coat*: ""he was a short guy, maybe five six"" * ""aftermath"": ""he was about five five, five six, and built like an armored car, all flat, heavy muscle."" - *ghost story*: ""he was a man of below-average height and well above-average build. "" * ""jury duty"": ""shorter than average, and built like a linebacker"" - *battle ground*: ""about five and a half feet tall"" - georgia borden - **about 6'0""** - *fool moon*: ""[will] stood with his hands on his hips, glaring up at a rail-thin blonde girl at least a head taller than he, the lines of her willowy body all awkward"" - *summer knight*: ""a willowy girl a foot taller than [billy]"" (...) ""she was nearly a foot taller than billy"" - *dead beat*: ""she was a willowy young woman about billy's age, somewhere around six feet tall."" * ""something borrowed"": ""georgia was a tall woman--in high enough heels, she could have looked me in the eye"" * ""day off"": ""tall, willowy"" - *turn coat*: ""she was a tall woman, lean and willowy"" - *battle ground*: ""nearer six feet (compared to will's 5'6"")"" - andi macklin - **maybe 5'2""-5'9""** * ""day off"": ""her long, strong legs"" * ""bombshells"": ""she was a girl of medium height"" - marci - **maybe 5'1""-5'3""** * ""aftermath"": ""she was a little taller than [murphy (5'0""-5'1"")], which still put her below average"" - tera west (human form) - **about 6'0""** - *fool moon*: ""as tall as [georgia]"" - ___ ___ - # || **chicago mob** || - john marcone - **maybe 5'10""-5'11""** - *death masks*: ""he was a man of slightly above average height and unassuming build."" - *dead beat*: ""he was a man a little over average height."" - *white night*: ""he was an inch or two above average height"" - *small favor*: ""a man of medium height and build"" (...) ""he stood just a bit over average height and was of medium build"" * ""monsters"": ""medium height, medium build"" - *peace talks*: ""perhaps slightly taller than average"" - nathan hendricks - **maybe 6'2""-6'8""** - *storm front*: ""a rather large man"" (...) ""very large and very overdeveloped"" - *fool moon*: ""hulking"" (...) ""huge"" - *death masks*: ""a couple of large and unfriendly-looking men"" (...) ""an enormous man"" (...) ""a shadow fell over marcone, and i looked up to see hendricks hulk into view behind him. hendricks was still huge"" - *dead beat*: ""he'd had to get his business suit at the big-and-tall store"" - *white night*: ""a large man"" (...) ""the huge redheaded enforcer"" (...) ""hendricks was a huge man, three hundred pounds and more"" (...) ""big man"" - *small favor*: ""hendricks made [gard (6'0"")] look petite"" (...) ""a massive man"" (...) ""hendricks wasn’t as tall as me"" * ""even hand"": ""hendricks was a large, trustworthy man"" * ""aftermath"": ""'he was big. almost as big as ray ('well over six feet tall'), but he... you know, he moved better. he was in shape.'"" - *peace talks*: ""a ginger mack truck wearing a suit"" - sigrun gard - **about 6'0""** - *death masks*: ""a gorgeous, leggy, blue-eyed, elegant, tall, nordic angel"" - *dead beat*: ""she was better than six feet tall"" * ""heorot"": ""she was a tall blonde, six feet or so, even in flat, practical shoes"" - *small favor*: ""gard was tall, six feet or so"" (...) ""tall, athletic"" (...) ""she was six feet tall in her bare feet"" * ""even hand"": ""a tall blond woman"" * ""aftermath"": ""a blond amazon more than six feet tall in a grey business suit. she had the legs that had been cruelly denied me at birth, the bitch."" - *peace talks*: ""tall enough to play basketball"" - helen beckitt - **maybe 5'8"" or higher** - *storm front*: ""a tall couple (helen &amp; her husband)"" - *white night*: ""she was tall, lean"" - skaldi skjeldson: **about 6'10""-7'0""** - *ghost story*: ""a man who had inherited a portion of his dna from a rhinoceros—and not many generations ago. he was huge and heavily muscled"" (...) ""hair ball fell like a tree, huge and slow."" (...) ""giant"" (...) ""big guy"" (...) ""'skaldi’s two hundred pounds heavier than [murphy (5'0""-5'1"")], almost two feet taller'"" - *skin game*: ""a man the height and width of a drawbridge"" - childs - **???** * (no specific references. likely not so especially tall or short as to warrant mention. though if harry says childs doesn't look like a big guy due to his lack of muscle, then it probably isn't also due to his lack of height. i'd guess at least medium height.) - *ghost story*: ""he didn’t look like a big guy. he wasn’t heavy with muscle."" - ___ ___ - # || **knights of the cross, the church, and the carpenter family** || - michael carpenter - **about 6'6""-6'7""** - *grave peril*: ""tall and broad"" - *death masks*: ""tall and broad-shouldered"" - *proven guilty*: ""michael carpenter was almost as tall as me and packed a lot more muscle."" - *small favor*: ""michael was only a couple of inches shorter than me"" * ""the warrior"": ""michael carpenter was a large, brawny man, though he was leaner now than in all the time i’d known him."" - *skin game*: ""michael carpenter was well over six feet tall"" * ""day one"": ""action-hero sized"" * ""christmas eve"": ""a large man"" - sanya ivanovich - **about 6'5""-6'6""** - *death masks*: ""a tall young black man"" (...) ""[sanya] gripped the larger man's (michael's) shoulder"" - *small favor*: ""a large, dark-skinned man appeared"" (...) ""sanya’s cloak covered [marcone] like a blanket."" - *peace talks*: ""the size and build of an nfl linebacker"" - *battle ground*: ""six and a half feet of muscle"" (...) ""big"" - shiro yoshimo - **maybe 5'6"" or shorter** - *death masks*: ""little"" - waldo butters - **5'2""-5'5""** - *death masks*: ""a small man"" - *dead beat*: ""butters was a little guy, maybe five-foot-three in his shoes, maybe 120 pounds soaking wet."" - *white night*: ""butters was an odd little duck. he wasn't much taller than murphy."" * ""the warrior"": ""a little man"" - *turn coat*: ""he was a wiry little guy"" - *ghost story*: ""he wasn’t very big"" (...) ""the little guy"" * ""bombshells"": ""he was a beaky little guy"" - *cold days*: ""a wiry little guy"" - *skin game*: ""butters was a scrawny little guy"" - *peace talks*: ""a squirrely little guy"" (...) ""a little guy"" (...) ""maybe five foot five"" - *battle ground*: ""little guy"" (...) ""diminutive stature"" - bob the skull - **skull-sized** - *book name* - ""skull"" - (i can't be bothered) - anthony forthill - **maybe 5'6""-5'8""** - *grave peril*: ""a greying man of slight build and only medium stature"" - *death masks*: ""he was taller than shiro, but a lot shorter than everyone else (harry, sanya, michael) there"" (...) ""he was the same short, stocky, balding old forthill"" - *proven guilty*: ""a little under average height"" * ""the warrior"": ""father forthill was a stocky man of medium height"" - charity carpenter - **5'10""-5'11""** - *grave peril*: ""she was tall"" - *death masks*: ""she was a tall woman, only an inch or so under six feet"" - *proven guilty*: ""[molly] strongly favored her mother, charity. both of them were tall for women, only an inch or two under six feet "" - *small favor*: ""molly took after charity carpenter, who had passed her coloring and build on to her daughter."" * ""the warrior"": ""she was tall and broad-shouldered, for a woman"" - *skin game*: ""a tall blond woman"" - molly carpenter - **5'10""-5'11""** - *death masks*: ""as tall as her mother"" - *proven guilty*: ""she strongly favored her mother, charity. both of them were tall for women, only an inch or two under six feet"" - *white night*: ""she was tall, most of a foot taller than murphy"" * ""it's my birthday, too"": ""she was tall for a woman"" - *small favor*: ""tall"" * ""day off"": ""tall"" - *turn coat*: ""a tall young woman"" - *ghost story*: ""tall"" - *cold days*: ""she’d grown up tall, five-ten or a little more"" - *peace talks*: ""a tall young woman"" * ""christmas eve"": ""a tall young woman"" - daniel carpenter - **maybe 6'6""-6'7""** - *ghost story*: ""as tall and as strong as his father"" - ___ ___ - # || **knights of the blackened denarius** || nicodemus archleone - **maybe 5'7""-6'0""** - *death masks*: "" he was a man of medium height and build"" - *small favor*: ""he was a man of medium height and build"" - *skin game*: ""a man of medium height and build"" (...) ""slim"" (...) ""michael was a big guy, built broad and strong, and the contrast between him and nicodemus was striking"" (...) ""the smaller man (compared to michael)"" - deirdre - **???** * (no specific references. likely not so especially tall or short as to warrant mention. given her parents' heights, she's probably no taller than medium height, if not shorter.) - polonius lartessa - **about 4'11"" or shorter** - *small favor*: ""she was a little slip of a girl who barely looked old enough to hold a driver’s license"" - *skin game*: ""she was a tiny woman, under five feet tall"" - rosanna - **maybe 5'8"" or taller** - *small favor*: ""a tall and striking woman"" - blood on his soul (the genoskwa) - **maybe 9'4"" or taller** - *skin game*: ""well over nine feet tall"" - ___ ___ - # || **white council** || - arthur langtry - **maybe 6'0""-6'6""** - *summer knight*: ""a tall man"" - *proven guilty*: ""tall"" - *turn coat*: ""the merlin was a tall man"" - ebenezar mccoy - **about 5'6""** - *summer knight*: ""a short, stocky man"" - *blood rites*: ""a short, stocky man"" - *proven guilty*: ""short, stocky"" - *changes*: ""the nearest figure was considerably shorter than me and stout"" - *peace talks*: ""he was a couple of inches shorter than average"" - *battle ground*: ""he was about five six"" - listens-to-wind - **5'8""-5'9""** - *summer knight*: ""he was of innocuous height, five eight, maybe five nine."" - ancient mai - **maybe 5'2"" or shorter** - *summer knight*: ""the tiny woman"" - *turn coat*: ""i found ancient mai to be a very scary little person."" (...) ""a tiny figure"" - martha liberty - **about 6'1"" or taller** - *summer knight*: ""the first was a woman better than six feet tall."" - *proven guilty*: ""a tall, brawny woman"" - rashid (the gatekeeper) - **6'11""-7'0""** - *summer knight*: ""he was tall. taller than me. seven feet, and thin."" - *proven guilty*: ""he was taller than me, which is saying something"" - *turn coat*: ""a tall, slender figure"" (...) ""there aren’t many wizards taller than me.'"" - *cold days*: ""he was a couple of inches taller than me, which put him at the next-best thing to seven feet"" - gregori cristos - **maybe 5'11""-6'6""** - *changes*: - ""a tall, spare man"" - *peace talks*: ""a little taller than average"" - anastasia luccio (original body) - **maybe 5'8""-5'10""**; (second body) - **about 5'4""-5'6""** - ""a fistfull of warlocks"" - ""a very tall, lean fellow... he was not so very much taller than me"" - *dead beat* (original body): ""she was a solid old matriarch of a woman, as tall as most men and built like someone who did plenty of physical labor"" - *dead beat* (corpsetaker's body): ""the girl was about five-six"" - *small favor*: ""she was about five-foot-four and might have checked in at a hundred and thirty or forty pounds soaking wet"" - *changes*: ""not particularly tall"" - donald morgan - **maybe 6'7""-6'8""** - *storm front*: ""he was tall, like me, but broad and heavy-chested"" (...) ""we were of a height, though he outweighed me by about a hundred pounds"" (...) ""tall and massive"" - *summer knight*: ""morgan stood nearly as tall as i did"" - *dead beat*: ""he was a tall man, six feet and then some"" - *turn coat*: ""he was a big man, over six feet, with plenty of muscle"" - carlos ramirez - **5'8""-5'10""** - *proven guilty*: ""he was average height"" * ""cold case"": ""he was a little over medium height, maybe an inch or two shorter than [molly (5'10""-5'11"")], and built like a gymnast"" - *peace talks*: ""carlos ramirez was of average height"" - chandler (""steed"") - **???** * (no specific references. likely not so especially tall or short as to warrant mention. although if chandler were shorter than average, dresden would likely have used descriptors closer to ""little"" or ""small"" rather than ""lean"" and ""slim,"" so i'm guessing that he's at least average height) - *turn coat*: ""a lean and fit-looking young man"" - *peace talks*: ""slim"" - bill meyers - **???** * (no specific references. likely not so especially tall or short as to warrant mention.) - *peace talks*: ""his cloak was shorter on him than it had been when we’d started the war with the red court--wild bill hadn’t been done growing yet"" - yukie yoshimo - **about 5'4""** - *peace talks*: ""about five four"" - ___ ___ - # || **vampire courts** || - lara raith - **maybe 5'8""-6'2""** - *blood rites*: ""she would have been tall, even without the heeled faux-victorian boots of italian leather"" - *white night*: ""she was of a height with [ramirez (about 5'8""-5'10"")], but taller in the heels"" (...) ""on either side of her stood two of her sisters, all of them tall"" (...) ""a tall female raith"" - *peace talks*: ""she was tall for a woman, but i’m tall for anybody. [harry (6'8""-6'9"")] probably had most of a foot of advantage in reach on her"" - thomas raith - **5'11""-6'0""** - *grave peril*: ""he was tall"" (...) ""a slender figure of medium height"" - *death masks*: ""thomas was a shade under six feet tall"" - *blood rites*: ""he wasn't as tall as me"" (...) ""i was quite a bit taller than him"" - *proven guilty*: ""he was right around six feet in height"" - *white night*: ""my brother was a little bit shy of six feet tall"" - *turn coat*: ""he was maybe a hair or three under six feet tall"" - *changes*: ""he was a hair under six feet, and looked like a fitness model."" - *ghost story*: ""he might have been an inch under six feet tall, though it was hard for me to tell--he had worn so many different kinds of fashionable shoes that his height was always changing subtly"" - ""bombshells"": ""thomas was maybe a finger’s width under six feet tall"" - *cold days*: ""my brother was a hair shy of six feet tall"" - *peace talks*: ""my older brother is right around six feet tall."" - justine - **maybe 5'4""-5'6""** - *grave peril*: ""in the (high) heels, she might have been five-seven"" - *blood rites*: ""a little taller than average"" - *turn coat*: ""justine wasn’t particularly tall, for a girl"" - *peace talks*: ""medium height"" - freydis gard - **maybe 5'8"" or higher** - *peace talks*: ""a tall figure"" - riley - **maybe 6'0""-6'6""** * ""jury duty"": ""a rather large and rough-looking man"" - *peace talks*: ""lean"" - lord raith - **about 6'0""** - *blood rites*: ""he was about six feet tall"" - *white night*: ""thomas favored his father heavily, and at first glance, lord raith could have been thomas. he had the same strong, appealing features, the same glossy dark hair, the same lean build."" - ___ ___ - vlad drakul - **???** * (no specific references. he's the tallest of his posse, but given that his posse is full of centuries-old corpses, that may or may not be all that impressive.) - *battle ground*: ""tallest of the hooded figures (heights not specified)"" - mavra - **???** * no specific references. likely not so especially tall or short as to warrant mention. - ___ ___ - bianca st. claire - **maybe 5'1""-5'4""** - *storm front*: ""she was not a tall woman"" - *grave peril*: ""bianca wasn't tall"" (...) ""rather unimpressive height"" - paolo ortega - **maybe 5'7""-6'0""** - *death masks*: ""average height"" - arianna ortega - **maybe 5'8"" or taller** - *changes*: ""tall."" - ___ ___ - # || **faerie** || - *cold days*: ""the sidhe are tall, generally speaking"" - mab - **varying, usually over 6'0""** - *changes*: ""queen mab, i presumed, and noted that she was actually a couple of inches shorter than my godmother. of course, especially in a place like this, mab could be as gargantuan or lilliputian as she chose."" - *cold days*: ""she was a tall woman, well over six feet, and every inch was radiance."" - *skin game*: ""she was several inches over six feet tall, and barely had to reach up to take my earlobe in her fingers."" - *battle ground*: ""she was at her human-disguise height, a little less than a foot shorter than me"" * ""christmas eve*: ""queen mab was as tall as me tonight--it changed, based upon her mood and her intentions."" - leanansidhe - **maybe 6'1""-6'8"", possibly varying** - *grave peril*: ""a very tall, slender, inhumanly beautiful woman"" - *summer knight*: ""lea stood nearly [harry's (6'8""-6'9"")] own height"" (lea and harry are not on completely even ground, and i don't know if this affects the description of her height.) - *proven guilty*: ""a tall, inhumanly lovely woman"" - *changes*: ""tall"" - *ghost story*: ""tall"" * ""bombshells"": ""she was a woman, taller than [molly (5'10""-5'11"")]"" - maeve - **about 5'10""** - *summer knight*: ""a tall girl"" - *cold days*: ""she was tallish, for a girl, maybe five-ten"" - sarissa - **probably about 5'10""** (assuming parity with maeve) - *cold days*: ""hell's bells, [you and maeve are] identical twins"" - santa claus (""kringle"") - **taller than 7'0""** - *cold days*: ""two more figures approached us, both of them over seven feet tall"" - *skin game*: ""he was a big man by every definition of the word, tall and strong and solid, with a barrel for a chest and a smaller keg of a belly to go with it."" * ""christmas eve"": ""a tall, burly man"" * ""the good people"": ""a tall, lean man"" - redcap - **maybe 6'0""-6'6""** - *battle ground*: ""tall and lean"" - titania - **varying** - *cold days*: i would have sworn to you that it was mab standing there. seriously. they didn’t look like sisters. they looked like clones. - *battle ground*: ""titania, faced ethniu, eye to eye, standing as tall as the titan"" - aurora - **maybe 5'10""** (assuming parity with maeve) - *summer knight* (disguise): she was five nothing, a hundred and nothing, - *summer knight* (summer lady): her fingers and limbs suddenly seemed slightly longer, and her features became almost identical to maeve's - lily - **???** * (no specific references. likely not so especially tall or short as to warrant mention. possibly about 5'10"" given the heights of the other summer/winter ladies.) - *proven guilty*: ""but, like fix, she had grown; not physically"" - fix - **initially about 5'3""-5'4"", later around 5'9""** - *summer knight*: ""the small, skinny man"" - *proven guilty*: ""fix had grown, and i mean that literally. he’d been about five foot three, maybe an inch or so higher. now he had towered up to at least five nine."" - *small favor*: ""fix was a young, slender man of medium height."" - *cold days*: ""a slender man, a bit below average height"" - *peace talks*: ""a wiry little guy"" - the erlking - **varying, but usually taller than 7'0""** - *dead beat*: ""a tall, standing figure"" (...) ""the erlking stood better than eight feet high."" - *changes*: ""he was huge, nine feet tall at least"" - *cold days*: ""two more figures approached us, both of them over seven feet tall"" - *battle ground*: ""taller than human"" (...) ""the past few times i’d seen him, he’d been really big and really scary. now he was more like regular human size: he could have passed for a particularly large and graceful professional athlete."" - eldest gruff - **5'0""-5'2""** - *small favor*: ""he was five feet tall. five-two, tops."" - *cold days*: ""wasn’t much more than five feet tall"" - toot-toot minimus: (initially) **about 0'6""**; (as of *battle ground*) **about 2'6""** - *storm front*: ""toot was maybe six inches tall."" - *summer knight*: ""toot stood about six inches tall"" - *small favor*: ""he must have been twice as tall as the last time we’d spoken"" - *turn coat*: ""stood no less than a towering twelve inches high"" - *changes*: ""nearly fifteen full inches in height"" - *cold days*: ""their leader, the largest of them, was maybe eighteen inches tall"" - *battle ground*: ""he might have cut a very impressive figure if he’d been more than about thirty inches tall"" - lacuna: (initially) **about 1'4""-1'5""**; (as of *battle ground*) **about 2'3""-2'5""** - *cold days*: ""almost as tall as [toot-toot (about 1'6"")] was"" - *battle ground*: ""almost toot’s size"" - ___ ___ - # || **unseelie accords members (and kincaid)** || - the archive (""ivy"") - **still growing(?)** - (ivy should be just about 18 years old as of *peace talks*, so she may actually be done growing. hypothetically, if her height percentile of 74 continued to hold true, she'd be almost 5'6"".) - *death masks*: ""'my feet don't reach the pedals.'"" - *small favor*: ""she’d grown more than a foot since the last time i’d seen her"" (...) ""'“i am not a midget... i am in the seventy-fourth percentile for height for my age (about 11/12 years old)'"" * ""goodbye"": ""'my feet reach the pedals, now'"" - *battle ground*: ""she looked like a girl, not terribly remarkable in any way"" - jared kincaid - **about 6'6""-6'8""** - *death masks*: ""he was nearly as tall as me but looked a lot more solid"" - *blood rites*: ""he was a big guy, almost my own height"" - *small favor*: ""of a height with michael (about 6'6""-6'7"")"" - donar vadderung - **about 6'11"" or taller** - *changes*: ""though the big man hadn't stood up, i realized that he was big. damned near a giant, really. standing, he'd have more than a couple inches on me, and his shoulders made mine look about as wide as the spine of a book."" (...) ""tall and lean"" - *cold days*: ""well over six feet tall"" - *peace talks*: ""a tall, muscular man"" - hugin &amp; munin - **maybe 5'8"" or taller** - *changes*: ""twins"" - *peace talks*: ""a tall woman"" (...) ""honestly i couldn’t tell them apart"" - ferrovax (human form) - **maybe 6'9"" or taller** - *peace talks*: ""a very tall, very large man"" - etri - **about 4'6""** * ""bombshells"": ""small man"" (...) ""maybe four-six"" - *peace talks*: ""taller than austri ('small')"" (...) ""his diminutive natural form"" - evanna - **about 4'6""** - *peace talks*: ""six inches shorter than karrin (5'0"")"" - river shoulders - **about 9'0"" or taller** * ""b is for bigfoot"": ""the thing was huge. i mean, just saying that it was nine feet tall wasn’t enough."" * ""my life as a teenage bigfoot"": ""a massive form"" * ""bigfoot on campus"": ""nine feet tall at least"" - *peace talks*: ""a solid nine feet and change"" - *battle ground*: ""enormous"" - carter lachaise - **???** - *peace talks* (human form) - ""burly man"" - ___ ___ - # || **misc. supernatural parties** || - susan rodriguez - **about 5'9""** - *storm front*: ""a woman of average height"" - *fool moon*: ""a tall, lovely woman"" (...) ""tall in her heels and dress suit"" - *changes*: ""she was a woman of medium height, which meant she was about a foot shorter than me."" (...) ""five-nine, long legs"" - martin - **about 5'9""** - *death masks*: ""he was maybe five nine"" - mcanally (""mac"") - **about 6'0""** - *storm front*: ""mac is a tall, almost gangly man"" - *death masks*: ""he was tall, medium build"" - *dead beat*: ""he was a tall, spare man"" - *white night*: ""he's a spare man, a little taller than average"" - *changes*: ""mac is a man of medium height and medium build"" - *cold days*: ""a lean man a little taller than average"" - *battle ground*: ""around six feet tall"" - elaine mallory - **maybe 5'8"" or taller** - *summer knight*: ""she was tall enough that it wasn't much of an effort for her to kiss my cheek"" - *white night*: ""she had a slim build, all long legs and long arms"" (...) ""we walked together, quickly. elaine was tall enough to keep up with me without taking the occasional skipping step."" - mortimer lindquist - **about 5'5"" or shorter** - *grave peril*: ""the little man"" - *dead beat*: ""he was short"" (...) ""the little man"" - *ghost story*: ""he was in his early fifties, under five and a half feet tall"" - earnest armand tinwhistle (""binder"") - **maybe 5'7""-6'0""** - *turn coat*: ""he was average height"" - *skin game*: ""a bald, blocky man of medium height"" - goodman grey - **maybe 5'7""-6'0""** - *skin game*: ""medium height"" - *peace talks*: ""average height"" (...) ""a man of medium height and build"" - viti - **maybe 5'3""-5'6""** * ""monsters"": ""average height"" - irwin pounder - **about 7'1"" or taller** * ""bigfoot on campus"": ""huge"" (...) ""a head taller than [helena pounder (6'4"")]"" (...) "" wasn’t finished growing"" (...) ""at least my own height"" * ""job placement"": ""an over-seven-foot guy"" - connie barrowill - **about 5'6""** * ""bigfoot on campus"": ""about five foot six"" - ___ ___ - # || **the circle / black council** || - cowl - **???** * (no specific references. likely not so especially tall or short as to warrant mention. perhaps taller than average.) - *dead beat*: ""[cowl] was taller than [kumori]"" - kumori - **???** * (no specific references. likely not so especially tall or short as to warrant mention, but she is tall enough to hold a knife to harry's throat, so she probably isn't short.) - *dead beat*: ""[cowl] was taller than [kumori]"" (...) ""i drew back the staff for another blow—but then someone pressed against my back, fingers tightened in my hair, and i felt the cold, deadly edge of a knife at my throat."" (...) ""she was stretched out quite a bit to be pulling my hair and holding the knife, but she'd done it right."" ethniu - **about 9'0""** - - *peace talks*: ""she was taller than corb"" - *battle ground*: ""nine feet of terrible bronze beauty"" (...) ""she was a nine-foot protogoddess"" - king corb - **about 7'10""-7'11""** - *peace talks*: ""nearly eight feet in height"" - listen - **maybe 5'7""-6'0""** * ""bombshells"": ""middling height"" - *peace talks*: ""medium-sized, of innocuous build"" - ___ ___ - # || **other** || - nick christian - **maybe 5'6"" or shorter** * ""a restoration of faith"": ""his stocky bulk"" - *ghost story*: ""he was short, out of shape"" - rawlins - **maybe 6'0""-6'6""** - *proven guilty*: ""the cop was a large black man"" - *small favor*: ""blocky"" - *turn coat*: ""blocky"" - jerome rudoloph - **""maybe 5'9""-6'0""** - *peace talks*: ""he was on the tall side of medium height"" - *battle ground*: ""tall and built light"" - anna valmont - **maybe 5'3""-5'6""** - *death masks*: ""of average height and build"" - ___ ___ - margaret lefay - **about 5'11""** - *blood rites* (thomas soulgaze): ""she was a tall woman, nearly six f et, and that was in flat sandals."""" - malcom dresden: **maybe 6'8""""-6'9""""?** - *blood rites*: """"as are you, harry. so tall, like your father."""" - *dead beat*: """"malcolm dresden was a tall, spare man"""" -""",1
585022,maeve gibson is a fat snake - big and chunky 🐍 [deleted],1
489595,"wondering if p90x is right for me. a little about myself. i am a 21 year old male and 5' 10"". i currently weigh 215 pounds which is way too heavy for my liking. i tried insanity a year ago and gave up after two weeks because i am not really a self motivating person and the workouts were extremely difficult for me. i was contemplating attempting insanity again but i just want to get some opinions on p90x. are the results worth the price of all the equipment?",1
778084,"bruised from behind [crocodile] [wolf] [gangbang] [orgy] [big ass] [gay] [oral sex] [anal sex] [twerking] [stripping] [crocodile boy x group of male wolves] he shouldn’t have been out so late. neon lights flickered across all sides of the district until they disappeared over the horizon. their harsh red glow illuminated the pitch black path in favor of all those still lurking nearby. alleyways led into never ending corridors of darkness where those who hid from the sun lurked. yet one lone reptile strolled through the streets and kept his hands tucked in his pockets. his eyes were locked straight ahead, never glancing anywhere else. he didn’t need to. the faint rustling of the nearby trash cans and passing cars were enough for him to bare his fangs at anyone stupid enough to surprise him. when the reptile approached the faint orange hue of the local fast food establishment, he sprinted towards the light. the lizard man licked his lips and freed one hand to rub his stomach. by day, he stood guard outside of many of the buildings within the district with a smile. standing seven-feet-tall and decked out in a dark leather jacket alongside a matching pair of black jeans, the bouncer best known as bruiser stood his ground eight hours a day. he hiked his tail high while working, however when night time arrived it dropped past his toned thighs. no longer was he above the other animal citizens that passed by him everyday. now he walked the world as another poor, albeit tall, nobody shriveling his nose at the fetid fumes of the boonies around him. those same foul mists soon gave way to a ripe odor reeling from the front door opening up. bruiser’s brow jumped as he saw somebody standing outside. heartbeats rang in his puny ears followed by a round of applause from behind. his arms pumped forward and back every step he took. they collapsed to his waist when bruiser froze upon seeing the stranger lock the door before arriving at his puffed up, boxy chest. “whoa whoa whoa, there’s no chance in hell you’re closing now. what’s going on?” bruiser snapped his finger at the employee and leered his head at them. rather than flinch or even look at him, the stout fox maintained a straight face and strolled towards their car. “we’ve started closing an hour earlier because of some clown getting into a lot of shit.” they stated. as they unlocked the front door, bruiser placed his hand on their shoulder and turned them towards him. gazes locked together with hot puffs of wafting against the fox’s neck. their small, lazy grimace didn’t shift, nor did their slanted eyes widen. they’d seen men like bruiser before come in all the time. if anything, they’re surprised he hadn’t robbed them by then. “what kinda shit are you talking about?” bruiser snarled. nonplussed, the fox pressed their finger on bruiser’s snout as their droll tone deepened. “a lot. of shit.” with those four words said, they turned on their heel and entered their car. doors locked behind them as they gave bruiser a second look, glancing at his hips before turning to his reddening face. “also this is just me speaking, but you should probably hold off on anything fattening for a while. it looks like it’s going straight to your thighs.” bruiser stalled in place as the fox drove off into the night. they left him behind in trails of dust that gradually faded away. it’s when they completely disappeared that he scowled and stomped his foot. he growled at the rocks digging into his heel, yet he continued to stare at the streets. given the extra height bruiser had over them, he should have kicked their ass in regards to their attitude. his nerves popped within his neck at the thought of having them underneath his foot. in the end, however, bruiser took a deep breath, folded his arms and returned to the sidewalk. there were better hills to die on than trying to beat up someone working under minimum wage. trudging through the streets left bruiser mumbling curses beneath his breath. he came to a bus stop and placed his leg on the bench. the comment regarding his thighs lingered in his mind. bruiser stroked it using his hand then groaned as chunks of fat oozed through his grip upon squeezing. knuckles whitened before letting go. his snout creased upward as he gazed back to find his round, supple ass staring at him from the reflection of a window. it stretched out his denim waistband as if his clothes were painted on him. a thin outline started at his crack and disappeared around the center of his cheeks. since he reached his early-20’s, bruiser’s lower body grew to be wider than most guys he knew. most of his fat went to his hips and especially his butt. it’s how he outran most of his contemporaries on top of being why the few girls he brought home tended to knead his cheeks rather than him pleasuring theirs. women in general never seemed to stop staring at him. even now, bruiser’s teeth chattered thinking about his first time having someone grab him from behind; nails tickling his crack then towards the middle of his cheeks. he jolted up in place and shook his head as the images of that night returned, then looked both ways twice. “fuck, i gotta go home…” bruiser grumbled. tightening his belt by another notch, he continued his path back to a less downtrodden world. he stared at the ground and balled his hands into fists. the clapping he heard earlier grew fainter despite his legs quickly stepping in front of the other. perhaps he could stop by the club to get one small job in. he turned the next corner as he mulled over the thought, tempted all the more when a sliver of his ass crack protruded through his pants. then a faint whistling tune played over the urban playground around him, bringing bruiser to a stop. it didn’t take long to have him bring his fists to his chest and for him to inspect the alleyway to the east. there laid a soft pair of dark-red eyes that glowed the farther they approached. bruiser kept his back aimed against the street as his leg spread backward. only when his enemy appeared did he bring his arms closer to him, taking in the view of this new stranger. compared to bruiser, the stranger came a few inches shorter than him, yet his shoulders were much wider. thick, girthy muscles covered in gray fur made up the majority of their otherwise slender body. like bruiser, their snout was upturned, although the stranger’s ended in a black nose at the end. a thin, burgundy coat complimented the dark-blue jeans below. it made the view of their grime-coated claws twitching at his hips easier to follow, yet that made the sight of their huge, blue-eyed, scruffy face all the more jarring. they flashed a dopey grin at bruiser as they leaned beside the wall, where they revealed a chipped front tooth contrasting alongside the rest of their mouth. “well hello there, big fella. didn’t expect to see anyone other than my buddies hanging by here.” the stranger’s pupils dilated as he snickered. “you seeing someone special? or are you looking to be someone’s special somebody?” paws tapped against the cement as bruiser lowered his arms and scoffed. wolves were common at night. he’d encountered plenty of them coming through whenever he worked on the clock. nevertheless, he kept his stance spread despite neither of them moving. seeing the wolf smirking upon looking at his hips told bruiser everything he needed. “i’m not a gigolo, pup.” bruiser grunted. “now listen well and listen clear: fuck off. messing with me is a stupid mistake.” bruiser snarled and took another step toward the wolf. his growls deepened the closer he tightened the distance between them. that’s when the wolf’s back arched inward, and he raised the palms of his hands in front of himself. “well, fine, if you don’t want my money!” the wolf kept his arms in front of him, yet he roared back at bruiser. small breaths wafted past his nose as he stepped deeper into the unlit alley. “me and the boys were gonna take turns being the entertainment tonight, but then i couldn’t help seeing you here and thought you might wanna help.” “you mean have you and your friends help yourselves to me?” bruiser pointed to himself and cocked his brow at the wolf, who grimaced at him. “sheesh, you’re touchy. i’m not trying to be mean,” the wolf quipped, “i just thought you’d like to help us unwind. maybe do a dance or something? you don’t even gotta take off your clothes for it.” “i’m not running a charity either.” “who said we weren’t looking for free work? we’d be happy to pay you!” the wolf’s words had bruiser pausing. he watched him smirk as bruiser himself leaned back on the streetlight and tapped his foot. what were the chances of him being ganged up on should he follow a stranger into a narrow passageway he never went into previously? assuming the rest of the pack were the same height as the winking bastard standing right in front of him, bruiser’s nerves settled. his breathing slowed to crawl with his nostrils no longer flaring. there’s no chance in hell they would be able to overwhelm him should they try anything. even now, bruiser fixated on the wolf’s lanky muscles, then back to growling stomach bellowing at him. as he gnawed at his lip and rubbed his gut, a soft snicker could be heard on the other side. bruiser’s claws pierced his shirt as he glared at the wolf. he wanted to say ‘fuck you’, yet his cramps forced him to literally bite his tongue. which was why he let out a sigh and approached the wolf whose smile softened when bruiser stepped foot in the shadows. “how much are you offering?” bruiser mumbled. the wolf snickered and rubbed his back; tail wagging feverishly behind him. “eh, we’ll see what my boss says. getting frisky helps drive attention where we run.” turning on his heel, the wolf extended a finger at bruiser as he headed north. faint glimmers of moonlight revealed a murky passageway leading to a secluded corridor by a dumpster. “c’mon! we ain’t getting any younger.” in spite of his better judgment, bruiser cracked his knuckles and sprinted after the dusky wolf. he leapt across trash, sneering at the discarded waste in his wake. there was a point where clumps of rotten goulash laid in front of a dumpster and bruiser came to a halt. his already mossy green face deepened at the sight. thighs buckled together before he shook his head and pounced over the trash, with his mouth clamped shut. only the wolf’s light fur helped guide bruiser as he wiped his feet on the wall. to think there existed a shittier life outside of the underground. when bruiser and the wolf emerged from the narrow passageway, a wide empty circle greeted them. the coat-toting wolf’s tail wagged feverishly while bruiser kept his back to the wall. arms spread outward as his eyes surveyed the rooftops. it’s there he found lanky, elongated shapes shuffling amongst the clouds. they warped and drifted along the edges until they could no longer be seen. “well, heeeeey there! glad to see somebody showed up.” bruiser and the wolf jerked up to find the source of the voice above. they sounded awfully raspy, yet the wolf snickered hearing them. not bruiser however. he simply coiled his head back while his associate ran at them. “smokey! buddy! looks like i’ve been spared from being the entertainment for the night.” the wolf laughed. the voice in the rooftops wheezed before the sound of metal smashing into something went off, prompting bruiser to jump. he shuddered to himself as shadows moved along the walls and behind the corner near his acquaintance. “ah! good thing you did calamine!” admonished the gasping wolf. “i’m getting too old to be giving head anyway.” the corner of the ring rustled beside calamine. he sprang at the front with bruiser receding within his leathery coat. beyond west of where he rested were the occasional glimpses of cars passing by. bruiser massaged his tongue between his teeth. before he could think over what might stop him from leaving now, the answers appeared in the form of nine other wolves that strolled together in a single wave. each of them followed calamine behind as they and bruiser inspected one another. his once furrowed brow lifted higher when the gang approached a light source. none of them were any taller than calamine, yet they differed in shape. three wolves were moderately boxy on top, one of them was hunched over with a cane, and the remaining trio’s bodies remained hidden behind cloaks. it’s the wolf wearing a cane that had bruiser staring the most. he kept his thighs crossed together as he winked at bruiser before nudging calamine who stepped beside him. “so little calamine, who’s your buddy over there?” the cane-wielding wolf pointed at bruiser using his cane, then held calamine’s hand. his feet clutched the ground as two of the top-heavy wolves leaned him upward while calamine directed him to a nearby chair. “that’s my replacement for tonight mr. smokey. ya know, if that’s okay with you.” calamine set smokey down on the chair and flinched upon being smacked in the head. he rubbed his forehead as smokey turned his head at bruiser and gazed towards hips, blowing locks of long, silvery hair out of his eyes. “well, let’s just see.” smokey replied, raising his hand to his mouth. “hey baby! what kinda services are you offering?” bruiser shifted his body so that his chest kissed the wall. he glared over his shoulder and presented his wares by bucking his hips at the crowd. “my ass, that’s what!” bruiser pointed at his cheeks and scowled at the gang. his eyes scanned everybody else’s to find them huddled next to each other. within seconds, two wolves erupted in a jarring fit of laughter while another pair rubbed their crotches. a tint of red blossomed across bruiser’s cheeks, yet he kept himself on display. smokey himself leaned closer in his chair and rubbed his chin. judging by how far bruiser stuck his ass at them, each cheek alone seemed to be larger than his own head. those shapely hips, while not extending past his upper body, were still much wider than anyone else he knew. he kept his gaze fixated on the center of bruiser’s ass where he dragged his index finger across the arm of the chair. so much time had passed since smokey last allowed somebody else to pleasure him and his boys. he massaged his crotch between his stocky legs and fished his wallet out within the pockets of his dark blue robe. lips curled as he saw the money pop out of the top, revealing over a thousand dollars which stretched the leather confines beyond their capabilities. it was more than what smokey needed, yet just enough to keep bruiser throughout the rest of the night. “alright, i’ll tell you what: if you can entertain me and my boys by shaking that fat ass of yours, i’ll give you a hundred dollars on the spot.” smokey raised his voice as he extended his hand to bruiser, revealing wads of cash in his grip. “and maybe if you do really well, i’ll throw in a couple tips! provided you can handle some other assignments, that is.” his ass still aimed at the audience, bruiser shut his eyes and took a deep breath. that much money could afford a round of groceries at best, though the prospect of the future kept shaking. he didn’t live in a better part of the city than the wolves did. there were too many chances of his food getting stolen, especially if he lacked the income to back it up. bruiser kicked at a pebble, then glanced at smokey. he knew what needed to be done. “alright, i’ll do it.” he said. “but don’t expect me to twerk until sunrise.” “oh trust me, i think you’ll be doing a lot more other than dancing.” smokey snorted and handed a lighter to calamine. he watched as he lit a fire at the center of the ring, thereby granting everyone a better view beyond what the moonlight provided. the rows of sharp fangs illuminated by vibrant shades of orange were enough to keep bruiser at bay. a familiar cold flush washed over his body. so many people sat in front of him waiting to be entertained. bruiser took one last look at where the streets resumed before his stomach roared again. his nerves twisted themselves every second he kept stalling. he snarled at the concrete, then licked his lips. given the circumstances, he stood no chance of leaving whatsoever. bruiser kept his back at the wolves and split his legs apart. muscles tensed then popped as he wrangled his arms around in circles. he spaced them apart by his hips and wiggled his ass side-to-side. it bobbed at the slightest movement before bouncing when he swung his lower half up. if none of the wolves could see bruiser twerking before, they certainly heard him courtesy of the gentle clapping he caused. small whistles accompanied bruiser’s beat. calamine’s jaw became agape while the rest of the wolves leaned further. some of them stuffed their hands inside their pants and massaged their cocks between their fingers. smokey himself crossed one leg over the other. when bruiser assumed full-squatting position, the tip of his tongue protruded through his mouth. he flicked it at the leader of the wolves and smacked his right ass cheek, sending ripples throughout. at that moment, calamine howled as the wolf to his right began applauding bruiser. not that he cared. he kept his eyes to the wall, yet craned his head back far enough so that his audience didn’t leave his sight. that way he saw smokey occasionally fixated on the ground rather than the slut shaking his ass before him. bruiser clutched his kneecaps and arched his back outward. he rattled his fingers against himself as his cheeks continued thrusting. hearing calamine and one additional gang member cheering wasn’t enough to keep his focus off smokey’s pursed snout. pulses rang feverishly while his hips cramped. he needed to make the audience go wild lest he starved and he needed to do something now. hence why bruiser gave his ass another slap and paused. he kept his knees pointed at the ground, yet he turned his head to smirk at the wolves who stalled in their seats. calamine and his friend’s applause simmered as they drifted back in place. they stared at each other, then found bruiser over presenting his ass to the crowd. the palms of his hands glided across his plump thighs. bruiser purred before stopping at his cheeks. it’s a matter of lifting them from beneath the undersides, then removing his belt and throwing it to the side. that way when his thumbs hooked below the waistband, nothing stopped him from presenting his next attraction. bruiser drew a long sigh and pulled his pants down far enough to reveal his round, plump, scaly ass to the wolves. he hiked his pants beneath the cheeks, leaving them hiked up for them to see. the immediate spark had them wobbling sporadically, with calamine being the first to smile. jaws went slack as bruiser stuck his ass in the air and wiggled his hips. he kept his head hung down low and watched the rest of the crowd’s start cheering other than smokey’s whose eyes shot open when bruiser spread his cheeks apart. hiding deep behind his jacket, bruiser blushed profusely yet kept his asshole exposed. its soft, pink center stared back at smokey and his bandits to their ravenous applause. some clapped for him while others dug their hands inside their pants; thighs buckling together. hot breaths wafted from their lips as bruiser closed his cheeks then pulled the rest of his pants down to the ground. his ass bobbed from side-to-side until he kicked his jeans aside. each of his legs were inches apart as he arched his spine inward and his naked hips to the wolves. only his leather jacket and white shirt stayed on his body, ensuring nothing else could distract them when he resumed twerking. bruiser’s balls slapped against his leg as he rubbed his sore stomach again. the ripples that jiggled off his ass were beset by what sounded like thunder rippling in the alleys. he cocked his head behind his shoulder and glared at smokey behind the orange glow around him. never at any point did he break his gaze to wipe the sheen of sweat that clung to his forehead, even as his chest constricted within itself. more than ten minutes passed since he arrived and the audience refused to stop screaming. they cried over bruiser’s gasps as his legs buckled under the weight of his ass. it was when the tip of calamine’s cock poked through the gap in his pants that smokey slapped him against the back of his head and smirked. he too rubbed the lump growing at his thigh as bruiser licked his lips, finally encouraging him to stand before his fellow wolves and take command. “eeeeeeenoooooooouuuuughhhh!!” smokey’s raspy, shrieking voice cracked, however it ushered everyone into stopping. jitters ran across bruiser’s spine as he stumbled to his knees. the rest of smokey’s gang closed their eyes and grit their teeth before smokey began coughing, leading calamine to put his arm around him before being shooed away. “ack, ack, ack! ugh… relax kid, i’m good.” smokey rubbed the back of calamine’s head then turned his attention to the still bottomless bruiser. he kept one hand at his crotch and strolled towards him in-between breaths, finally ready to speak again. “and you’re a natural! i’m surprised i haven’t seen you at any of the clubs. you’d make more money if you started shaking that booty for more people.” bruiser blinked twice and folded his arms; lips creasing into a pout. “like i told your buddy, i’m not a gigolo. i’m desperate. do you have the money on you or not?” “oh, i do, don’t you worry your pretty head about it.” smokey patted his pocket as he turned to face bruiser snout-to-snout. his breath reeked of cigarettes and wine, yet bruiser didn’t budge even if his nostrils flared. creeps like smokey were expected in his line of work. “although, that show of yours got me thinking back on some other ways you could earn cash. if you’re interested, that is.” smokey bared his fangs and smiled while inching closer to bruiser, nonplussed about the bulge rubbing against his leg. rather than push him aside, bruiser gazed down at his crotch, then at his face. his smarmy grin stretched across his cheeks at the sight of bruiser sneering. it’s enough for him to ball his hand into a fist, however bruiser kept it at the side and crossed his arms. that nobody attacked him gave him the comfort needed to speak. “alright, what did you have in mind?” bruiser asked. smokey snickered to himself and stepped back. arms disappeared within his robe, to which it then fell to the side in favor of a dark pair of boxers underneath. already, bruiser groaned seeing where the lump resided. it didn’t take a genius to understand what smokey wanted, and still bruiser let him continue pulling his underwear off before letting them join his pants on the grimy floor. when smokey unveiled his surprise, bruiser blushed yet kept himself collected. his crimson-red cock extended out at him, complimented by a large pair of balls underneath. it must have reached eight inches at best though it showed no signs of shrinking while smokey glazed his hand across it. locks of fur split apart at his claws combing them aside before he gripped it in his hands. smokey licked his lips and sniffed bruiser, who remained stone-faced throughout the ordeal. “so, i’ll tell ya what: if you can handle taking my load in your mouth, i’ll up your reward by an extra four hundred dollars.” offered smokey. “or you can walk away now with just a hundred bucks. what say you, big man?” fuck you. those two words stalled at bruiser’s mouth until he saw smokey reach into his pocket and present the wad of cash to him. he stared intently at his offer, then looked towards the rest of smokey’s bandits as they grinned back at him yet continued to keep their hands in their pants with the exception of calamine. the tip of his crown stayed hidden in the darkness, however its dull, faint glow could be seen by the nearby campfire. it made bruiser shake his head and scoff. at the very least, calamine’s restraint was appreciated above all else. then bruiser came to a pause at a sudden realization upon inspecting the lustful wolves sitting patiently. if one of them were willing to give him money in exchange for being given head, what stopped him from seeing if the rest of the gang didn’t feel the same way? shades of green danced in the corner of bruiser’s eye as pondered to himself. he rattled his claws and exhaled sharply before facing smokey with a look of indignation. “i say i wanna raise the stakes a little.” bruiser affirmed. “i’ll swallow my pride alongside whatever you pump down my throat. and if i handle that just fine, i wanna make the rest of your pups happy too. so long as they’re willing to pay, that is.” a collective “ohhhhhh…” echoed behind them with smokey putting his money to his mouth. he smirked at bruiser and patted his scarred hip, only stopping when he snarled at him. “a tempting offer, big boy. although last i heard, you didn’t swing that way?” smokey’s brow jutted to the sky as bruiser stuck his ass to the crowd and smacked it. “well, i’m sure as hell swinging now.” bruiser squeezed his right cheek and groaned at the folds of fat that slipped through the gaps in his fingers. nobody behind him bothered to resist their instincts. calamine squealed while unbuttoning his pants, freeing the throbbing cock he hid since he saw bruiser’s fat ass outside. “if you’re done yanking my chain, i’m ready to start sucking yours. deal?” smokey nodded along and rubbed his dick. “deal. but you still gotta suck me off first before you get to my boys. i wanna make sure you can withstand everything until you get rewarded, ya know?” kneeling in his presence, bruiser gagged at the musky scent before nodding his head. he asked for it, now he had to prove it no matter the cost. “yeah, i know too well.” pressing his lips onto the tip of smokey’s cock, bruiser kissed it softly and shuddered. he hadn’t given somebody a blowjob in years, much less a stranger. and viewing the distance to where the dick started and where his hairy crotch ended gave bruiser chills. what smokey lacked in girth he more than made up for in length and especially in intensity. the vein that pumped furiously along the member thickened as bruiser licked the crown and held his mouth around it. smokey’s breath hitched the longer bruiser held his place. his tail wagged behind him before he placed one hand on the back of bruiser’s head and kneaded his scales so that the moment he took his cock whole, smokey could hold onto something. bruiser breathed through his jaws and inhaled smokey’s acrid scent. it’s then that he took most of his cock whole, leaving the rest outside. from there, he bobbed his head back at the slightest motion while pulling on smokey’s skin. moans could be heard under bruiser’s breath as his tongue massaged it. he started underneath the cock before working his way around the sides and reeling further; mewls intensifying at the touch. unshockingly, smokey’s dick proved to be much smoother than his, not helped by the lush amount of fur in front of bruiser. their short, bristle sprouts were spread across smokey’s legs and tickled bruiser’s hands the moment he massaged his inner thighs. lips pry apart as smokey burrowed his thumb into bruiser’s head and proceeded to thrust back against him. his pace remained slow, yet it’s bruiser’s groans that pushed him to shove his cock deeper within. looking down revealed tears beading at the corners of his eyes despite him holding still. it’s less the shame of the moment and rather the raw flavor that had bruiser’s pulses beating sporadically. the few seconds where his rows of tiny, sharp teeth risk grazing the dick were enough so that he popped his jaw open, lest he hurt him. in turn, it exposed bruiser’s nose to the familiar raunchy scent he knew over the last hour or so. nevertheless, that distracted him long enough to move in tandem with smokey who planted his other hand on bruiser’s head and sucked back on his drool. his toes curled into the ground as bruiser’s tongue flicked beneath smokey’s cock. it’s then that bruiser took his hands off smokey’s thighs in favor of his own. the flavor of salt hit his tongue in small intervals, oftentimes lasting several seconds until he tasted something other than mush. that smokey prodded his cock to the back of bruiser’s throat wasn’t helpful either. feeling it dip down ready to climax at any moment had bruiser clawing at his kneecaps. he pierced through his skin and drew a slow breath as one of the wolves chuckled. of all the things that made the moment pure hell, it was the knowledge of an entire audience taking their pants off behind him that brought bruiser’s blood to a boil. at best he heard them whimper, at worst he heard faint whispers surrounding him. unable to see what they were doing and with his field of vision absorbed by smokey’s silver-tinted crotch. bruiser extended a hand to smokey’s wrist yet kept the other to his leg. the world around him blurred as his nostrils burned. breathing anywhere other than his mouth had white oxygen dots sprouting across bruiser’s face. besides gagging on smokey’s dick, the ends of his neck jittered, struggling to swallow anything other than his drool. no growls nor groans could sway smokey to stop. not when the heart-shaped outline of bruiser’s ass illuminated below him. it swayed in the breeze as his tail drooped over his hip. the view of bruiser’s brightly blazed ass arose above him, ever so slightly bouncing to their movement. smokey cupped bruiser’s chin and howled. he didn’t say anything to him, let alone warn bruiser of what was to come. because when the hot sensation filled his mouth, smokey failed to notice until he caught a glimpse of something white emerging from bruiser’s mouth - something much thicker, yet warmer than his saliva. bruiser’s ass cheeks instinctively clenched at the taste. every breath he took led to another load of cum he had to devour, courtesy of smokey’s slack jawed face. he pushed bruiser closer as a second shot of semen blended in alongside the other. swallowing it left bruiser weeping at the end. it reeked of salt and especially of meat. against his better judgment, his tongue wrangled around the member and pulled on it one last time before he pulled back inhaling as much clean air as he could. there were still dried stains of semen that decorated the ends of his mouth. the flavor stuck to bruiser’s tongue, yet it’s smokey’s cackling where he shuddered at. he saw him leaking at the top, then clutching his cock and cumming a third time directly onto bruiser’s shivering face. if the tremors racing up his spine weren’t enough to break him, the cum that grazed the edge of his right eye did. bruiser locked gazes with smokey and growled as he casually extended a hand to the man who swallowed his load. his smile never faded. “well, i’ll be. i didn’t expect you to take two shots together.” smokey snarked. “where’d you get lungs like that?” bruiser wiped the rest of smokey’s cum off his face and grumbled. after exhaling through his nose, he lifted himself to his feet with smokey holding his hand during the ascent. “you can thank my last ex for helping me out there.” “oh, i certainly bet he did.” smokey said. “i didn’t say they were a guy.” smokey’s eyes perked. he gave bruiser an odd glance, then shook his head as he snatched his cock and forced it back into his underwear. “well, whoever you did it with, i’m sure they were very nice. now, how much energy do you got to spare?” “i could stand to go an hour ago longer, i guess.” bruiser remarked. “so, which of your boys wants a piece of me next?” “oh, you wanna know? well, let’s have a look for ourselves, shall we?” snapping a finger over his head, smokey smirked as calamine alongside the rest of his gang arose behind him. one by one, they unzipped their pants and let them fall to the floor; quick exhales drawing from their lips. bruiser’s brow pinched shut at what he saw behind smokey’s shoulder. just by what he could handle from him, expectations were roughly rocky in regards to what the rest of the rowdy",1
635916,"begginer needs help pls :( hello! today was my first day at the gym (17 years old male skinny-fat ) without any previous experience. i tried to find a full body routine that would help me grow muscle and increase strength. i decided to follow this: https://youtu.be/ixkqazxvqjs in my rookie mind the routine seemed good and the yt comments are mostly positive however, browsing reddit, i realized that jeff does not have much positive feedback here. my question is if this routine is functional or should i start with another? serious post",1
419365,"18 [m4f] anywhere!for long term conversation or more :) hi, i'm shane. i'm 18 and a senior in high school. i love to act in plays and musicals and i love to sing and play guitar. major potter book freak and green day fanatic. i'm skinny...no...scratch that. i'm wiry ;) somewhere around 5'8"" and 128 pounds. i'm nice enough to most people but i'm honest and i expect the same from everyone else. sadly, that doesnt always work out...i'm extremely attracted to gingers..freckles...pale skin...or all of the above :) but none of this is required. plus, i'm fairly intelligent and proper grammar is a major turn on. mainly looking for someone to flirt with or just talk to but if you want more, you can let me know. pm me if interested :) here's a pic of me for good measure http://imgur.com/a/dyn2k",1
628171,"whatever happened to bobby blythe, owner of the dojo where that schizophrenic man was beaten and possibly killed? remember, the skinny black guy who claimed jesus was his teacher? the dojo guys brought him in and beat the crap out of him and it looked like he was dead when it was over. i haven't seen any news updates about it. has anyone heard anything? here's a previous reddit link about it: [http://www.reddit.com/r/wtf/comments/9chmm/mentally_challenged_man_beaten_to_death_nsfw_lets/](http://www.reddit.com/r/wtf/comments/9chmm/mentally_challenged_man_beaten_to_death_nsfw_lets/).",1
808622,"went to the science museum today... babies. babies everywhere. with skinny, smiley moms. iwillnotgetbabyfever.iwillnotgetbabyfever.iwillnotgetbabyfever.",1
817234,"what should i do? partner insecure about the future if i transition my partner and i are trying our very best to navigate some tough obstacles in our relationship. we've been in a relationship for 5 years this year, planning on getting engaged soon, and have known eachother for 10+ years. she is insecure about whether or not she will find me attractive in the future if i transition. our history has shown that how i look hasn't really mattered as we were together when i was extremely obese as well as when i lost a bunch of weight and she's loved me all the same. but, she doesn't find trans women attractive and has never envisioned herself being in a relationship with a girl. in my position i feel like theres almost nothing she could do that would get me to feel like leaving the relationship would be an option(outside of cheating/poly). to me it feels like she matters more to me than i matter more to her and that hurts a lot and really muddies the waters of communication. right now we're at a standstill, i wont do anything to transition as i feel insecure and scared of being abandoned. she cant explore her own sexuality and whether or not she'll be ok with being with a trans person if i don't do anything. so right now it's basically in gridlock. ultimately i'll choose her over my transition because she's my soulmate and i would do anything for her even if it meant not transitioning. she has said many times that she wants to give it a try and try her best to be with me no matter what but i'm just so scared of gambling with stakes that high. if i did transition and she didn't like it what if i wont go back? what if it's so good for me i cannot go back to masking? just throw the relationship away? i don't want to be best friends, i don't want to end our relationship amicably, i want to be married to this specific person until the day i die. please don't trash on her, we're both confused and this is a difficult time. neither of us want to leave the other person so please don't tell me to find someone else, the whole ""you arent right for each other"" isn't helpful. we are *trying* to make this work the best we can, we just need help navigating it together. advice would be appreciated, we are also already going to couples counseling. happy new year!",1
718755,"a man with an eating disorder please don't take any offense from today's post i am simply speaking about a mental health issue i do not mean to offend anyone. hello everyone it's jackson here. today isn't a post about autism at all so i don't wanna fool you guys. me and apple both agreed that i should write about this because it still is about mental disorders. apple may have struggled a great deal with aspergers, and depression over the years, but i struggled with a mental disorder too. i had a pretty bad eating disorder. i know some of you are probably chucking to yourselves that a man has an eating disorder. however this is a real thing that effects ten million plus men just in the united states on a yearly basis. now me and apple hope no one gets upset after reading this blog post. we know that almost double the amount of people who suffer from a eating disorder in the united states every year are female. much much more women live with a serious eating disorder than men do that is true, but the men who live with eating disorders go pretty much completely ignored for the larger picture. i honestly feel like people care more about a woman with an eating disorder such as anorexia than a man with anorexia who has the disorder just as badly maybe even more. im not saying you should take attention away from women who have it. i am saying i wish more people would accept that it is very possible for a man to have an eating disorder, and care whatsoever. i wish one day perhaps after some read this blog and think of a man who suffers terribly from an eating disorder as hey its a mental disorder. thats terrible that that poor dude has to suffer from an mental disorder. i was actually diagnosed with anorexia nervosa when i was 17. i got diagnosed after i began to think something was wrong with me for a few years before then. as long as i could remember i can recall always feeling heavy, or obese after i would finish a meal. it didn't matter that i always avoided eating large or fried meals to start with. i wasn't always like this. when i was a young kid i was skinny as can be to a point where my doctor told my mother i was pretty underweight. everyone always said i had a great metabolism as a child. unluckily for me that all changed when i became a teenager my metabolism changed and i started to gain weight quite a lot of it actually. i shot up to over 133 from 90 pounds in just a few months. it didn't take long for people to tease me for my sudden weight gain. i know this sounds stereotypical, but out of all other things in my life i really hated gym class as soon as i started going to middle school. this was before i met apple so for a few years i wouldn't have a true friend i could count on. true she went through much more than me, but i really didn't have that close of friends either. in gym class when we were changing stereotypical i know, but not the point. when i would get changed by the other guys in my class they would make fun of my belly pretty often. at first i really didn't care about anything they said, but after around three weeks i started to think like the way they insulted me and my weight. i started to feel fat and ugly like most with the disorder did. i was never good at any matters of gym class or any sport we played so sometimes most of the class would tease and taunt me about my weight even some of the girls i used to kind of have crushes on. it really didn't help how i felt about myself with the girls i used to like said the same things i thought about myself. around the same time my diet started to change too. before i was a teenager i would eat an un godly amount of snack foods, greasy foods, and desserts pretty often. yeah i would eat normal things like salads, pastas, and stuff like that but when my metabolism was great i would eat things like french fries, mozzarella sticks, pizzas, onion rings, and deep fried foods really often. when i started to feel like this i dramatically switched my diet around. i ate more vegetables, fruits, and grains. i completely eliminated the onion rings, mozzarella sticks, french fries and most of the pizza. as opposed to every friday where i would have pizza now i switched it to once a month. i remember considering hiring a nutritionist, but backed out of the idea because of a lack of funds. you would think the sudden diet changes where i almost eliminated all food thats bad for me i would have gotten skinnier, and thinner, but to me i didn't lose any weight. if anything to me i looked heavier than before. a sudden diet change wasn't the only thing i did to try to change my weight. i also started exercising a great deal. before i was a teenager i still really didn't exercise at the same level most children did. after i started to feel fat like that i started exercising more than someone my age should have. when i would get home during 8th grade i would go running almost everyday for half an hour to an hour each time. everyday when i got home i was always drenched in sweat. i even bought myself a gym membership. yet none of it seemed to work the entire year to me i still felt fat. i think it was every morning before i would shower to go to school i would look at myself naked in the mirror and hold my outpoured stomach in my hands wishing it was skinny like all the other boys in my grade, and i wouldn't be made fun of for how i looked anymore. i felt too fat to be loved or cared about by anyone. i felt like something was wrong with me since almost every guy in my grade who weighed so much less than me had a nice girlfriend who cared about them when i was so alone. yes i did have friends, but they weren't very emotionally special or caring about me. i would call myself fat when i took one final look at myself in the mirror before i jumped into the shower to clean myself. during the shower when i had soap all over my stomach i would hold some of it in my hand and call myself fat over and over. i hated to look and think about myself. in my sophomore year of high school nothing had really changed about how i felt about myself. well actually that was a lie i felt like i gained even more weight instead of losing it. people would still call me names about my weight including my own mother bless her soul, but before i left every morning she called me chubby, or would remark that i was looking a little heavy. that was not to say she wasn't a bad mother or anything. the only thing that changed positively in my life i finally had a girlfriend apple. apple never made me feel bad about my weight or even mentioned it to begin with. at the time i thought she was just being nice, rather than she didn't notice it at all. for the early part of our relationship i became even more self conscious about my weight because i was dating apple. again she never said or did anything to make me feel awful. apple was a great person who would never do anything to hurt anyone. terribly for me my anxiety about her finding out about my weight got so bad, and ridiculous that i started wearing only shirts that were black because when i wore a brightly colored shirt i swear i could see my stomach poking out of it. when i wore a darker or just black shirt i couldn't really see my belly sticking out at all. when i first started dating apple in the early years we would have movie nights every friday night where we would go to the local video store and rent a movie or two to watch. normally our system was that i would rent the movie, and apple would buy the snacks for us to eat. truth be told i loved our movie nights but they made me feel fatter. apple would always bring nice fatting foods like pizza, popcorn, nachos, chips, and cookies with plenty of candy thrown in for good measure. we would sit there on the couch for hours witch made me feel terrible fat just sitting around for hours and hours cuddled up watching movies and eating. most of the time apple would be the one eating most of the junk. she has always had an amazing metabolism that allows her to eat anything she wants without gaining any weight. so on our movie nights she pigged out in a really cute way. whenever i was hesitant to eat anything autistic or not she would know and try to get me to eat something tasty pizza or popcorn or anything really. whenever i did eat some of it i felt like if she ever saw my stomach without this thin black shirt i was wearing she would be so disgusted with how i looked she might leave me. i think that was around the time i started self harming myself. i never did anything rash that would immeteily hurt myself, but rather hurt me badly intentionaly. i would just feel so fat that there were times i wouldn't eat anything at all. i refused to eat breakfast, lunch, dinner or even a snack, because i felt so fat when my weight was around 185 then. it didn't matter what the scale said because i still felt fat. i tried, and tried, but i couldn't lose a single pound. all i seemed to do was gain it. it got to a point where i stopped looking at the scale, because i felt so terrible about myself. no one, but apple really noticed my health decline. you see when i stopped eating for a while my mother didn't really notice since we never ate together during dinner. i would take my food from her at dinner time, and throw it in the trash when she wasn't looking. apple only noticed because we would eat breakfast together on the bus going to school, and we always had lunch together at school. for a while i stopped doing both she grew very concerned about me and why i wasn't eating. even on our date nights i wouldn't eat a single thing. during all of this i would wake up in the middle of the night to hear and feel my stomach growling reetly while being very loud too. whenever this happened to me i would push on my stomach and whisper ""shut up fatty!"" to myself over and over. apple actually was the one to motivate me into going to see a doctor about this because when she noticed what i seemed to be doing she tried and tried to get me to eat something. even sometimes texting me pictures of pizza to get me hungry. she didn't know that i had anorexia, but i could tell she did know that i had a really big problem with eating no matter how hard i tried to keep it secret. the general stigma at the time was, and still is that only girls can get a severe eating disorder so i couldn't really talk to anyone about it. if i told apple anything i wondered weather or not i was a lunatic. looking back considering how she feels about mental disorders, or how much she loves me i know now that that was a pretty stupid reaction. however when your sick you don't see the world like most would in their right state of mind. when your sick you don't see the real answer to the questions you pounder for many moons inside your own mind. there was only one person who i felt overly comfortable with to tell how i feel. i did quite a lot of research online and discovered whatever was wrong with me was very very similar to the eating disorder anorexia nervosa. no i am not being dramatic my symptoms went hand in hand with all of it. so i decided it was time to see a doctor very begrudgingly, but still i didn't feel like i had a choice. i knew not eating for days at a time was terrible for my health as your body needs some food often to survive no matter how much you weigh. i did the only thing i could do. i told my mom everything one day completely out of the blue. i then asked her if i could see a doctor. she told me while all that is horrible its impossible for a man to acquire an eating disorder. she said i was just a little sensitive to my weight, and that i should go eat something. so yes that was more crushing to my already low self eastiem than it did help me whatsoever. the worst part of that conversation with my mother about the disorder was that she said no to me seeing a doctor. when she said all this to me i started to doubt weather or not i had anorexia nervosa. a part of me knew i had it, but another part of me wondered if it was only inside my head. after my mother told me i was being sensitive i grew far worse with my disorder. i don't know how it was possible, but after that i felt fatter and fatter. so i started eating less than i already had been eating before. so i grew sicker and sicker mental and physically. my stomach got thinner, but that didn't matter i was still fat, and i was still ugly. as time grew on i really did think i didn't need a doctor nor that i had a problem in the first place. around the same time i started feeling incredibly weak physically. during my old enemy i call gym class i didn't really have the angry to even try anymore so during whatever sport we were playing at the time i would pick the job that required the least amount of moving such as a goalie. i started getting hurt very easily too. a single bump to most guys my age would stun them, but i would fall actually fall to the ground and there would be a pretty unsettling bruise on me too. the only thing that saved my life really was apple in her own way. during one of our movie nights she noticed i hadn't eaten anything all day. since we were together the whole day, and i ate nothing at breakfast, or lunch i think apple knew something was going on with me. it was only when we were on her couch cuddling during some movie i forgot the name of my stomach started to rumble uncontrollably and very loudly. apple heard it, and handed me the popcorn, and told me to dig in. i refused and she kinda snapped. ""why haven't you been eating all day?!"" she barked. ""im fine."" i muttered back. ""not eating the way i've been seeing you do is not fine. its awful sweetie you should eat."" ""i can't.... i just can't."" ""why?"" ""i can't tell you."" ""why is that?"" ""apple if i told you something do you promise to always care about me?"" ""is that a question? you accept me for being autistic! im eternally grateful for what you have done for me."" after she told me that i kind of broke down crying in her arms. amid the many tears, and sobs i did tell her everything i was feeling at the time. after all she was my girlfriend now wife how could i not trust her? i know earlier in the blog i mentioned i was hesitant to telling her, but thats what the disorder did to me in a way. i was very inconsistent at the time. ""my poor angel. you need some help baby."" she said over and over while wiping my tears away with her fingers. rarely do i ever cry, but whenever i do it means im really really upset. apple kept hugging me, and telling me everything was going to be ok. ""i swear on my love for you i will do my best to help you."" she said kissing me over and over. ""i don't care if your fat or skinny i love you for you."" true to her word in the next month or so she pulled out all the stops to help me get over my disorder. everyday she would text me pictures of delicious pizza fries etc. we would talk boy how i was feeling often at her request. she did so much to make me see how much i was hurting myself, and her with my decisions. eventually she even some how got me an appointment with her aunt an old kind hearted woman who just happened to be a doctor. i'll skip the details of what happened when i met this woman, because for one it was a pretty personal experience, and two i don't think its necessary. i will say that after i saw the doctor i was officially diagnosed with a severe form of anorexia nervosa. anorexia nervosa is a communish eating disorder, but it can be a very devastating, and deadly eating disorder. the aftermath of all this gained me a short stay at a hospital for a few days, but on the bright side for that point inside my life i started to slowly get over my anorexia. it to this day is still somewhere inside my brain, but it is far less prevalent now a days. me and apple actually grew closer from this experience, so it wasn't all a bad thing. yeah i worried that apple even eventually got me to stop skipping meals altogether. apparently i was underweight by the time this all really ended not overweight. over time with apple by my side i started to gain weight and strength. today i still feel very self couscous about my weight a great deal. sometimes i completely try to avoid eating fried or fatty foods, but whenever i do apple will always kiss me and say the something to calm my nerves. ""queit and eat you. i love you skinny or fat. you look great to my eyes."" normally that would calm me down. except lately the feelings i felt when i was a teenager in the early stages of my anorexia nervosa seem to have been coming back when i thought i had almost killed it off. a mental disorder is a very very hard thing to beat or gain control wheather or not its life long or only temporary is everelvant. so for a few days i pondered what i should do. i asked apple and she thought i should share my story with all of you, but said it was my descion. she wasn't doing this for the blog i genuinely think apple wanted me to do this to get it off my chest to help others like me and spread the word that men can have eating disorders too. look it up my friends men have died from eating disorders too. for a while i wondered wheater or not i should post this. apple said she really only wanted me to feel better, and she thinks the blog would really help this, and honestly i don't know why but posting this to all of you really has helped me. there are a few lessons those out there reading this. one of the most important things i think you can take away from my story is that anyone can develop an eating disorder that can grow to threaten their life. anorexia nervosa isn't just for girls. men can have it just as bad as a woman can. anorexia nervosa is a real threat to anyone who has it's life. just because woman develop the disorder more often then men do. why should that percentage of men who develop eating disorders be ignored? they still are suffering from a mental disorder just like the girls are. to me at the very least its very wrong to exclude the attention and awareness to a single gender of the disorder while almost completely ignoring others with the same kind of suffering. i pray for a day when a person sees two others one a man and one a woman with a severe life threatening eating disorder, and instead of looking at the guy who has it. then saying what a sensitive little baby he is. while looking at the girl with the exact same disorder, and saying how sorry he is for that poor girl. i pray for a day that person sees those two should suffering, and says oh my word i feel so sorry for those two suffering souls regardless of what gender they both have because at the end were not boy or girl were all souls. thank you all for reading and listening to my story it means so much to me. thank you everyone jackson",1
304248,niche startup: dating site for overweight indian people [deleted],1
507586,"the sydney emerald - the meek shall inherit the boob. at, be, mild wg the setting sydney sun slightly lit up the busy city street as the petite 23 year old eva strolled towards the meeting point. a bag full of bras and a single, black dress hanged off the shoulders of her black tank top. her light skin lightly perspired as she picked up the pace and willed her short stone washed cut off jean’s clad legs to walk faster. she did not want to be late today. after all, she was having her revenge. a week ago, eva had a rough night. her holiday to visit estranged her old high school friend caitlin had not gone as expected, instead of the two meek, rail thin, unassuming nerdy girls meeting up to remember the good old days over a few drinks over dinner, caitlin had brought her new douchebag boyfriend and more importantly, a much, much curvier body than she had in high school and meaner personality to match. the meeting point was near the hotel eva was staying at. she spotted caitlin easily. in many ways the two women were similar. pale skin, dark hair. eva’s black, caitlin’s a deep brown, pale eyes, eva’s green to caitlin’s light blue. both stood at around model like 5’9” with long thin torsos and legs. in high school they could have been mistaken for being related with their sharp, striking cheekbones and at the time, kind smiles. they even had similar bodies. small, thin frames and almost identical bustlines, eva’s on the large end of the 12a size matching caitlin’s large 10b. however what eva didn’t know is that after high school caitlin had put on weight. and her body responded well. almost too well. a point she bragged about endlessly between gloating over how rich her boyfriend was over the long and humiliating dinner. eva remembered how cat filled out that tight, low cut black dress as she walked. a large purple bra worked hard to contain her as it showed though the stretched, light fabric on her chest. cat shared that her breasts had swelled to a 10e and seemed to be still growing, seemingly sucking up every bit of fat that made it’s way to her stomach. her ass and hips rounded out too, giving her curves to die for. the only cost as far as cat was concerned was the smallest bit of pudge on her belly. “i just keep this around for the extra cup size or three it gives me eva. who knows, maybe i’ll lose it in another boob growth spurt and start modeling for page 3” she said poking the tiny slight rise in her stomach as she reflected. “i could never, ever be as flat and stick like as you again.” she said with a wicked smile as she and her boyfriend laughed. eva glared with uncharacteristic jealously as she saw him and half the bar staring at cat’s jiggling monstrous 10e push-up-powered cleavage... eva had shrunk into her chair that night. she felt small and powerless. she looked at the red dress that caitlin was wearing. the dress hugged caitlin’s figure, slightly hiding her oversized breasts and tucking in her stomach, it flared around her hips and ass perfectly. however it was what was under the dress that mattered to her right now. in fact she knew what that was, after all she had some surprising help with her intuition on her side today. it wouldn’t for much longer eva thought. she ran her thumb over the small emerald embedded on the plain, gold ring on her right pinkie finger. she hear a voice on the wind, whispering into her ear like a ghost. “graze her arm with me, and her prizes with be yours.” she doubted herself for a moment, then remembered that caitlin told her at the end of the night that she had been sleeping with person eva was visiting in sydney. her best friend, the man she secretly loved while she also strung along the rich douchey boyfriend. the woman had to be shut down she thought. eva smiled and said hello, brushing the emerald across caitlin’s arm as the hugged. caitlin’s barely restrained 10e breasts pushing deeply onto her. “ouch! you silly stick bitch!” caitlin cried out as the emerald left a graze and she pulled away, a look of disgust lighting up her features. “i’m sorry, come up to my room and we can make sure you’re ok cat.” caitlin scoured. “ah, no. how about i just go h….. oh.. oh.” her face became blank for a second. “ok eva. whatever you want.” eva grinned with triumph, she couldn’t believe this was working. the sydney ring was a myth in her family, just a crazy story her grandparents had cooked up about their odd pinky worn temporary engagement ring. but yet it seemed to be coming true. moments later they were in the hotel room. caitlin stood in the middle, stone faced as eva circled her like a hungry cheetah. she licked her lips as she surveyed her prize. “take off your dress.” she said as she took off the tank top. caitlin complied. the dress shimmered off her revealing her purple bra. it cupped her breasts well, each of the 10e’s bra cups holding what looked like a mountain of boob flesh on caitlin’s small frame. her belly jutted out slightly too. while not chubby or fat by any means, caitlin didn’t have the toned washboard flat high schooler hapkido sculpted abs that she had 5 years ago. eva looked down on her body. she was wearing a purple bra too. it was the same brand and style as caitlin’s. her breasts didn’t fill it though. her small side of 12b boobs hit the end off the 12c’s cups before failing to fill them with volume. they almost looked like they were crying out for fat to enlarge themselves with. soon they would have it. eva brushed her hand over her flat belly. feeling the muscles underneath the light, taunt layer of fat. that would change soon too. ""unclip your bra cat."" she saw her complied eagerly. unclipping the clasp and letting the large purple monster tit holder hang from her shoulders, her large round breasts dropping slightly into the cups as she adjusted herself. ""so, cat…. would you say my bra doesn't fit"" ""yes, you're too small for it"" she replied ""would you like to help me fix that?"" you ask ""how the fuck would i d….. i mean,’ the emerald glowed for a second, “yes. i’ll give you anything."" she said.. eva advanced on her. she pulled caitlin close and then groped her large breasts under the loose bra. she grined with pure greed. they were soft, large and round. eva lifted the right side of the bra up and teased the nipple with her other hand. slowly, gently kneeing the large, fat breast, noticing the one or two tiny stretch marks they had from their rapid weight gain….. she felt the nipple start to become erect. it was time. eva slowly moved her head down to the swollen boob and began to suck on caitlin’s large right breast. other than cat’s gasp, nothing happened at first. eva’s hands kneaded both the boobs under the bra, her fingers not even getting around half of each of the soft breast’s flesh. suddenly cat’s stomach jiggled. just slightly. it withdrew a little. just a tiny bit of it’s girth slowly disappearing. her thighs and ass also slightly shifted, it was almost undetectable, but it happened. they jiggled slightly, almost like they were bracing themselves for change. it was on the end of the third suckle that cat’s breasts bulged, like a bicep flexing, almost as if they were frantically trying to retain their size by sucking at the stomach’s fat stores. eva felt them smoosh though her fingers, rapidly trying to grow, desperate to keep their massive size. they then shunk. not by much. maybe just under a quarter of the difference between a 10dd’s cup size and cat’s 10e. caitlin groaned, feeling weaker, like someone was taking part of her away. she was right to feel that sensation. eva, at that moment, felt something. it was a slight, warm pressure started deep in her boobs. her 10b breasts pushed out, pressing up against the c cup bra for a moment, then dropping back to their normal size. then they wiggled forward with fresh, stolen mass feeding them. each moment letting them slowly fill out the 12c bra. they pooled against the cups. building slowly and carefully towards filling them. eva’s stomach followed a similar process of caitlin’s now decreasing chest. it bulged. settled. and then grew. eva’s large green eyes opened wide with suprise kept on sucking at the large, but diminishing breast. her cheeks brushing past the purple bra with each long, hard suck on the boob. she felt power and sexiness flowing into her. her hands became closer and closer to cupping the entirety of caitlin’s massive breasts with each suckle. she took her hand off one of the now not so 10e tits, groping her own boobs as they wiggled forward with each motion of her stomach, making it harder and harder to keep her hand under the bra. she let the hand feeling her boob drop, then slapped it back into caitlin’s ass, feeling it slowly losing it’s curve as she cupped it. she could feel her 12c bra becoming…. comfortable, like it almost fitted. eva sucked one more time. longer and harder than before, trying to take as much of the breast flesh as she could. caitlin’s breasts shuddered as they amassed their defenses, swelling towards her former 10e glory for a moment, pulsing for a moment as they resisted the change, then deflating slightly, shrinking back up her chest. eva pulled back and grasped her stomach, feeling a never before seen pinch of fat that pushed out, then back in and then slowly oozed forward between her fingers. she moaned as for a moment the purple 12c bra became too tight, her boobs swelling with fat, then shrinking down to just under a the 12c as they jiggled and grew to their now 12c size. she looked back at her breasts full, c cup breasts and then to caitlin’s deflated e’s and chuckled ""have you lost weight"" she asked ""i... i have"" she caitlin replied timidly, looking down with horror. ""oh, and where did it come from"" ""my... my boobs!"" she frantically felt them. they filled her hands, spilling out the sides, the mass feeling wrong in her hands. she knew that they were not as large as they were minutes ago. ""re... clasp…. your bra"" eva said, drawing out every word in the command.. caitlin complied, lifting her diminished assets into the bra. it still fit her, but she didn’t fill out the cups, her boobs just failing to have enough volume to fill the 10e bra. ""it doesn't fit, i can't feel the cups. i think i’m only a medium dd now…."" eva cackled, and once again lifted the right side of the purple bra up and feel the breast underneath, the ring gave her the knowledge to know she has gone down to almost empty e, just on the cusp of being too large for a 10 dd ""this is just the start"" she yanked the bra up further, not bothering to unclasp it as she fished out the right boob, madly searching for the nipple with her tongue, she found it and just like before, she started to grope and suckle on caitlin’s oversized chest. once again, cat’s breasts resisted, they bulged, almost pushing her mouth off from the sheer from the amount of fat they tried to acquire before eva stole it. eva was pulling and taking much, much more this time. the boobs start to shrink back down, racing up caitlin’s chest, slowly losing their roundness. eva stomach gurgled, she was far hungrier this time, knowing the ring was working as she rubbed her rising and falling belly. her tight jean cut offs slowly forming a tiny muffin top and rounding out as caitlin’s fat made its way into other parts of her body. she could feel her breasts straining against the 10c now. her heavier and heavier boobs putting strain on the straps. her nipples poked out of the cups as they raised with each wiggling surge forward. she pulled back, licking her lips as unclasped the bra and threw it aside. revealing large, round, bigger than 12c boobs, they slowly bulged out as she walked, jiggling back then growing with each step that she took towards the black bag on the floor. “so who has the bigger bra size now cat” she said as she bent over, feeling her heavier breasts swing down from her chest, her belly bunching up against the too tight shorts that her ass filled out to breaking point.. caitlin looked down as she absent minded-ly adjusted her now too big bra, her breasts failing to fill the cups as they slowly retreating up her chest. they were still round and full and with the right bra could produce draw dropping cleavage, but they were no near the mammoth size for her body that they were minutes ago. she looked at eva’s breasts as she stood up holding two more purple bras. they were large, hanging perfectly of her chest, perky and well rounded out tear drops, her nipples complimented their size perfectly. what made it worse is that cat realised most of eva’s boobs were hers only seconds ago. she meekly gasped as she spoke. “i think we are the same size. just like back at school. we are even now please don…’ ""stop. i can't have that. one of us has to be sexier than the other"" eva interrupted with a smirk, the tables had turned now. she looked at the bras in her hand. a purple 12dd and a 10c. sister sizes. ""oh look, i believer these are equal sizes in cup volume to what we used to wear… lets model them cat. for old times sake."" eva took off cat’s bra, her shrunken boobs not even falling away from the 10e cups as it fell to the floor. she placed the 10c on cat, it fits, but she well and truly overspills out of the tiny 10c cups..forming a slight secondary double boob over the top of the bra and a ton of breast tissue being pushed up under towards her arm pit. there was even some slight underboob showing. it was slightly more tit than she expected cat to have at this point given her gains with the theft powered growth. they must of been taking fat from cat’s ass to keep themselves pumped up eva thought as she you put on the 12dd. she smiled as her now stabilized breasts pooled against the 12dd. there soft flesh sitting round and perkily in the bottom of the cups, waiting for more of cat’s breasts to feed them, to push her nipples further away from her chest and into the bra. she rubbed her belly as she felt hungry. ""hmmm, look at you now, chest getting lighter and less impressive by the second or should i say each’, she made a suckling motion with her mouth. ‘suckle...... and i'm still so, so hungry' she patted her belly as she unclasped her bra, and like the with cat’s 10e bra before, eva worked out one of the now not as grandiose breasts from it’s cupped home. she moved her hair out of the way as she started to suck, her much heavier breasts pulling her chest down as she bent down to move her head into position. she could feel more and more of caitlin being drawn into her. her hands groping her shrinking boobs and feeling her own rising against her bra. she sucked, caitlin’s tummy shrunk, her breasts tried to expand, pushing against her mouth and hands, slightly shuddered, then shrunk down and down and down. eva’s stomach had a slight curve on it now, slowly expanding in and out as it supplied fat to her breasts. at some point she undid the button onto the of the small cut offs, letting the growing, small belly hang free. her breasts jiggled forward with the ever flattening curve of eva’s stomach, filling out the 12dd with every motion. she felt her almost pulsating breasts bunch up on the 12dd's cups as she pulled her mouth away from cat’s now smaller nipple as she continued to feel up caitlin’s boobs, her own throbbing with pressure, watching cat’s shrink down down to a small 10c eva realised she would give her you less and less size as cat’s tit volume decreased and eva’s increased. her belly was almost flat as well. she grasped her own boobs as they grew, pushing outwards on her bra and in between her fingers, she saw cat’s breasts shudder slightly and pop up as they lost the overhang that she had from early in her her weight gain. she would barely pass the pencil test now. caitlin cried at that point, feeling the mere handfuls she still had, cat pushed her hands away, sucking hard one last time, she felt her heavy breasts jiggle slightly as one of her bra' straps plastic clips broke, leaving one of her now large boobs hanging slightly down. she paused and pulled back., her 12dd was now far too small, cat’s 10c looked almost comical. she unclasped her 12dd bra, feeling the sudden weight of large, round, fat breasts on her chest, she felt under the bra and groped at them them, they were slightly bigger than caitlin's when she entered the room, large, round, engorged with fresh stolen fat, a tiny, nearly unnoticeable stretch mark on each of them, there was no way she could get her hands around them as she gently squeezed. she picked up caitlin’s purple 10e, the bra she walked in wearing and replaced the 10c, cat’s now small 10b breasts didn’t even come close to touching any part of the now massively too big bra. she laughed hard….. and licked her lips. ""honey, i'm going to need the rest"". she said as she looked at cat’s small chest. the ring glowed as she spoke. ""of what"" she replied, cat had stopped sobbing and was in total shock, staring at her now almost gone breasts and curves. ""of your breasts, silly."" eva didn’t bother with moving cat’s the bra this time. it didn’t hide the now smaller nipples at all. for the last time, she started to suck her dry. she heard caitlin cry out as her breasts mounted their final defence of their fat stores, they bulged, sucking in more fat from her body than ever, so much that she nearly would've refilled the 10c, maybe even been too large for it, but eva kept her mouth solidly on the breast, squeezing them with her hands as they grew through her fingers, they now shuddered violently before they shrunk, then shuddered again when they reached their pre flex size, cat’s body desperately resisting the ring’s magic, yet they would still shrink into her, losing the weight that give them their roundness. cat’s belly went totally flat, reveling uncared for muscle tone, her panties fell down as her ass seemingly caved in, losing that curve as well. eva’s boobs pulsed with power and growth as her belly took on a bloated, almost early pregnancy curve. her jeans split across the sides as her ass took on a nice plumped look. cat’s boobs were trying their best now, the defensive bulges were coming harder and more frequent, the shrinking time becoming shorter and the shuddering became longer, ‘ahhh… they must of grown to a c cup before she put on weight elsewhere and this is her body's’ natural defence to keep some sex appeal.” eva thought to herself as ever her extremely heavy, growing chest pulled her down, lazily mocking the now too small 12dd as they pooled in and around it, forcing her to apply herself more to holding her head at decreasing caitlin’s boobs. finally as she hit a small 10b, they shuddered for what seem like an eternity, then rapidly shrunk.. they didn’t bulge back as eva took one last suckle. nothing happened and there was just a nipple poking out of a totally flat chest as she pulled back. the 10e bra hanged uselessly, covering a non existent bust line that wouldn’t even fill a 10a, caitlin looked weak and tired, breathing heavily. eva looked at herself, the 12dd bra looked tiny on her round breasts, “i think you have made me a 12f, maybe even a g cat.” she said, giving them a solid squeeze. her hands looked so tiny as they gooped at the breast tissue. caitlin moaned. it was all she could manage, eva walked over, awkwardly cutting her jeans off with some scissors and letting her too small french panites fall to the ground. the bra quickly followed as she looked at herself in the mirror and played with her new assets. http://i.imgur.com/3kxkm8k.jpg she pulled out a fresh 12dd bra, she had only intended to take that much, and squeezed herself into it. she spilled out everywhere, the cups awkwardly sitting on a mountain of boobs. she then lifted a black dress up. it was exactly the same as caitlin’s from that drinks night. she tried to put it on. her ass and stomach fit it well, but fighting her chest put up to squeeze into something that was tight on a 12dd/10e was too much effort, she had to get a weakened caitlin’s help to fit herself in. she looked at herself in the mirror, and saw her little, almost pregnant looking belly. it bulged out, shuddered and decreased as she felt her breasts grow a little, drawing her chest tight. “there there” she said, patting it with her ring hand. “that’s enough for now. i gotta be able to breathe” she looked at the rail thin, boobless caitlin. ""thanks for the meal, try to have a little more for me next time"". she motioned towards the bag. “there should be something that might fit you in there. i took more than i was going to have, so it might be a little’ she grabbed her boobs and squeezed for effect, letting them jiggle against their containment, “large.” she walked out, turning as she opened the door. ""now go eat something, i'll be back for a top up in a few weeks, after all,’ she patted her rounded belly as the ring glowed, “she is awfully hungry.’",1
838006,"would you rather have a pretty face and be a fatty? or would you rather be butt ugly and skinny as a rake? this is one messed up site, lol!",1
788294,"my latest - couple more parts - more on deviant art next seat continued (unauthorised follow on to next seat by vsl2) part one - the first date 1. arriving at my gate i discovered my flight was delayed. as i had time i thought i’d walk by the food court to see if i could get a glimpse of her. i looked over the mezzanine railing and she was easy to spot. she was sat on two chairs and from above looked nearly the same circumference as the table in front of her. the table was crammed with fast food, family sized buckets of fried chicken, thick cheeseburgers, fries and pizza. she was oblivious to her surroundings as she used one hand after the other to cram food into her mouth. obviously starved from the hour long flight. the arousal i felt from watching a woman of her size gorge herself was something new to me. as i’ve said before i had always found bigger women attractive but thought i had my limits, i’d dated plenty of plump even fat women but none as fat, obese as her. she was at least 100 kg heavier than any woman i’d been with. her hips, belly and boobs were probably twice as big as on any previous girlfriends. was it her wonderful openness and personality that made me find her attractive despite her immense size or had i been lying to myself with my self imposed boundaries? i obviously had issues to get straight in my mind so decided against going down to talk to her and welcomed the enforced time before our next meeting that my trip would cause. i did decide to text her though: hope you managed to find somewhere for a bite to eat x i watched her pause picking up food, wipe her fingers on a napkin and take her phone from her bag: yes thanks - it’ll fill a gap before dinnertime x i chuckled, enough food to feed a family of 6 and it would fill a gap!? no wonder she was so huge! much as i was enjoying watching her load up on calories my flight was due so i texted: i’ll text you when i get into my hotel, if that’s ok? x of course,? look forward to it x 2. after a shower in my hotel room i lay on the bed, i could not get this woman out of my head. was it so unusual to be physically attracted to a woman who weighed more than twice than me? was it normal to find hips and bum as massive as hers such a turn on? clearly yes, just thinking about her sat next to me on the flight, squeezing along the aisle, filing 2 dining chairs and eating all that food was turning me on! i texted her: boring flight, no gorgeous woman on the seat next to me this time - sad face - x a few minutes later i got: you mean seats! hardly gorgeous!? hope i didn’t bore you with weight talk? x not boring at all! so good for someone like you to be so open honest &amp; comfortable with self xx someone like me!?! someone so big? someone so fat? not sure how to take that!? oh shit! i thought, my unconscious bias showing through, thoughtless! sorry! no offence meant, just lovely to meet someone so accepting of their size &amp; shape, not going on about dieting to fit in with what other people think. sorry again - blushing face - x after what seemed like an age: lol! no offence just teasing. i don’t open up like that to everyone. you just seemed to want to know, be interested. don’t want to be accused of over sharing! xx was/am interested in you &amp; everything about you. never met anyone like you and before you say it - beautiful, intelligent, emotionally intelligent &amp; funny! xx how to make a girl blush! it’s been a while since a smart good looking man has shown any interest. probably about 100kg ago! x when you were skinny? lol x positively emaciated! twig like! ha ha ha x keep up the good work x her next text made me think &amp; question myself: are you saying you want me to put on weight? x of course i knew about feeding, feeders and feedees but i thought i never wanted to get involved in that sort of thing. from reading some of it comes across a little dark, a little s&amp;m. that would be ok. nice if you wanted to. i think you’d look amazing at any size x hope you mean that, with my appetite the only way is up lol x nothing wrong with a healthy appetite! x but where will those extra kilos go? x would look good on your ‘bony’ backside wink x sure why not, i already have a 2 chair ass wink x my god! this woman! you really know how to excite a guy xx ooooh!? does my fat talk turn you on? x more than anything i’ve ever known! xx would you like to know how much i weigh? x i’d love to! xx just been on the scale, it’s a speaking one coz i can’t see the numbers over my big belly. 230kg, 508 pounds, 36 stone 4 pounds xx just wow! how tall are you? xxx just massive you mean, biggest i’ve ever been! i’m 5 foot 6 why? x just want to check your bmi. biggest and most beautiful! making me all aquiver! x that’s me! quivering, wobbling &amp; jiggling. a real blob! x not sure i’d use the word blob, you’re very shapely, curvy! bmi says 81.4 - obese xx so it’s official, i’m fat! who knew? x curvy, i like curvy x i have curves on curves if that’s what you like xx thinking back curvy was where my lusts began, then chubby then plump then fat and now obese! a real journey, had i reached the end? i was loving destination obese anyway. don’t suppose you know the statistics of those curves? xx if you give me a minute i can measure for you, i think i’d like you to measure me soon xxx i had to begin masturbating i couldn’t stand it any longer, the thought of this enormous, blubbery babe measuring her vast body was just too much! what would i be like if i was watching her do it!? you ready for this?xx with tongue hanging out! xx 68” chest, 79” waist, 88” hips, 30” upper arm, 42” thigh, 22” calf all equals obese!!xxx how could numbers make me orgasm? really it’s my imagination making me come, picturing the massive woman, her size, her shape, her weight! she was literally wider than she was tall! perfect! she texted: stunned silence? have my statistics shocked you?xx sorry just had a call. you are perfect! wider than you are tall! xx after all that measuring i’m wiped out - off to bed. good night xxx night beautiful xxx 3. we either texted or spoke every evening that week and arranged to meet for dinner the day i returned home. the restaurant was a quiet bistro not far from my home, a short cab ride for her. i arrived early and sat with a double bourbon waiting, the restaurant only served 20 covers and there were 2 other couples dining. it wasn’t long before i saw a cab pull up outside, the door slid open and my date started to disembark. a bare arm grabbed the top of the open door, the huge flabby upper arm partially covered in a silky, gauzy see through short sleeve. i watched her heave her massive bulk off the edge of the seat, a surprisingly dainty foot in a strappy sandal planted on the pavement at the bottom of a black lycra covered leg. with a slight swivel her enormous arse swing out of the cab, it was too far for me to see but i imagined how much the fat of her ass was wobbling. pushing back with her other arm she brought her other leg out and stood hands on hips to catch her breath, how the simplest thing such as getting out of a taxi made her short of breath, how much of an effort it was due to her immensity really got me going. no woman i’d ever been out with before aroused me by simply existing. as she approached the door i could see what she was wearing in full. a black lycra, sleeveless jumpsuit with a low cut neck line exposing deep cleavage, the pants coming down to mid calf. her tiny feet wore gold strappy flat sandals. a gauzy, see through gold patterned short sleeved top covered her shoulders. as she moved towards the door she pulled the diaphanous material over her breasts. seeing her waddle to the door i kicked myself thinking i should have looked for a restaurant with double doors, there was only one in this glass fronted eatery and i immediately saw she would struggle getting her massive body through it. i felt a bit ashamed that thought really turned me on. obviously used to such things she squeezed her bulk through the doorway reasonably easily, shuffling slightly diagonally, using her hand to pull in her prominent rolls of blubber. the waiter watched with wide eyes and approached her as she composed herself. seeing me she smiled widely, her face as pretty as i remembered, more made up than i last saw her, heavy mascara round her eyes and plum coloured lipstick on her plump lips. i had, at least, thought to book a table for 3 so there would be easy access to the second chair she’d need to accommodate her. as she followed the waiter her broad hips bounced and pushed the empty chairs as they swayed from side to side. i swelled with pride as i noticed other diners staring at her open mouthed. yes this beautiful woman was on a date with me! the waiter pulled out a chair and i jumped up and moved the other chair, he looks at me firstly with puzzlement and then dawning realisation that 2 chairs would be needed to accommodate my dates massive rear. ‘you look amazing!’ i said as she settled onto the chairs, she smiled and blushed a little, i noticed a slight flush on her pale cleavage. ‘drink madam?’ asked the waiter. she looked at my drink ‘cocktail?’ i said, ‘can you do a long island iced tea?’ she asked , ‘certainly madam’ he said as he left for the bar. making small talk while the waiter brought her drink i found it difficult to maintain eye contact, having her voluptuous rolls, bulges and folds so close to me, all accentuated by the skin tight black lycra. it was easier to steal glances when her drink arrived. even with her legs spread to allow her paunch to hang between them, her belly and boobs kept her an awkward distance from the table. i marvelled again at how far her bum kept her back from the chairs, a back covered in thick rolls of fat piled on top of each other. 4. we ordered starters &amp; main courses and a bottle of red wine. ‘does that bother you?’ i said after the starters arrived, ‘what? oh that, no’ she replied as after a nod of my head in their direction she noticed our fellow diners staring ‘i’ve had that sort of attention for years, i’m used to it. i guess i blank it out. but i’m noticing the attention from you’ and she took hold of my hand. smiling i squeezed her hand back ‘am i that obvious? you’re just such a gorgeous woman i can’t keep my eyes off you’. she giggled and returned to her food. she really had to lean forward to bring forkfuls of food to her mouth without dropping it. i was mesmerised with the way her fat rolls bulged and folded as she moved. her huge upper arm jiggled exquisitely as she brought her fork up and down. she paused and and dragged my eyes away from her arm, ‘something wrong?’ she said looking over her shoulder. ‘no no’ i stammered ‘this is lovely’ pinching the wafting sleeve of her top. i assumed that the starter of pigeon breast on blood sausage and main of lamb shank, mash and buttered carrots she ate even with the extra side of hand cut chips i ordered and let her have most of would not be enough for her so when we were given the dessert menu i said ‘why don’t we have all four if you can’t decide?’ ‘good idea!’ she said with a grin and squeezed my arm. the waiter took our order with a disapproving raised eyebrow. ‘what’s his problem?’ i said, ‘we’re paying for them all?’ ‘some people are like that. they see a fat person and think they should be on a diet or at least limiting what we eat. it’s his problem not mine. or yours?’ ‘definitely not! i love to see you eat what you want, it’s so refreshing!’ ‘sounding like it might be a bit more than ‘refreshing’ from our texting?’ how right she was but i wasn’t sure what or how to say it face to face, inches away from this 230kg gorgeous, gluttonous girl. ‘you can be honest with me, i know you like this’ she whispered and jiggled her belly with her hand. ‘i do, i do but.....’ ‘but what?’ desserts arrived to cut us off, her eyes lit up and her hands reflexively went to her belly. ‘they look yummy!’ she squealed, and as the waiter left ‘but what?’ ‘well.....i have always been attracted to bigger women but i’ve never met any as.......big....,or as beautiful as you. i always thought i had a ‘limit’ ‘ha! an upper weight!? and i’m over the ‘limit’. ‘sorry i didn’t mean......’ ‘shush! i know what you meant, it’s cute! you’re like a ‘virgin’ i feel like i’ve ‘turned’ you! no really, limits are there to be stretched. bit like my clothes with these desserts!’ ‘where to start?’ she said picking up a spoon, ‘which do you want?’ she asked. ‘i’ll have a taste of key lime pie if you don’t mind, but the rest.....’ her eyes widened ‘if you hadn’t just said you thought i was fatter than your ‘limit’ i’d think you were trying to make me even fatter’. in front of us were portions of key lime pie, treacle tart with rum custard, tarte tatin with vanilla ice cream and chocolate fondant with double cream. grinning like a cheshire cat she began spooning the sugary, fatty puddings into her mouth, making the lowest of moans. i glanced over at our fellow diners and their looks of revulsion were uniform. the sight of this massively obese woman gorging herself on the entire menu of desserts obviously disgusted them. my feelings were the complete opposite, the woman next to me was the most desirable woman i’d met. her open display of voraciousness only served to make her more attractive to me. her obesity was what initially attracted me to her but getting to know her and her appetites had made me fall in love with the fattest woman i’d ever seen. ‘would you like to help?’ she said handing me a spoon, ‘no i’ve had enough thanks’ ‘no, silly, help me eat!’ she giggled. i took the spoon off her and she sat resting her hands on her mountainous belly. as i brought the first spoonful to her waiting lips she grabbed my hand and placed it against the thick roll of fat that snaked over her thigh and over her fleshy hip. i gently squeezed and she moaned softly. 5. standing outside the restaurant we burst into laughter. as we’d stood to leave a woman diner came over to us ‘i hope you don’t mind but i couldn’t help noticing.....it can be difficult to lose weight but i run a weight watchers class and joining really helped me! can you believe i weighed a whopping 100 kilos! can i give you a leaflet?’ this woman once weighed less than half of the weight of my beautiful date! we looked at each other lost for words. ‘thanks but no thanks’ she replied ‘i have no intention of slimming. ever. we’re happy with the way i am aren’t we?’ she squeezed my hand ‘yes, yes we are’ i said ‘shall we go?’ we turned and left the stunned slimmer there. laughing outside she said ‘a massive 100 kilos! wow! what a whale!’ ‘a proper whopper!’ i said ‘would you be my ‘weight watcher’? she said. ‘i’d love to watch your weight’. i leant in and kissed her, my arms went as far around her as they could, my hands grabbing handfuls of soft fat. she pulled me closer, one hand on my back the other on my bum. i felt my erection pressing into the blubber of her belly. feeling this she gave a little shimmy making her belly jiggle against my cock. i was secretly hoping the weight watcher woman was watching us, perhaps thinking if she’d met a man like me she would still be a happy, hefty 100 kilos or even more! after what seemed like an age we parted lips, our arms still around each other, we smiled, i kissed her soft cheek and neck, ‘you’re do beautiful’ i said, ‘you’re pretty gorgeous too’. she squeezed my bum. ‘say no if you want but i don’t live too far from here.....’ ‘try to stop me!’ walking with her was a whole new experience, being over 6 foot i have long legs and usually cover a distance quickly with my long strides. the woman next to me was carrying more than twice my weight on much shorter legs with the added necessities of getting one thick meaty thigh past the other with each step having to partially lift her engorged belly apron. i didn’t know at the time but within 12 months this great big, fat woman was to be my wife. to follow part two - wedding next seat next part 2 the wedding 1. stood at the altar it took all my willpower to not turn when the bridal march began. i so wanted to look at and watch my beautiful bride to be waddle up the aisle toward me, i knew her brother was giving her away and would be arm in arm with her, slightly embarrassed as only a young man can be to be the centre of attention, or at least be arm in arm with the centre of attention. i had not seen her dress but knew it had to be made of a lycra mix material as her weight fluctuated between fittings. over the music i heard a couple of exclamations from my side of the church, distant relatives who had not met or seen my enormous bride. eventually i turned, she was a few feet away and i could not help but stare at her massive body in an ivory, skintight dress that appeared to be painted on. it was so tight and stretched so thin everything curve, bulge, crease and fold of her blubbery body was obvious. it was so stretched i could even see the dimples on her thick thighs, the soft shadow of her belly button and the embroidered pattern of her bra. through her veil our eyes met and we beamed at each other. her face had been professionally made up and she looked stunning. her hair, grown a little recently had been expertly clipped up to expose her plump jowls and jiggling double chin. a double chin that curved into a thick roll of fat that swelled around each side of her neck. the dress was sleeveless and strapless showing off her lovely flab padded shoulders and huge, soft pillowy upper arms. her arms could just about reach around her belly to hold her bouquet in front of her. the dress was nearly floor length with a split up the front and on her feet she wore 3 inch heels, the highest i’d seen her wear. they added a sexy totter to her already sexy waddle. as she stood beside me and raised her veil i whispered ‘hello beautiful’ and she grinned even wider and replied ‘fancy seeing you here’. her brother had joined her mother who were both proud of her and thought she looked gorgeous, my parents had finally accepted my love for a woman of her size. having known i’d always preferred larger girls, they were a little surprised that i’d decided to ask the biggest woman i’d met to marry me. perhaps they expected a plump daughter in law but not a massively obese one. my best man, again had known i was attracted to big women and initially been concerned at my love for a woman of her immense size. but knew once i had decided she was the one for me there was no use trying to change my mind. her bridesmaids were 2 of her oldest friends. one was around 300 pounds and envied my bride her willingness to pile on more and more fat while she always seemed to bow to pressures to lose weight. the other was an average sized woman who my fiancée said used to be 250 pounds and always talked about putting back on the 100 pounds she had lost while in an abusive relationship. 2. we had made some specific arrangements for the wedding meal, 2 seats for my super wide wife of course and double portions of everything for her too. only the top table could see the amount of food she was being served and most knew or had accepted that she was the greediest person they knew. her friends always said to her that they thought she had a bottomless appetite. my best man’s wife was the only one who had not seen my wife eat before. she did a slight double take when she noticed the amount of food my wife had been served. i heard her say to husband ‘why am i surprised, no wonder she’s that big’. she just raised her eyebrows when my wife’s black forest gateau was brought out, she had a whole quarter of the cake. i left her half mine too. after the mildly embarrassing speeches where my wife’s size was only alluded to by me, ‘hope you all have a whale of a time’. as we got up for our ‘first dance’ she whispered to me ‘how long till the buffet?’ i just grinned and she giggled. there were a few shocked faces when the song we were going to dance to started: ‘hey fatty bum bum, your sweet sugar dumplin’....never let your big size fool you, no not because your so big and fat, don’t believe i’m afraid of that’. i did most of the dancing, she mainly stood and swayed, sticking out her huge arse every so often and giving it a shake, patting her belly and her bum now &amp; again. both of us with huge grins on our faces. the song finished and after a stunned silence and a smattering of applause we hugged each other kissing deeply. the next song started and, holding hands, we left the dance floor. ‘i’m exhausted! you couldn’t go see if there’s any gateau left could you? just to keep me going until the buffet?’ returning from the kitchen with a half gateau i found my wife sat with her mother. i handed her the plate &amp; fork, her mum smiled and said ‘no need to worry whether my little girl is going to get looked after.’ we both watched my wife greedily shovel cake and cream into her mouth. in the next 2 hours we polished off a bottle of champagne and i got two more halves of gateau. my enormous bride leaned back, hands resting on her bloated gut, eyes half closed, a smile on her lips. ‘i love you so much’ i said, ‘i love you too, i’m so happy’. ‘i’m looking forward to our honeymoon, dying to watch you waddle around in bikinis and swimsuits’ ‘me too, flaunting all my beautiful blubber in the caribbean’. ‘sweet sugar dumpling’ i said and leaning over kissed her and stroked her huge soft belly. ‘ladies &amp; gentlemen the buffet is now open’ the dj announced, i looked at my enormous bride and raised an eyebrow, she grinned ‘i’m not sure i could eat another thing’. i gently rubbed her blubbery gut with my fingers and raised both eyebrows, ‘well maybe just a plate or two’ she said softly ‘but only if you get it for me, all that dancing!’ i kissed her plump jowl and chucked her flabby double chin. ‘anything for my beautiful wife’ i whispered. returning with a plate each for us, piled high with sausage rolls, pork pies and potato salad her bridesmaid was sat by her and they were both chuckling. ‘what are you two laughing about?’ i said sitting beside my wife, ‘just reminiscing about school’ she replied ‘when we used to spend all our pocket money on sweets &amp; chocolate and try to outdo each other by eating the most.’ ‘sounds like fun’ i said handing my wife her plate of food. her feeling of being sated obviously gone. ‘your wife always managed at least 2 or 3 more chocolate bars than me, i thought she must have a bottomless belly’, i patted my wife’s bloated belly ‘i believe she might have’. ‘it just takes so much to make me feel anywhere near full’ my wife said biting a pork pie and stuffing a forkful of potato salad into her mouth. we all chuckled. i noticed my best man’s wife staring in what looked like disgust, i knew the sight of a massively obese woman at ease with herself and gorging on calorific food repulsed some people. i had finally realised the bigger and fatter a woman was the more feminine she was, all those extra curves. having to help a massively fat woman do things her size hindered her doing made me feel more worthwhile, more needed. as my wife finished her plate of food her bridesmaid friend winked and said ‘shall we try another plateful?’ ‘if you think you can manage it’ my wife teased. i grinned at the thought of my gluttonous wife in an eating competition at her own wedding! four platefuls of pastry and potato salad later my wife decided she’d had enough, she’d managed 2 more platefuls after her bridesmaid gave up and sat there cradling her belly. my wife said ‘i could squeeze another one or two pies in?’ her friend gasped ‘you win!’ i squeezed my wife’s chubby hand and kissed her cheek. ‘my great, big, fat, greedy piggy’ i whispered, she purred and gently kneaded her belly.",1
753300,"howdy, gonna tell my story and ask y'all if i could get an advice! (i'm 17, shes 17 ;p) right, i've created an account because i wanted to ask y'all about something.i'm fairly new to reddit so please don't mind if i do something wrong :p also, excuse my english because i live in a very small country in europe where english isn't needed. i've searched through a lot sub-reddits i guess thats what they're called but i think this is the best one. during middle school i really liked one girl, she was my first crush right but i was just very shy to say my feeling to her.we always smiled at eachother, i would usually help her on an exam and yeah just acting like a nice guy ^_^ her friends kept telling me that she kinda had a crush on me too, but i was like (i can't say that i like her too.. shyness level too high!) and i had to say that i liked one other girl.. yes i know very dumb. there was that one moment where she kissed my cheek while we were heading back home but you know just as 'friends'. as time passed i thought she didn't care anymore and she had few boyfriends but they were always acting like jerks.. in the final year of my middle-school, i was thinking to finally make a move but.. my mom got sick and she got rreast cancer.my parents are divorced, and i had to take care of my mother..my father was a jerk and i've seen him only once or twice and didn't want to help.at that time, my dream was to become a soccer player and i recieved an offer from a club to play for them but sadly i had to decline it because of my situation back at home.i got into depression and started to eat a lot.. like crazy and i got overweight..it was a very difficult year for me, i didn't go outside and just stayed home. enough with my depression, i can write a lot more but that would take me a lot of time! my mother got cured and no longer had the cancer which i believe was back in 2011 can't really remember, bad at memorising! happiest day of my life! for these past 2 years i've been working hard on my diet and lost a lot of weight and i'm still planning to lose weight! let's go back to that girl shall we? :) i'm in high-school now, 3rd year and we go into seperate schools.she lives very close to me now, like few buildings away and i saw her yesterday with her friend and she was still the same.my feelings got back, and because of my problem with shyness, i smiled she smiled i said hey she said hey and that's it. what should i do? should i finally overcome my fear and ask her out for a nice talk? i'm still scared because i'm very shy when it comes to these things... well that's it i'm hoping that someone will actually read the whole thing and say your opinion/advice. i know that some of this stuff doesn't belong in this sub-reddit but i had to write it somewhere.. thanks y'all have a good one!",1
127423,"[progress update] 8 months of lifting. (pics) **progress pics** [here is my progress album [warning: dude in underwear]](http://imgur.com/a/bojcd) in advance: older uploads i cared about hiding my face. now i don't really care so i've stopped blurring my face. edit: someone asked for clothed comparison photos. they can be found here if you're interested: http://www.reddit.com/r/fitness/comments/1luihn/progress_update_8_months_of_lifting_pics/cc38yvv --- **the story** this is an update to the progress post i made [here](http://www.reddit.com/r/fitness/comments/1ga3tc/progress_thanks_rfitness_6_months_from_skinnyfat/). prior to 8 months ago i had always weighed in the 160ish pound range. then i got a full time job last year, started drinking more and eating less and less healthy. in december i weighed myself and i was about 175. the heaviest i've ever been. i had just broken up with my girlfriend of 4 years and figured there's no time like the present to start working out. didn't even wait until new years to make it my resolution. i'm posting this now because i am officially the same weight that i was when i started this journey. it just seems oddly fitting since the last time i weighed 175 i was thinking i need to lose weight but now when i see 175 i'm thinking that i need to gain weight. **goals** in the beginning i just wanted to look better. i could pinch more fat on my body than i ever could before so i wanted to lose that and gain muscle. i've learned a lot since then and i reevaluated my goals after posting my last progress update. i still want to look good but strength and size is my focus while trying to stay as lean as possible. --- **my stats:** * 23m / 6'1"" * weight: 175lbs -&gt; 167 -&gt; 175lbs ***these numbers vary slightly (on the lower side) from other posts i've made. this is because i only got a scale in the last month and a half or so. prior to that i'd only weigh myself in the middle of the day, fully clothed. now i weigh myself right after waking up and after peeing in just underwear. so i adjusted my previous estimates to about what they'd be under the same conditions. if anyone cares, i now weigh 181 under the old conditions. **my lifts (in pounds):** * squat (1x5): 85 -&gt; 295 * deadlift (1x5): 145 -&gt; 345 * bench (3x5): 85 -&gt; 190 * press (3x5) 65 -&gt; 120 * barbell row (3x5) 85 -&gt; 160 --- **my diet:** ***first 4 months:*** not very strict at first. got my about 170g of protein in per day and ate at a slight deficit. everything was pretty clean though. ***months 5 and 6:*** i got more strict about my diet. still didn't count macros but made sure to get enough protein. i pretty much ate at a deficit on non-lifting days and a slight deficit on lifting days. i didn't count every single thing but at the end of month 6 i did an about 800 calorie deficit which wiped me out like crazy. lifts all hit a wall and i had to nap in the middle of the day to survive. i did lose some fat though. ***months 7 to now:*** started using myfitnesspal to track everything. everything. learned i wasn't getting enough fat in my diet and learned that i was probably eating way too little in the first 6 months. a little over a month ago i started doing a clean bulk at 3000 calories a day. i get about 110 grams of fat, 190 grams of protein and the rest i eat whatever i want. [here is a link to my weight and calories tracked over the last 6 weeks or so](https://docs.google.com/spreadsheet/ccc?key=0atrc2ywjymnndfdcyv9nuejyaeljtzhqmnf0amxidke&amp;usp=sharing) --- **routine:** i started with stronglifts 5x5 and about 3 months in switched to 3x5. for some reason i stopped doing rows for a while but added them back in a couple months ago. at about 4 months i added some completely random accessory work. curls, planks, dumbell flyes, lat raises done randomly at the end of workout or in between days. after making very slow progress between months 5 and 6 i reevaluated my goals, diet, and routine. so for the last 6 weeks i've been doing this and making good progress: ***monday:*** * squat (1x5) * bench press (3x5) * barbell row (3x5) * weighted pull ups (3 x failure) * dumbbell curls (3x10) * kneeling crunch pulldowns (not sure what these are called) (3x10) ***wednesday:*** * light squat (3x5) * overhead press ( 3x5) * deadlift (1x5) * shrugs (3x10) * lat raises (3x10) * front raises (3x10) * upright rows (3x10) ***friday:*** * squat (1x3) * bench press (3x5) * barbell row (3x5) * weighted dips (3 x failure) * tricep extensions (3x10) * dumbbell flys (3x10) * dumbbell curls (3x10) * kneeling crunch pulldowns (not sure what these are called) (3x10) ***cardio:*** i bike a lot. it's not on any set routine and i don't do it to add to my fitness goals. just figured i'd mention it since it is a factor. usually about 80km every weekend. and i aim to eat exactly what i spend in calories. for instance the day i biked 160km (100miles) i ate something like 6000 calories for the day. --- **what i've learned:** i've certainly had my share of missteps but here is a quick list of things that come to mind: * count every calorie and eat a lot. i wasted about 2 months not progressing at all * if i had my time back i would have bulked from the start. * get a food scale asap * find a routine and stick to it. stronglifts is a great program to start with in my opinion * learn to love lifting. it will start out interesting then become a chore. power through and it will become part of your life. * log everything. trust me, it might feel like you're spinning your wheels but if you write everything down you can look back and see how far you've come. * [edit: bonus lesson] every step you make doesn't have to be in the right direction, just most of them do. **going forward:** my plan is to continue to slowly bulk until i'm 200 pounds and then cut back down to 190ish and be a little leaner than i am now. that is going to take about 45 weeks by my estimates. i'll see how it goes along the way i guess. a shorter term goal of mine is to press 1 plate, bench 2, squat 3, and deadlift 4 for reps. once i do that i'm thinking that i will switch to a more focused bodybuilding split. maybe 4 days a week. or even phat at 5 days. **thanks** thanks everyone on this subreddit for completely redefining what i thought a reasonable goal even was! you guys are great. it was posts like this that inspired me in the first place, so hopefully someone out there gains something from this.",1
812596,"hurt my rotator cuff and hip flexors, need a few months to recover; decided to go on an if cut. advice needed. (this is a long one.) in the last few months, i've made some incredible gains after hurting my back. here are my numbers (in lbs): * squats: 95 - 225 * deadlift: 250 * straight legged deadlift: 135 * ohp: 140 * barbell row: 110 * bench: 175 * clean: 140 here is the shitty news: my rotator cuff is done. like, virtually done. i was in the gym today doing ohp, and couldn't finish my last set without my shoulder failing on me. no problem, decided to do squats. lately, my hip flexors have been *really* hurting me. really bad. it's to the point where i failed a rep at 245, and dropped the bar on the safety rails. my shoulder and hip flexors hurt to the point where virtually all of my lifts are painful, including curls. that said, i'm taking a month out of the gym to heal. if it doesn't heal in a month, it might end up being two months. i'm **25 years old, 173 lbs**. however, i don't want to stop working out. i've made incredible gains in the last few months (4 months), and i finally filled out my body a bit more than usual. unfortunately, i cannot lift at all while starting my cut for obvious reasons. and since i put on a bit of fat, it'll be worthwhile to shed some of it off. **if you don't care about details, skip to here.** **so here is my plan:** hiit with my weighted vest on an if routine starting sunday. recovery day on saturday, and an ""easy"" day on wednesday to help my body along. eating window will be from 12 pm to 8 pm, obviously i'll be using caloric management, and i'll be focusing on my macros so i can limit my muscle loss from using cardio to lose weight. i have a bit of a core now that it has filled out, and i feel like if will do very well to fill me out. after about 8 weeks, i'll start incorporating the gym again during my cut, and just lift as heavy as i can (probably about 80% of my maxes). nutrition will be clean, and i'm still not drinking booze, eating refined sugars, or simple carbs (i'll have to cut out carbs as a whole at one point). is there anything i am missing? any tips or tricks from those of you that have done if? anything you've noticed that works better than my plan (14/10 versus 16/8, or one day fasts versus 7 day fasts)? any details that i haven't listed that i should be focusing on? i've never done if, but this isn't my first time losing weight. i do however have a better understanding of nutrition (macros) and that's a powerful tool in my arsenal. thanks guys, and happy lifting! mahalo.",1
512303,"""as a portly woman plodded ahead of him on the sidewalk, the obese mayor of america's fattest and unhealthiest city explained why health is not a big local issue.""",1
616536,"bruised from behind [crocodile] [wolf] [gangbang] [orgy] [big ass] [gay] [oral sex] [anal sex] [twerking] [stripping] he shouldn’t have been out so late. neon lights flickered across all sides of the district until they disappeared over the horizon. their harsh red glow illuminated the pitch black path in favor of all those still lurking nearby. alleyways led into never ending corridors of darkness where those who hid from the sun lurked. yet one lone reptile strolled through the streets and kept his hands tucked in his pockets. his eyes were locked straight ahead, never glancing anywhere else. he didn’t need to. the faint rustling of the nearby trash cans and passing cars were enough for him to bare his fangs at anyone stupid enough to surprise him. when the reptile approached the faint orange hue of the local fast food establishment, he sprinted towards the light. the lizard man licked his lips and freed one hand to rub his stomach. by day, he stood guard outside of many of the buildings within the district with a smile. standing seven-feet-tall and decked out in a dark leather jacket alongside a matching pair of black jeans, the bouncer best known as bruiser stood his ground eight hours a day. he hiked his tail high while working, however when night time arrived it dropped past his toned thighs. no longer was he above the other animal citizens that passed by him everyday. now he walked the world as another poor, albeit tall, nobody shriveling his nose at the fetid fumes of the boonies around him. those same foul mists soon gave way to a ripe odor reeling from the front door opening up. bruiser’s brow jumped as he saw somebody standing outside. heartbeats rang in his puny ears followed by a round of applause from behind. his arms pumped forward and back every step he took. they collapsed to his waist when bruiser froze upon seeing the stranger lock the door before arriving at his puffed up, boxy chest. “whoa whoa whoa, there’s no chance in hell you’re closing now. what’s going on?” bruiser snapped his finger at the employee and leered his head at them. rather than flinch or even look at him, the stout fox maintained a straight face and strolled towards their car. “we’ve started closing an hour earlier because of some clown getting into a lot of shit.” they stated. as they unlocked the front door, bruiser placed his hand on their shoulder and turned them towards him. gazes locked together with hot puffs of wafting against the fox’s neck. their small, lazy grimace didn’t shift, nor did their slanted eyes widen. they’d seen men like bruiser before come in all the time. if anything, they’re surprised he hadn’t robbed them by then. “what kinda shit are you talking about?” bruiser snarled. nonplussed, the fox pressed their finger on bruiser’s snout as their droll tone deepened. “a lot. of shit.” with those four words said, they turned on their heel and entered their car. doors locked behind them as they gave bruiser a second look, glancing at his hips before turning to his reddening face. “also this is just me speaking, but you should probably hold off on anything fattening for a while. it looks like it’s going straight to your thighs.” bruiser stalled in place as the fox drove off into the night. they left him behind in trails of dust that gradually faded away. it’s when they completely disappeared that he scowled and stomped his foot. he growled at the rocks digging into his heel, yet he continued to stare at the streets. given the extra height bruiser had over them, he should have kicked their ass in regards to their attitude. his nerves popped within his neck at the thought of having them underneath his foot. in the end, however, bruiser took a deep breath, folded his arms and returned to the sidewalk. there were better hills to die on than trying to beat up someone working under minimum wage. trudging through the streets left bruiser mumbling curses beneath his breath. he came to a bus stop and placed his leg on the bench. the comment regarding his thighs lingered in his mind. bruiser stroked it using his hand then groaned as chunks of fat oozed through his grip upon squeezing. knuckles whitened before letting go. his snout creased upward as he gazed back to find his round, supple ass staring at him from the reflection of a window. it stretched out his denim waistband as if his clothes were painted on him. a thin outline started at his crack and disappeared around the center of his cheeks. since he reached his early-20’s, bruiser’s lower body grew to be wider than most guys he knew. most of his fat went to his hips and especially his butt. it’s how he outran most of his contemporaries on top of being why the few girls he brought home tended to knead his cheeks rather than him pleasuring theirs. women in general never seemed to stop staring at him. even now, bruiser’s teeth chattered thinking about his first time having someone grab him from behind; nails tickling his crack then towards the middle of his cheeks. he jolted up in place and shook his head as the images of that night returned, then looked both ways twice. “fuck, i gotta go home…” bruiser grumbled. tightening his belt by another notch, he continued his path back to a less downtrodden world. he stared at the ground and balled his hands into fists. the clapping he heard earlier grew fainter despite his legs quickly stepping in front of the other. perhaps he could stop by the club to get one small job in. he turned the next corner as he mulled over the thought, tempted all the more when a sliver of his ass crack protruded through his pants. then a faint whistling tune played over the urban playground around him, bringing bruiser to a stop. it didn’t take long to have him bring his fists to his chest and for him to inspect the alleyway to the east. there laid a soft pair of dark-red eyes that glowed the farther they approached. bruiser kept his back aimed against the street as his leg spread backward. only when his enemy appeared did he bring his arms closer to him, taking in the view of this new stranger. compared to bruiser, the stranger came a few inches shorter than him, yet his shoulders were much wider. thick, girthy muscles covered in gray fur made up the majority of their otherwise slender body. like bruiser, their snout was upturned, although the stranger’s ended in a black nose at the end. a thin, burgundy coat complimented the dark-blue jeans below. it made the view of their grime-coated claws twitching at his hips easier to follow, yet that made the sight of their huge, blue-eyed, scruffy face all the more jarring. they flashed a dopey grin at bruiser as they leaned beside the wall, where they revealed a chipped front tooth contrasting alongside the rest of their mouth. “well hello there, big fella. didn’t expect to see anyone other than my buddies hanging by here.” the stranger’s pupils dilated as he snickered. “you seeing someone special? or are you looking to be someone’s special somebody?” paws tapped against the cement as bruiser lowered his arms and scoffed. wolves were common at night. he’d encountered plenty of them coming through whenever he worked on the clock. nevertheless, he kept his stance spread despite neither of them moving. seeing the wolf smirking upon looking at his hips told bruiser everything he needed. “i’m not a gigolo, pup.” bruiser grunted. “now listen well and listen clear: fuck off. messing with me is a stupid mistake.” bruiser snarled and took another step toward the wolf. his growls deepened the closer he tightened the distance between them. that’s when the wolf’s back arched inward, and he raised the palms of his hands in front of himself. “well, fine, if you don’t want my money!” the wolf kept his arms in front of him, yet he roared back at bruiser. small breaths wafted past his nose as he stepped deeper into the unlit alley. “me and the boys were gonna take turns being the entertainment tonight, but then i couldn’t help seeing you here and thought you might wanna help.” “you mean have you and your friends help yourselves to me?” bruiser pointed to himself and cocked his brow at the wolf, who grimaced at him. “sheesh, you’re touchy. i’m not trying to be mean,” the wolf quipped, “i just thought you’d like to help us unwind. maybe do a dance or something? you don’t even gotta take off your clothes for it.” “i’m not running a charity either.” “who said we weren’t looking for free work? we’d be happy to pay you!” the wolf’s words had bruiser pausing. he watched him smirk as bruiser himself leaned back on the streetlight and tapped his foot. what were the chances of him being ganged up on should he follow a stranger into a narrow passageway he never went into previously? assuming the rest of the pack were the same height as the winking bastard standing right in front of him, bruiser’s nerves settled. his breathing slowed to crawl with his nostrils no longer flaring. there’s no chance in hell they would be able to overwhelm him should they try anything. even now, bruiser fixated on the wolf’s lanky muscles, then back to growling stomach bellowing at him. as he gnawed at his lip and rubbed his gut, a soft snicker could be heard on the other side. bruiser’s claws pierced his shirt as he glared at the wolf. he wanted to say ‘fuck you’, yet his cramps forced him to literally bite his tongue. which was why he let out a sigh and approached the wolf whose smile softened when bruiser stepped foot in the shadows. “how much are you offering?” bruiser mumbled. the wolf snickered and rubbed his back; tail wagging feverishly behind him. “eh, we’ll see what my boss says. getting frisky helps drive attention where we run.” turning on his heel, the wolf extended a finger at bruiser as he headed north. faint glimmers of moonlight revealed a murky passageway leading to a secluded corridor by a dumpster. “c’mon! we ain’t getting any younger.” in spite of his better judgment, bruiser cracked his knuckles and sprinted after the dusky wolf. he leapt across trash, sneering at the discarded waste in his wake. there was a point where clumps of rotten goulash laid in front of a dumpster and bruiser came to a halt. his already mossy green face deepened at the sight. thighs buckled together before he shook his head and pounced over the trash, with his mouth clamped shut. only the wolf’s light fur helped guide bruiser as he wiped his feet on the wall. to think there existed a shittier life outside of the underground. when bruiser and the wolf emerged from the narrow passageway, a wide empty circle greeted them. the coat-toting wolf’s tail wagged feverishly while bruiser kept his back to the wall. arms spread outward as his eyes surveyed the rooftops. it’s there he found lanky, elongated shapes shuffling amongst the clouds. they warped and drifted along the edges until they could no longer be seen. “well, heeeeey there! glad to see somebody showed up.” bruiser and the wolf jerked up to find the source of the voice above. they sounded awfully raspy, yet the wolf snickered hearing them. not bruiser however. he simply coiled his head back while his associate ran at them. “smokey! buddy! looks like i’ve been spared from being the entertainment for the night.” the wolf laughed. the voice in the rooftops wheezed before the sound of metal smashing into something went off, prompting bruiser to jump. he shuddered to himself as shadows moved along the walls and behind the corner near his acquaintance. “ah! good thing you did calamine!” admonished the gasping wolf. “i’m getting too old to be giving head anyway.” the corner of the ring rustled beside calamine. he sprang at the front with bruiser receding within his leathery coat. beyond west of where he rested were the occasional glimpses of cars passing by. bruiser massaged his tongue between his teeth. before he could think over what might stop him from leaving now, the answers appeared in the form of nine other wolves that strolled together in a single wave. each of them followed calamine behind as they and bruiser inspected one another. his once furrowed brow lifted higher when the gang approached a light source. none of them were any taller than calamine, yet they differed in shape. three wolves were moderately boxy on top, one of them was hunched over with a cane, and the remaining trio’s bodies remained hidden behind cloaks. it’s the wolf wearing a cane that had bruiser staring the most. he kept his thighs crossed together as he winked at bruiser before nudging calamine who stepped beside him. “so little calamine, who’s your buddy over there?” the cane-wielding wolf pointed at bruiser using his cane, then held calamine’s hand. his feet clutched the ground as two of the top-heavy wolves leaned him upward while calamine directed him to a nearby chair. “that’s my replacement for tonight mr. smokey. ya know, if that’s okay with you.” calamine set smokey down on the chair and flinched upon being smacked in the head. he rubbed his forehead as smokey turned his head at bruiser and gazed towards hips, blowing locks of long, silvery hair out of his eyes. “well, let’s just see.” smokey replied, raising his hand to his mouth. “hey baby! what kinda services are you offering?” bruiser shifted his body so that his chest kissed the wall. he glared over his shoulder and presented his wares by bucking his hips at the crowd. “my ass, that’s what!” bruiser pointed at his cheeks and scowled at the gang. his eyes scanned everybody else’s to find them huddled next to each other. within seconds, two wolves erupted in a jarring fit of laughter while another pair rubbed their crotches. a tint of red blossomed across bruiser’s cheeks, yet he kept himself on display. smokey himself leaned closer in his chair and rubbed his chin. judging by how far bruiser stuck his ass at them, each cheek alone seemed to be larger than his own head. those shapely hips, while not extending past his upper body, were still much wider than anyone else he knew. he kept his gaze fixated on the center of bruiser’s ass where he dragged his index finger across the arm of the chair. so much time had passed since smokey last allowed somebody else to pleasure him and his boys. he massaged his crotch between his stocky legs and fished his wallet out within the pockets of his dark blue robe. lips curled as he saw the money pop out of the top, revealing over a thousand dollars which stretched the leather confines beyond their capabilities. it was more than what smokey needed, yet just enough to keep bruiser throughout the rest of the night. “alright, i’ll tell you what: if you can entertain me and my boys by shaking that fat ass of yours, i’ll give you a hundred dollars on the spot.” smokey raised his voice as he extended his hand to bruiser, revealing wads of cash in his grip. “and maybe if you do really well, i’ll throw in a couple tips! provided you can handle some other assignments, that is.” his ass still aimed at the audience, bruiser shut his eyes and took a deep breath. that much money could afford a round of groceries at best, though the prospect of the future kept shaking. he didn’t live in a better part of the city than the wolves did. there were too many chances of his food getting stolen, especially if he lacked the income to back it up. bruiser kicked at a pebble, then glanced at smokey. he knew what needed to be done. “alright, i’ll do it.” he said. “but don’t expect me to twerk until sunrise.” “oh trust me, i think you’ll be doing a lot more other than dancing.” smokey snorted and handed a lighter to calamine. he watched as he lit a fire at the center of the ring, thereby granting everyone a better view beyond what the moonlight provided. the rows of sharp fangs illuminated by vibrant shades of orange were enough to keep bruiser at bay. a familiar cold flush washed over his body. so many people sat in front of him waiting to be entertained. bruiser took one last look at where the streets resumed before his stomach roared again. his nerves twisted themselves every second he kept stalling. he snarled at the concrete, then licked his lips. given the circumstances, he stood no chance of leaving whatsoever. bruiser kept his back at the wolves and split his legs apart. muscles tensed then popped as he wrangled his arms around in circles. he spaced them apart by his hips and wiggled his ass side-to-side. it bobbed at the slightest movement before bouncing when he swung his lower half up. if none of the wolves could see bruiser twerking before, they certainly heard him courtesy of the gentle clapping he caused. small whistles accompanied bruiser’s beat. calamine’s jaw became agape while the rest of the wolves leaned further. some of them stuffed their hands inside their pants and massaged their cocks between their fingers. smokey himself crossed one leg over the other. when bruiser assumed full-squatting position, the tip of his tongue protruded through his mouth. he flicked it at the leader of the wolves and smacked his right ass cheek, sending ripples throughout. at that moment, calamine howled as the wolf to his right began applauding bruiser. not that he cared. he kept his eyes to the wall, yet craned his head back far enough so that his audience didn’t leave his sight. that way he saw smokey occasionally fixated on the ground rather than the slut shaking his ass before him. bruiser clutched his kneecaps and arched his back outward. he rattled his fingers against himself as his cheeks continued thrusting. hearing calamine and one additional gang member cheering wasn’t enough to keep his focus off smokey’s pursed snout. pulses rang feverishly while his hips cramped. he needed to make the audience go wild lest he starved and he needed to do something now. hence why bruiser gave his ass another slap and paused. he kept his knees pointed at the ground, yet he turned his head to smirk at the wolves who stalled in their seats. calamine and his friend’s applause simmered as they drifted back in place. they stared at each other, then found bruiser over presenting his ass to the crowd. the palms of his hands glided across his plump thighs. bruiser purred before stopping at his cheeks. it’s a matter of lifting them from beneath the undersides, then removing his belt and throwing it to the side. that way when his thumbs hooked below the waistband, nothing stopped him from presenting his next attraction. bruiser drew a long sigh and pulled his pants down far enough to reveal his round, plump, scaly ass to the wolves. he hiked his pants beneath the cheeks, leaving them hiked up for them to see. the immediate spark had them wobbling sporadically, with calamine being the first to smile. jaws went slack as bruiser stuck his ass in the air and wiggled his hips. he kept his head hung down low and watched the rest of the crowd’s start cheering other than smokey’s whose eyes shot open when bruiser spread his cheeks apart. hiding deep behind his jacket, bruiser blushed profusely yet kept his asshole exposed. its soft, pink center stared back at smokey and his bandits to their ravenous applause. some clapped for him while others dug their hands inside their pants; thighs buckling together. hot breaths wafted from their lips as bruiser closed his cheeks then pulled the rest of his pants down to the ground. his ass bobbed from side-to-side until he kicked his jeans aside. each of his legs were inches apart as he arched his spine inward and his naked hips to the wolves. only his leather jacket and white shirt stayed on his body, ensuring nothing else could distract them when he resumed twerking. bruiser’s balls slapped against his leg as he rubbed his sore stomach again. the ripples that jiggled off his ass were beset by what sounded like thunder rippling in the alleys. he cocked his head behind his shoulder and glared at smokey behind the orange glow around him. never at any point did he break his gaze to wipe the sheen of sweat that clung to his forehead, even as his chest constricted within itself. more than ten minutes passed since he arrived and the audience refused to stop screaming. they cried over bruiser’s gasps as his legs buckled under the weight of his ass. it was when the tip of calamine’s cock poked through the gap in his pants that smokey slapped him against the back of his head and smirked. he too rubbed the lump growing at his thigh as bruiser licked his lips, finally encouraging him to stand before his fellow wolves and take command. “eeeeeeenoooooooouuuuughhhh!!” smokey’s raspy, shrieking voice cracked, however it ushered everyone into stopping. jitters ran across bruiser’s spine as he stumbled to his knees. the rest of smokey’s gang closed their eyes and grit their teeth before smokey began coughing, leading calamine to put his arm around him before being shooed away. “ack, ack, ack! ugh… relax kid, i’m good.” smokey rubbed the back of calamine’s head then turned his attention to the still bottomless bruiser. he kept one hand at his crotch and strolled towards him in-between breaths, finally ready to speak again. “and you’re a natural! i’m surprised i haven’t seen you at any of the clubs. you’d make more money if you started shaking that booty for more people.” bruiser blinked twice and folded his arms; lips creasing into a pout. “like i told your buddy, i’m not a gigolo. i’m desperate. do you have the money on you or not?” “oh, i do, don’t you worry your pretty head about it.” smokey patted his pocket as he turned to face bruiser snout-to-snout. his breath reeked of cigarettes and wine, yet bruiser didn’t budge even if his nostrils flared. creeps like smokey were expected in his line of work. “although, that show of yours got me thinking back on some other ways you could earn cash. if you’re interested, that is.” smokey bared his fangs and smiled while inching closer to bruiser, nonplussed about the bulge rubbing against his leg. rather than push him aside, bruiser gazed down at his crotch, then at his face. his smarmy grin stretched across his cheeks at the sight of bruiser sneering. it’s enough for him to ball his hand into a fist, however bruiser kept it at the side and crossed his arms. that nobody attacked him gave him the comfort needed to speak. “alright, what did you have in mind?” bruiser asked. smokey snickered to himself and stepped back. arms disappeared within his robe, to which it then fell to the side in favor of a dark pair of boxers underneath. already, bruiser groaned seeing where the lump resided. it didn’t take a genius to understand what smokey wanted, and still bruiser let him continue pulling his underwear off before letting them join his pants on the grimy floor. when smokey unveiled his surprise, bruiser blushed yet kept himself collected. his crimson-red cock extended out at him, complimented by a large pair of balls underneath. it must have reached eight inches at best though it showed no signs of shrinking while smokey glazed his hand across it. locks of fur split apart at his claws combing them aside before he gripped it in his hands. smokey licked his lips and sniffed bruiser, who remained stone-faced throughout the ordeal. “so, i’ll tell ya what: if you can handle taking my load in your mouth, i’ll up your reward by an extra four hundred dollars.” offered smokey. “or you can walk away now with just a hundred bucks. what say you, big man?” fuck you. those two words stalled at bruiser’s mouth until he saw smokey reach into his pocket and present the wad of cash to him. he stared intently at his offer, then looked towards the rest of smokey’s bandits as they grinned back at him yet continued to keep their hands in their pants with the exception of calamine. the tip of his crown stayed hidden in the darkness, however its dull, faint glow could be seen by the nearby campfire. it made bruiser shake his head and scoff. at the very least, calamine’s restraint was appreciated above all else. then bruiser came to a pause at a sudden realization upon inspecting the lustful wolves sitting patiently. if one of them were willing to give him money in exchange for being given head, what stopped him from seeing if the rest of the gang didn’t feel the same way? shades of green danced in the corner of bruiser’s eye as pondered to himself. he rattled his claws and exhaled sharply before facing smokey with a look of indignation. “i say i wanna raise the stakes a little.” bruiser affirmed. “i’ll swallow my pride alongside whatever you pump down my throat. and if i handle that just fine, i wanna make the rest of your pups happy too. so long as they’re willing to pay, that is.” a collective “ohhhhhh…” echoed behind them with smokey putting his money to his mouth. he smirked at bruiser and patted his scarred hip, only stopping when he snarled at him. “a tempting offer, big boy. although last i heard, you didn’t swing that way?” smokey’s brow jutted to the sky as bruiser stuck his ass to the crowd and smacked it. “well, i’m sure as hell swinging now.” bruiser squeezed his right cheek and groaned at the folds of fat that slipped through the gaps in his fingers. nobody behind him bothered to resist their instincts. calamine squealed while unbuttoning his pants, freeing the throbbing cock he hid since he saw bruiser’s fat ass outside. “if you’re done yanking my chain, i’m ready to start sucking yours. deal?” smokey nodded along and rubbed his dick. “deal. but you still gotta suck me off first before you get to my boys. i wanna make sure you can withstand everything until you get rewarded, ya know?” kneeling in his presence, bruiser gagged at the musky scent before nodding his head. he asked for it, now he had to prove it no matter the cost. “yeah, i know too well.” pressing his lips onto the tip of smokey’s cock, bruiser kissed it softly and shuddered. he hadn’t given somebody a blowjob in years, much less a stranger. and viewing the distance to where the dick started and where his hairy crotch ended gave bruiser chills. what smokey lacked in girth he more than made up for in length and especially in intensity. the vein that pumped furiously along the member thickened as bruiser licked the crown and held his mouth around it. smokey’s breath hitched the longer bruiser held his place. his tail wagged behind him before he placed one hand on the back of bruiser’s head and kneaded his scales so that the moment he took his cock whole, smokey could hold onto something. bruiser breathed through his jaws and inhaled smokey’s acrid scent. it’s then that he took most of his cock whole, leaving the rest outside. from there, he bobbed his head back at the slightest motion while pulling on smokey’s skin. moans could be heard under bruiser’s breath as his tongue massaged it. he started underneath the cock before working his way around the sides and reeling further; mewls intensifying at the touch. unshockingly, smokey’s dick proved to be much smoother than his, not helped by the lush amount of fur in front of bruiser. their short, bristle sprouts were spread across smokey’s legs and tickled bruiser’s hands the moment he massaged his inner thighs. lips pry apart as smokey burrowed his thumb into bruiser’s head and proceeded to thrust back against him. his pace remained slow, yet it’s bruiser’s groans that pushed him to shove his cock deeper within. looking down revealed tears beading at the corners of his eyes despite him holding still. it’s less the shame of the moment and rather the raw flavor that had bruiser’s pulses beating sporadically. the few seconds where his rows of tiny, sharp teeth risk grazing the dick were enough so that he popped his jaw open, lest he hurt him. in turn, it exposed bruiser’s nose to the familiar raunchy scent he knew over the last hour or so. nevertheless, that distracted him long enough to move in tandem with smokey who planted his other hand on bruiser’s head and sucked back on his drool. his toes curled into the ground as bruiser’s tongue flicked beneath smokey’s cock. it’s then that bruiser took his hands off smokey’s thighs in favor of his own. the flavor of salt hit his tongue in small intervals, oftentimes lasting several seconds until he tasted something other than mush. that smokey prodded his cock to the back of bruiser’s throat wasn’t helpful either. feeling it dip down ready to climax at any moment had bruiser clawing at his kneecaps. he pierced through his skin and drew a slow breath as one of the wolves chuckled. of all the things that made the moment pure hell, it was the knowledge of an entire audience taking their pants off behind him that brought bruiser’s blood to a boil. at best he heard them whimper, at worst he heard faint whispers surrounding him. unable to see what they were doing and with his field of vision absorbed by smokey’s silver-tinted crotch. bruiser extended a hand to smokey’s wrist yet kept the other to his leg. the world around him blurred as his nostrils burned. breathing anywhere other than his mouth had white oxygen dots sprouting across bruiser’s face. besides gagging on smokey’s dick, the ends of his neck jittered, struggling to swallow anything other than his drool. no growls nor groans could sway smokey to stop. not when the heart-shaped outline of bruiser’s ass illuminated below him. it swayed in the breeze as his tail drooped over his hip. the view of bruiser’s brightly blazed ass arose above him, ever so slightly bouncing to their movement. smokey cupped bruiser’s chin and howled. he didn’t say anything to him, let alone warn bruiser of what was to come. because when the hot sensation filled his mouth, smokey failed to notice until he caught a glimpse of something white emerging from bruiser’s mouth - something much thicker, yet warmer than his saliva. bruiser’s ass cheeks instinctively clenched at the taste. every breath he took led to another load of cum he had to devour, courtesy of smokey’s slack jawed face. he pushed bruiser closer as a second shot of semen blended in alongside the other. swallowing it left bruiser weeping at the end. it reeked of salt and especially of meat. against his better judgment, his tongue wrangled around the member and pulled on it one last time before he pulled back inhaling as much clean air as he could. there were still dried stains of semen that decorated the ends of his mouth. the flavor stuck to bruiser’s tongue, yet it’s smokey’s cackling where he shuddered at. he saw him leaking at the top, then clutching his cock and cumming a third time directly onto bruiser’s shivering face. if the tremors racing up his spine weren’t enough to break him, the cum that grazed the edge of his right eye did. bruiser locked gazes with smokey and growled as he casually extended a hand to the man who swallowed his load. his smile never faded. “well, i’ll be. i didn’t expect you to take two shots together.” smokey snarked. “where’d you get lungs like that?” bruiser wiped the rest of smokey’s cum off his face and grumbled. after exhaling through his nose, he lifted himself to his feet with smokey holding his hand during the ascent. “you can thank my last ex for helping me out there.” “oh, i certainly bet he did.” smokey said. “i didn’t say they were a guy.” smokey’s eyes perked. he gave bruiser an odd glance, then shook his head as he snatched his cock and forced it back into his underwear. “well, whoever you did it with, i’m sure they were very nice. now, how much energy do you got to spare?” “i could stand to go an hour ago longer, i guess.” bruiser remarked. “so, which of your boys wants a piece of me next?” “oh, you wanna know? well, let’s have a look for ourselves, shall we?” snapping a finger over his head, smokey smirked as calamine alongside the rest of his gang arose behind him. one by one, they unzipped their pants and let them fall to the floor; quick exhales drawing from their lips. bruiser’s brow pinched shut at what he saw behind smokey’s shoulder. just by what he could handle from him, expectations were roughly rocky in regards to what the rest of the rowdy rough housers were ready to reckon with",1
312082,"99-101kg! need help! how can i go further? hey /r/loseit, this is my first post here and it's a question about what i am doing wrong and how you guys could possibly help me out. so, i'm 1,79m tall, and i weigh approx 99-101kg. i was about 110 kg heavy and now completly changed my eating style and i do lots of sports. what i mean by sports is, every evening i go on the threadmill and i run around 100minutes. i burn around 1000calories everytime i go running. but now here is my problem, even though i run so much i seem to keep gaining weight :( its really frustrating, cause i put a lot affort in running. i eat 20-50gram carb, and mostly protein- and fatheavy food. i never eat after 6pm. i don't know why, but now, after i hit like 99kg i keep going back to 101kg and then back to 99kg... i never go further. i sometimes also lift weight. i could use help there too, how many times do i have to repeat ? (sorry for my bad english) like at the time i put low weights but i repeat 20 times, every sentence of lifting weights. is that wrong ? do i have to do the classic first sentence 10 repeats, second sentence 8 repeats and third sentence 6 repeats or how is that? again please excuse my bad english skills &gt;.&lt; i hope you guys can still help me out with this information. if you need any more information to help me, i can try to give you. thanks and happy new year guys.",1
219936,"despite being obese, my ""chances of suffering from obesity are very slim""",1
106588,"every unique word in the food lab by j. kenji lópez-alt, alphabetized (part 2 of 3) extremadura, extreme, extremely, extrude, extruded, exuded, exudes, exuding, eye, eye-remover, eye-round, eyeballing, eyes, ez, ez-peel, f-and-above, fabric, face, faced, faces, facial, facilitates, facing, fact, factions, factor, factors, factory, factory-farmed, facts, fade, fades, fagioli, fahrenheit, fail, failing, fails, failure, faint, fainting, faintly, fair, fairly, faith, faithful, fajita, fajitas, fake, fall, fall-off-the-bone-tender, fallacy, fallback, fallen, falling, falling-apart, falling-off-the-bone, falls, false, famed, familial, familiar, family, family's, famous, famously, fan, fan's, fanatics, fancier, fanciest, fancified, fancy, fancy-pants, fancy-sounding, fans, fantastic, fantasy, far, farberware, fare, fared, farm, farm-fresh, farm-raised, farmer, farmers, farmers', farming, farms, farther, farthest, farts, fascinated, fascinating, fashion, fashionable, fast, fast-, fast-cooking, fast-food, fast-twitch, faster, fastest, fastest-cooking, fasting, fat, fat-based, fat-cap-intact, fat-hating, fat-like, fat-loving, fat-smothered, fat-soluble, fatal, fate, fateful, fates, father, father's, fathom, fatigue, fats, fatten, fattened, fatter, fattier, fattiest, fattiness, fatty, fault, faulted, faultlessly, faux, fava, favas, favor, favored, favorite, favorites, favors, fear, feared, fearnley, fears, fearsome, feasible, feasting, feat, feathered, featherlight, feathers, feathery, feature, features, february, feces, fed, feed, feeding, feedlot, feedlots, feel, feeling, feels, fees, feet, feisty, feline, feline-canine, fell, fellow, felt, female, females, fence, fennel, fennel-scented, ferment, fermentation, fermented, fern, ferns, ferrous, fertilization, fest, festive, feta, fettuccine, fettucine, few, fewer, fiber, fibers, fibril, fibrils, fibrous, fibrousness, fibrox, fickle, fickleness, fiction, fiddle, fiddle-with-the-heat-as-necessary, fiddlehead, fiddleheads, fiddly, field, fields, fiend, fiercely, fifteen, fifth, fifty, fig, fight, fighter, fighting, fights, figs, figure, figured, figuring, filet, fill, filled, fillet, fillets, fillets', filling, fillings, film, film-like, filter, final, finally, find, finding, fine, fine-enough, fine-mesh, fine-textured, fine-toothed, fine-tune, fine-tuned, finely, fineness, finer, finer-hole, finesse, finest, finger, finger-licking, fingerling, fingerling-style, fingerlings, fingerprints, fingers, fingertip, fingertips, finicky, finish, finished, finishing, finn, fino, fire, fired, firing, firkin, firm, firm-fleshed, firmer, firmest, firming, firmly, firms, first, firstborn, fish, fish-related, fisherman, fishing, fishmonger, fishy, fishy-smelling, fit, fits, fitted, five, five-bladed, five-ingredient, fix, fixed, fixer, fixers, fixes, fizz, fizzing, flab-free, flabby, flaccid, flageolets, flake, flaked, flakes, flakiness, flaky, flame, flames, flank, flanken, flanken-style, flap, flare, flare-up, flare-ups, flared, flares, flash, flash-frozen, flashes, flashlight, flat, flat-cut, flat-headed, flat-leaf, flat-out, flatbread, flatbreads, flatiron, flats, flatten, flattened, flattening, flatter, flavor, flavor-building, flavored, flavorful, flavoring, flavorings, flavorless, flavors, flavorwise, flaw, flawless, flaxseed, flaxseeds, flea, flecks, fledgling, fleeting, flesh, flesh's, fleshed, fleshy, flexibility, flexible, flies, flimsy, flintstones-sized, flip, flip-cooking, flip-flopping, flip-friendly, flip-top, flipped, flippers, flipping, flips, float, floaters, floating, floats, flock, flocks, floodgates, flooding, floor, flopping, floppy, florentine, floret, florets, flour, flour's, flour-and-butter, flour-based, flour-butter, flour-thickened, floured, flouring, flours, flow, flowering, flowers, flowing, flows, fluctuated, fluctuates, fluctuations, fluff, fluffier, fluffiest, fluffiness, fluffy, fluid, fluids, fly, flying, foam, foaming, foams, foamy, focus, focuses, foil, foil-lined, foist, fold, fold-flat, folded, folded-in-half, folding, folds, folks, folks'll, follow, followed, following, follows, fond, fondation, fontina, food, food-borne, food-grade, food-handling, food-origin, food-safe, food-science, food-sciencey, foodie, foodies, foods, foodsaver, foodsaver-type, fool, foolishness, foolproof, foolproofing, foot, foot-long, football, football-shaped, for, foraged, forayed, forays, forbid, force, force-circulates, forced, forceful, forcefully, forces, forcibly, forcing, forebears, forefinger, foreign, foremost, foreshadowing, forever, forge, forged, forget, forgets, forging, forgiven, forgiving, forgo, forgoing, forgot, fork, fork-tender, forks, form, format, formation, formations, formed, former, formidable, forming, forms, formula, formulated, forth, fortunately, fortunes', forty, forty-two, forums, forward, fought, foul-smelling, foul-tasting, found, foundation, fountain, four, four-bladed, four-fifths, four-pound, four-rib, four-rib-bone, four-star, fourchette, fourme, fourteen, fourteen-year-old, fourth, fourth-grade, fowl, fox, fra, fractal, fractals, fraction, fractions, fragile, fragments, fragrance, fragrances, fragrant, frame, frames, framework, france, francisco, frank, frank's, frankly, franks, frantically, fraternity, fray, fraying, frays, freak, freakin', freaking, fred, free, free-form, free-range, free-roaming, freed, freedom, freeing, freelance, freely, freeze, freezer, freezes, freezing, french, french-fried, french-style, frenched, frenzy, frequency, frequent, frequently, fresco, fresh, fresh-churned, fresh-cut, fresh-from-the-earth, fresh-ground, fresh-squeezed, fresher, freshest, freshest-possible, freshly, freshness, fretting, frico, friction, friday, fridge, fridge-friendly, fridges, fried, fried-chicken, friend, friendly, friends, fries, frighten, frightened, frightening, frilly, fris, frisbee, frites, fritz, frizzled, fro, from, fronds, front, frosting, froth, frothy, frou-frou, frozen, frozen-mystery, fructose, frugally, fruit, fruitful, fruitier, fruits, fruity, frustrating, frustratingly, fry, fry-job-done-well, fryer, fryers, frying, fryings, fudge-like, fuel, fuji, fulcrum, fulfill, fulfilling, fulfills, full, full-bodied, full-fat, full-flavored, full-fledged, full-on, full-size, full-sized, full-strength, full-tang, fully, fumes, fun, function, functional, functionality, functions, fundamental, fundamentals, fungus, funkiness, funky, funnel, funnels, funny, further, furthermore, fury, fuse, fused, fuss, futility, future, futz, fuzzy, g-, ga, gadget, gadget's, gadgets, gain, gained, gaining, gains, gajillion, galaxy, galileo, gallo, gallon, gallon-sized, gallons, game, gamier, gaminess, gamy, gap, gaping, garage, garbage, garbanzos, garden, garlic, garlic's, garlic-anchovy, garlic-and-ginger-rubbed, garlic-and-olive-oil, garlic-bacon, garlic-chile, garlic-chili, garlic-flavored, garlic-herb, garlickiness, garlickly, garlicky, garnet, garnish, garnished, garnishes, garnishing, gas, gas-powered, gases, gasp, gateway, gather, gathered, gathering, gatherings, gauge, gauged, gauges, gauging, gave, gear, geeks, gel, gelatin, gelatin-rich, gelatinize, gelatinized, gelatinizes, gelatinous, gem, gemelli, gender, gene, genealogy, general, generally, generate, generation, generations, generic, generous, generously, genetic, genetics, genoa, genovese, gentle, gentler, gentlest, gently, genzano, geometric, geometrically, geometry, georgi, georgia, germ, german, german-style, germany, gesture, get, get-go, gets, getting, geyser, ghee, giant, giants, giblets, gift, gig, gigantic, gilding, gilette, gilette's, gilfoil, gills, gimme, gimmick, gin, ginger, girl, girlfriend, girls, girls', girls-college, girth, gist, give, give-and-take, given, givens, gives, giving, gizzard, glace, glacially, glad, glance, glaringly, glass, glasses, glaze, glaze-y, glazed, glazes, glazing, gleaned, glen, gliadin, glide, glistens, glittering, global, globe, globules, globulin, gloppy, glorified, glorious, gloriously, glory, glossy, glove, gloves, glow, glowing, glucose, glucosinolates, glue, glue-like, glued, gluey, glug, glutamate, glutamate's, glutamate-rich, glutamates, glutamic, gluten, glutenin, glycerol, gnaw, gnawed, gnawing, gnocchi, go, go-ahead, go-to, goal, goals, goat, goat's-milk, gobi, gochujang, god, god's, goddess, gods, goes, goggles, going, gold, golden, golds, golf-ball-like, gone, gonna, gonzo, goo, good, good's, good-bye, good-quality, goodbye, goodies, goods, gooey, gooeyness, google, googling, goonies, goopy, gooseberries, gorge, gorgeously, gorgonzola, gospel, got, gotta, gotten, gottlob, gouda, gouge, gouges, gourmet, government, government's, grab, grab-and-go, grabbed, grabbing, grabs, graceful, gracing, grade, grade'll, grades, gradient, gradients, grading, gradual, gradually, graduating, graduation, grail, grain, grain-based, grain-fed, grain-finished, grains, grainy, gram, gramps, gramps's, grams, grand, granddad, granddaddy, grandfather, grandma, grandmother, grandmothers, grandparents, granny, granton, granton-edged, granulated, granules, grape, grapefruit, grapes, grapeseed, graph, graphs, grasp, grasping, grass, grass-fed, grass-like, grasshopper, grassiness, grassy, grate, grated, grater, graters, grates, gratin, grating, gratins, gratitude, grave, gravel, gravies, gravitate, gravitating, gravity, gravlax, gravy, gravy-booster, gravy-covered, gravy-soaked, gray, gray-brown, grayish, graze, grazing, grease, grease-free, grease-stained, greased, greasier, greasiness, greasing, greasy, great, great-flavored, great-tasting, great-textured, greater, greatest, greatly, greatness, greedily, greek, greek-style, greeks, green, green-colored, green-leaf, greener, greenish, greens, greet, greeting, greets, gremolata-style, grew, griddle, griddled, grill, grill-nazis, grill-style, grilled, griller, grillful, grilling, grills, grim, grind, grind-size, grinder, grinders, grinding, grinds, grip, grippable, gripping, grippy, grips, gristle, griswold, grit, grit-free, grittiness, gritty, grocers, grocery, grooved, grooves, gross, ground, ground-meat, ground-up, groundbreaking, grounds, group, grouper, groups, grow, growing, grown, grows, growth, gruesome, gruy, gruyere, gu, guacamole, guajillo, guanciale, guarantee, guaranteed, guarantees, guard, guarnaschelli, guerilla, guess, guessed, guessing, guest, guests, guide, guidelines, guides, guilty, guitar, gummed, gumming, gummy, gums, gun, gunk, guns, gunsmithing, gurgle, gus's, gushing, gussied-up, gussy, gut, guts, guy, guys, gyutou, ha-ha, habanero, habaneros, habit, habits, hack, hacking, hacksaw, had, haddock, hadn't, hair, hairs, half, half-and-half, half-assed, half-centimeter, half-cup, half-gallon, half-moons, half-pint, half-pound, half-racks, half-teaspoon, half-trimmed, half-used, halfway, halibut, halkomelem, hall, hallmark, hallmarks, halloumi, halt, halve, halved, halves, ham, ham-like, hambone, hamburger, hamburger-shaped, hamburgers, hammer, hammering, hams, hand, hand-chopped, hand-chopping, hand-engraved, hand-forming, hand-hammered, hand-in-the-blender, handful, handheld, handily, handing, handle, handled, handles, handling, hands, handsome, handy, hang, hangar, hanger, hanging, hangover, hangs, hans, hans's, haphazardly, happen, happened, happening, happens, happier, happily, happiness, happy, harbor, hard, hard-and-fast, hard-boil, hard-boiled, hard-boiling, hard-core, hard-line, hard-pressed, hard-seared, hard-working, hardcore, hardcover, harden, hardened, hardens, harder, hardest, hardest-working, hardiest, hardly, hardware, hardwood, hardworking, haricots, harissa, harlem, harm, harmful, harmonious, harmoniously, harmony, harness, harold, harried, harrissa, harrowing, harsh, harsher, harvard, harvest, has, hash, hasn't, hasselback, hassle, haste, hasten, hastening, hastens, hasty, hat, hatch, hate, hated, hater, hates, hats, haughtiest, haul, haunches, haunting, haute, havarti, have, haven't, having, havoc, hazan's, hazard, hazelnut, hazelnuts, hazing, hazy, hdls, he, he'd, he'll, he's, he-man, head, head-injury, head-on, head-to-heels, headache, headaches, headed, headfirst, heading, headless, headnote, headquarters, heads, headspace, health, healthier, healthy, heap, hear, heard, hearing, heart, heart's, heart-healthy, heart-warming, hearth, heartier, heartily, heartiness, hearts, hearty, heat, heat-, heat-distribution, heat-retention, heat-sensitive, heated, heathens, heating, heatproof, heats, heavenly, heavier, heaviest, heavily, heaviness, heavy, heavy-bottomed, heavy-duty, heavy-gauge, heavy-on-the-anchovy, heck, heck's, hectic, hedge, heel, heft, hefty, hei, height, heighten, heights, heinous, heinz, heirloom, held, hell, hello, help, helped, helper, helper-handle, helpers, helpful, helpfully, helping, helps, helterman, hemoglobin, hen, hence, henckels, hens, her, herb, herb-, herb-oil-and-vinegar-based, herb-roasted, herb-rubbed, herbert, herbs, herd, here, here's, heritage, heritage-breed, hero, heroes, heroic, herself, hertz, hesitating, heston, hey, heyday, hiatus, hidden, hide, hiding, high, high-altitude, high-class, high-density, high-end, high-enough, high-falutin', high-heat, high-low, high-mineral, high-moisture, high-output, high-pitched, high-protein, high-quality, high-starch, high-tech, high-temperature, higher, higher-graded, higher-heat, highest, highest-possible, highly, highs, hills, hilt, him, himself, hindering, hinge, hinges, hint, hints, hip, hippie, hippies, his, historians, historically, histories, history, hit, hitch, hitchhiker's, hits, hitting, hoagie, hoarder, hobbes, hoc, hockey, hog, hogs, hogshead, hoisin, hokum, hold, holder, holders, holding, holds, hole, holes, holey, holiday, holiday-related, holidays, hollandaise, hollandaise's, hollow, hollow-edge, hollow-fry, hollow-ground, holster, holy, home, home-cooked, home-ground, home-roasted, homemade, homogeneous, homogenized, homogenizer, hon, hone, honed, honest, honestly, honesty, honey, honey-miso, honey-mustard, honey-sweetened, honeymoon, hong, honing, honor, hooch, hoof, hook, hooray, hooves, hop, hope, hoped, hopefully, hopeless, hopelessly, hopes, hoping, hopper, horizontal, horizontally, hormone, hormone-free, hormones, horrible, horribly, horror, horrors, hors, horse, horseradish, host, hosting, hot, hot-dog, hot-doggery, hot-skillet, hot-tap-water, hotel, hotels, hotter, hottest, hour, hour-long-parcooked, hours, hours-long, house, housebreaking, housed, houseful, household, housemate, houses, housewives, housing, hover, hovers, how, how'd, how's, however, howl, hows, huckleberry, hue, huge, hugging, hugh, huh, hulk, hull, human, humane, humanely, humans, humble, humbler, humid, humidities, humidity, humidity-, humor, humored, humorous, hundred, hundreds, hungover, hungry, hunk, hunks, hunting, hurricane, hurt, husband, husbandly, hush, husk, husks, hybrid, hydrate, hydrated, hydrating, hydration, hydrogen, hydrogenated, hydrolysis, hydrophilic, hydrophillic, hydrophobic, hyogo, hyperactive, hyperaware, hypocrisy, hypotheses, hypothesis, hypothesize, i, i'd, i'll, i'm, i'm-not-really-yelling-but-i-am-in-my-head, i've, iberico, icarus, ice, ice-cold, ice-crystal, ice-filled, ice-water, iceberg, iceland, ichthyoids, icing, ick, icky, idaho, idea, ideal, ideally, ideas, ideasinfood, identical, identically, identifiable, identification, identified, identify, idiot, idiot-proof, ied, ies, if, ignite, ignore, ii, iii, ikea, ilk, ill-mannered, illegal, illness, illusion, illustrate, illustrated, image, images, imaginable, imagination, imagine, imagined, imitate, immature, immediate, immediately, immersion, immovable, impact, imparting, imparts, impastable, impatient, impatiently, impeccably, impede, impenetrable, imperative, imperial, impermeable, impetus, implement, implications, implies, implying, import, importance, important, importantly, imported, imports, imposing, impossible, impossible-to-destroy, impossibly, impractical, impress, impressed, impression, impressive, impromptu, improperly, improve, improved, improvement, improvements, improves, improving, improvise, impunity, impurities, in, in-n-out, in-the-oven, in-the-shell, inability, inaccuracies, inaccurate, inadvertently, inanimate, inappropriate, inauthentic, inc, incalculably, inception, incessantly, inch, inch-bladed, inch-long, inch-thick, inch-wide, incher, inches, incidentally, incision, incisions, inclination, inclined, include, included, includes, including, income, incomparably, inconsistencies, inconsistency, inconsistent, incorporate, incorporated, incorporates, incorporating, incorrect, incorrectly, increase, increased, increases, increasing, increasingly, incredible, incredibly, incremental, increments, incriminating, incur, incurable, indecency, indeed, indeedy, indefinitely, indentation, indentations, indestructible, index, india, indian, indicate, indicated, indicates, indicating, indication, indicator, indie, indigenous, indirect, indiscriminately, indispensable, indistinguishable, individual, individually, individuals, indoor, indoors, induce, induces, inducing, industrial, industrially, industry, inedible, inedibly, inefficient, inert, inevitable, inevitably, inexorable, inexpensive, infect, infection, inferior, inferno, infinite, infinitely, infinity, inflate, inflated, influence, influenced, influx, info, infomercial, infomercials, inform, informal, information, informed, infractions, infrared, infuse, infused, infuses, infusing, ing, ingenious, ingrained, ingredient, ingredients, inhale, inherent, inherently, inhibit, inhibited, inhibiting, inhibits, inhospitable, inimitable, initial, initially, injected, injecting, injection, injuring, inlets, innards, inner, innocent, innocently, innovations, inordinately, inosinate, inosinates, input, inputs, inquiry, inquisition, inquisitive, inroads, ins, insane, insanely, insatiable, insert, inserted, inserting, inside, insides, insidious, insight, insightful, insipid, insist, insists, inspected, inspection, inspector, inspired, inspiring, instance, instant, instant-read, instantaneous, instantaneously, instantly, instead, instill, instilled, instincts, institute, institution, instructed, instructing, instructions, instructor, instrumental, instuctions, insufficient, insulate, insulated, insulates, insulating, insulation, insulative, insulator, insulators, insulting, insurance, intact, intake, integral, integrity, intellect, intelligence, intelligent, intend, intended, intense, intensely, intensified, intensify, intensifying, intensity, intensive, intent, intentional, intents, inter-, interact, interaction, interactions, intercellular, interchangeable, interchangeably, interconnected, interconnecting, interest, interested, interesting, interestingly, interests, interface, interfere, interfered, interior, interiors, interlocking, intermediary, internal, internally, international, internet, interpreting, interrupt, interrupted, interspersed, interstitial, intervals, intervenes, intervening, intestine, intestines, intimate, intimidated, intimidating, into, intracellular, intramuscular, intrepid, intricacies, intricate, introduce, introduced, introduces, introducing, introduction, intuitive, invading, invaluable, invariably, invent, invented, inventive, inventor, inverse, inversely, invert, inverted, invest, investment, invisible, invited, inviting, involve, involved, involves, involving, inward, ion, ions, ipad, ipod, iqf, irish, iron, ironically, ironwood, irony, irrationally, irrefutable, irregular, irregularities, irregularity, irregularly, irretrievably, irreversible, irrevocable, irrevocably, irritate, irritating, irritations, irving, is, isbn, islands, isn't, isolate, isolating, issue, issued, issues, it, it'd, it'll, it's, italian, italian-american, italian-mexican, italian-style, italians, italics, italy, itching, item, items, iterations, its, itself, ivory, izzard, jaccard, jack, jacket, jacob's, jacques, jagged, jalape, jam, jam-like, jamaica, jamaican-jerk-rubbed, jammed, jams, january, japan, japanese, japanese-, japanese-style, japanglish, jar, jarred, jars, jason, jedi, jeffrey, jell, jell-o, jelled, jellied, jellies, jelling, jelly, jelly-like, jelly-roll-style, jenny-o, jeopardy, jerk-style, jerky, jersey, jewish, jibes, jicama, jiggling, jiggly, jimmy, jims, jo, job, jobs, jocks, joe, johann, john, johnson, johnsonville, join, joined, joins, joint, joints, joke, jokes, jolyon, jones, josh, jostle, jostling, journal, journalism, journalist, journey, jowl, joy, joys, jr, judge, judging, judiciously, juice, juice-filled, juiceless, juicer, juices, juicier, juiciest, juiciest-on-the-inside, juiciness, juicy, julia, julian, julienne, julienning, july, jumbled, jumbo, jump, jump-start, jumping, junior's, juniper, junk, jus, just, just-picked, just-thick-enough, justifiably, justus, jut, jutting, ka, kabocha, kalamata, kalbi, kale, kamozawa, karmafreecooking, kebab, kebabs, keen, keep, keepers, keeping, keeps, kegs, keiko, keith, keller, kelp, ken, kenji, kenji's, kennesaw, kentucky, kept, kernel, kernels, ketchup, ketchup-and-brown-sugar, ketchup-filled, ketones, kettle, kewpie, key, keyboard, keys, kfc, kfc's, ki-yay, kick, kick-ass, kicker, kicking, kickstart, kid, kid's, kid-friendly, kidding, kidney, kids, kikkoman, kill, kill-temperature, killed, killer, killers, kilogram, kim, kimball, kind, kinda, kindly, kindred, kinds, king, kings, kink, kinked, kirby, kiss, kit, kitchen, kitchen-sink, kitchenaid, kitchenaid's, kitchens, knead, kneaded, kneading, knee, kneecaps, knew, knickknacks, knife, knight, knives, knob, knock, knockoffs, knocks, knot, knots, know, know-how, knowing, knowledge, known, knows, knuckle, knuckles, kobe, kobe-style, kohlrabi, koji, kombu, kong, koopa, korean, korean-style, koreans, kosher, koshering, kraft, krasner's, kuban, kudamono, kuhn, kuhn-rikon, kurt, kurti, kyoto-style, la, lab, lab's, label, labeled, labeling, labels, laboratories, laboratory, laboratory-grade, laborious, labs, lachrymators, lack, lackeys, lacking, lacks, lactic, lactis, lactose, lacy, ladder, laden, ladies, ladle, ladled, ladleful, ladles, ladner, lafrieda, lager-style, laid, laid-flat, lake, lamb, lamb's, lambs, lambs', lamby, laminated, lamsonsharp, land, land-based, land-dwelling, landmark, lands, language, lanyard, lard, larder, lardons, large, large-crystal, large-holed, large-ice-crystal, large-muscle, large-pot-insisters, largely, larger, largest, lasagna, lasagnas, last, last-minute, lasted, lasting, lasts, latch, latching, late, late-night, late-summer, later, latest, latex, lathe, lather, lathering, latin, latter, laundry, laurel, lava, law, laws, lawyer, lay, layer, layered, layering, layers, laying, layout, lazily, laziness, lazy, ldls, le, leach, lead, leaden, leading, leads, leaf, leaf-coating, leafy, leak, leaking, leaks, leaky, lean, leaner, leanest, leap, leaped, leaping, leaps, learn, learned, learning, least, least-cooked, least-trained, leather, leatherhead, leathery, leave, leave-in, leaven, leavened, leavener, leaveners, leavening, leavens, leaves, leaving, lebowski, lecithin, lecture, lectures, led, lee, leek, leek-potato, leeks, leeway, left, left-handed, leftover, leftover-consumer, leftover-porchetta, leftovers, leg, legally, legion, legislation, legitimately, legoland, legs, legume, legumes, leidenfrost, leidenfrost-ified, leisure, leisurely, lelio, lemon, lemon-, lemon-caper, lemon-dill, lemon-herb-rubbed, lemon-parsley, lemon-rubbed, lemongrass, lemongrass-and-turmeric-, lemongrass-and-turmeric-rubbed, lemons, lemony, lend, lending, lends, length, lengths, lengthwise, lengthwise-seeded, lenox, lens, lent, lentils, leopard-spotted, less, less-processed, less-scrupulous, less-sprung, lessen, lesser, lesson, lessons, lest, let, let's, lethargic, lets, letter, letting, lettuce, lettuce's, lettuce-free, lettuces, level, leveling, levels, lever, leverage, levers, levine, lexical, lexicon, liaison, liars, liberal, liberally, liberating, liberties, licking, licks, lid, lid-off, lid-on, lidded, lie, liebig, liebig's, liedenfrost, lies, life, life's, life-changing, lifeless, lifesaver, lifespan, lifetime, lifetime's, lift, lift-and-tilt, lifted, lifter, lifting, lifts, light, light-flavored, light-sensitive, lighten, lightening, lightens, lighter, lightest, lightly, lightness, lightning, lightweight, like, liked, likelihood, likely, likes, likewise, lily, lima, limburger, lime, limes, limit, limitations, limited, limiting, limitless, limits, limp, line, lineage, linearly, lined, liner, lines, lineup, linger, lingering, lingers, linguine, lining, link, linked, linking, links, linoleic, lip, lipoproteins, lips, liquefied, liquefy, liqueur, liquid, liquid-based, liquid-diet-based, liquid-to-solid, liquids, liquidy, liquor, liquors, list, listed, listen, listened, listing, lists, lit, litany, literally, literature, liters, little, little-person, littleneck, live, lived, liven, liver, livers, livery, livery-tasting, lives, living, lo, load, loaded, loaf, loaf-shaped, loaves, lobster, lobsters, local, locate, located, lock, locked, locking, locks, lodge, lofty, log, log-shaped, logic, logical, logically, logos, logs, loin, loins, lollo, london, lone, lonely, long, long-aged, long-chained, long-cooked, long-cooking, long-enough, long-form, long-grain, long-held, long-term, longer, longer-salted, longer-term, longest, longissimus, longtime, look, looked, looking, looks, looooooove, loop, loose, loose-grained, loose-leaf, loose-textured, loosely, loosely-whisked-together, loosen, loosened, looseness, loosening, loosens, looser, loosest, lops, lose, loses, losing, loss, lost, lot, lots, lotta, lottery, loud, louis-camille, louise, love, loved, lovely, lover, lover's, lovers, loves, loving, low, low-and-slow, low-brow, low-class, low-density, low-fat, low-gauge, low-grit, low-heat, low-light, low-output, low-roast, low-salt, low-sodium, low-starch, low-temperature, low-water-pasta-cooking, lower, lower-, lower-end, lower-fat, lower-graded, lower-middle, lower-mineral-content, lower-protein-rice, lowered, lowering, lowers, lowest, lowest-possible, lowly, lows, lox, loyal, loyalty, ltd, lubricant, lubricate, lubricated, lubricates, lubricating, lubrication, luck, luckily, lucky, luger's, lugging, luigi, luke's, lukewarm, lull, lump, lump-free, lumpier, lumps, lumpy, lunch, luscious, lust, luster, lustrous, luxurious, luxuriously, luxury, lye, lying, lynch, ma, ma-la, mabel's, mac, macadamia, macaroni, macgyver, mach, machine, machine-diced, machinery, machines, macho, macoun, made, madness, magazine, magazine's, magazines, maggi, magic, magical, magically, magnesium, magnet, magnetic, magnetically, magnets, magnificence, magnificent, magnitude, magnum, mail, maillard, main, mainly, mainstream, maintain, maintained, maintaining, maintains, maintenance, major, majority, make, make-up, makeover, maker, maker's, makers, makes, makeshift, makeup, making, makings, maldon, male, malicious, maligned, mall, malleable, maltose, maminha, mammal, mammoth, mammoths, man, manage, manageable, manageably, managed, management, manager, managers, manages, manchego, mandates, mandelbrot, mandoline, mandrills, maneuver, maneuverability, maneuverable, maneuvering, mangled, mangoes, manhandle, manhandling, manhattan, mani, manifest, manmade, manner, mannerisms, mantecato, mantra, manual, manually, manufacture, manufactured, manufacturer's, manufacturers, manufacturing, manuscript, many, many-bladed, manzanilla, maple, maple-glazed, maple-mustard-glazed, maple-sage, mapped, marathon, marbled, marbleing, marbling, marcella, marco, marcona, margarine, margaritas, margherita, margin, marginally, maria, marigold, marinade, marinade's, marinades, marinara, marinate, marinated, marinates, marinating, marination, mario, marion, marital, marjoram, mark, marked, markedly, marker, market, market's, marketable, marketed, marketers, marketing, markets, marks, marmalade, marmite, marnier, marooned, marred, marriage, married, marrow, marry, marsala, marsala-mushroom, marshmallows, mart, martin, martin's, martini, marvel, marvelous, marvelously, masculine, maseca, mash, mashed, mashed-up, masher, mashing, mask, masking, masks, mason, mass, mass-market, massachusetts, massage, massaged, massaging, masse, masses, massive, master, master-apprentice, mastered, mastering, masters, mastery, match, matches, matching, matchsticks, material, materialized, materials, materials-science, math, mathematical, mathematician, mathematics, mathieu, matrix, matter, matters, mature, maturity, maui, maurice, maws, max, maxes, maximize, maximized, maximizes, maximizing, maximum, maxing, may, maybe, mayo, mayo-based, mayonnaise, mayonnaise-based, mayonnaises, maytag, mcdonald's, mcevoy, mcgee, mcgee's, mcmurrer, mcnugget, me, meal, meal-per-day, meals, mealy, mean, meaning, means, meant, meantime, meanwhile, measurable, measure, measured, measurement, measurements, measures, measuring, meat, meat's, meat-based, meat-cutting, meat-deficient, meat-smeared, meatatarian, meatball, meatball's, meatballs, meatier, meatiness, meatiness-detectors, meatless, meats, meaty, mechanical, mechanically, mechanism, medallions, media, medicinal, mediocre, mediterranean, medium, medium-grain, medium-heat, medium-high, medium-low, medium-rare, medium-size, medium-starch, medium-well, meet, meeting, meetings, meets, megastore, meld, mellow, melons, melt, melt-in-your-mouthiest, meltability, melted, meltiness, melting, meltingly, melts, member, members, membrane, membranes, memorable, memories, memorize, memory, men, menial, mennonite, mental, mentality, mention, mentioned, mentor, mentors, mentorship, menu, menus, mercaptans, mercilessly, mercury, mere, meredith, merely, merguez, merguez-style, meringue, meringue-based, meringues, merriment, merula, mes, mesclun, mesh, mess, message, messes, messier, messings-up, messy, met, metabolisms, metal, metal's, metallic, metallic-tasting, metals, metaphor, metaphysical, metaphysics, method, methodology, methods, methylesterase, methylthio, meticulous, meticulously, metmyoglobin, metric, metrics, mexican, mexican-style, mexico, mg, micelles, michael, michel, michelin, michigan, micro-steam, micro-steamed, micro-steaming, microbiologist, microbubbles, microdroplets, microliters, microplane, microplaned, microscope, microscopic, microscopically, microserrations, microwavable, microwave, microwave-frequency, microwave-safe, microwaved, microwaves, microwaving, mid-nineteenth, middle, middles, midgets, midmeal, midrange, midrate, midservice, midway, midwest, might, mignon, migrate, migrates, migrating, mild, mild-flavored, milder, mildest, mildly, mildness, mile, miles, milk, milk-based, milks, milky, mill, millennia, millennium, milli, millimeter, millimeters, million, millions, milliseconds, mills, mince, minced, mincing, mind, mind-blowing, mind-blowingly, mindful, minds, mine, mineral, minerals, minestrone, mingle, mini, mini-fridge, mini-prep, miniature, minimal, minimally, minimize, minimized, minimizing, minimum, minor, minority, mint, minus, minuscule, minute, minute-simmered, minutes, miracle, miraculously, mirepoix, mirin, mirror, mirror-like, misconception, mise, misinterpreted, mislabel, misnomer, miso, miso-based, miso-honey, misono, miss, missed, missing, mission, missionaries, mistake, mistakes, misted, mistreat, mistress, misunderstood, mit, mitigate, mitigates, mitigating, mitts, mix, mixed, mixed-meat, mixer, mixers, mixes, mixing, mixture, mixtures, miyagi, mizuna, ml, mm, mmm-mmm, mo, mobiles, mocked, model, models, moderate, moderately, moderately-well-used, moderation, modern, modernist, modification, modifications, modified, modify, modifying, moist, moist-breasted, moisten, moistened, moister, moistest, moistness, moisture, moisture-absorbing, moisture-deprived, moisture-loss, moisture-retaining, moistureproof, mojo, molasses, molassesy, mold, molded, moldy, molecular, molecule, molecules, molting, mom, mom's, moment, moment's, moments, mon, monday, money, money-grubbing, mongolian, monitor, monitored, monitoring, monkey, monopolizing, monosaccharides, monosodium, monounsaturated, monstrous, monter, monterey, month, month's, months, months-long, monty, mood, moods, moon, moot, moral, morals, morcilla, more, more-bitter-than-mr, more-calories-than-any-entr, more-well-done, morel, morels, moreover, mornay, morning, morning's, mornings, moroccan, morocco, mortadella, mortar, morton's, most, most-heavy-duty, most-shunned, mostly, mother, mother's, mother-in-law, mothers, motion, motor, motorino, motors, mound, mount, mountain, mountainous, mountains, mounted, mouse, mouth, mouth-coating, mouth-friendly, mouth-numbing, mouthfeel, mouthful, mouths, move, moved, movement, movements moves, movie, movies, moving, mozzarella, mpr, mr, mrs, much, much-maligned, much-needed, mud, muddy, muenster, muffin, muffins, mug, muir, mulato, mulatto, mull, multigrain, multiple, multiple-flip, multiply, multiplying, multitaskers, mumbling, mung, murray, muscle, muscles, muscles', musculature, mush, mushier, mushiness, mushroom, mushroom-marsala, mushrooms, mushy, mushy-ass, music, musical, musky, muslim, must, mustard, mustard-glazed, mustard-like, mustards, mustardy, musty, mutation, mutilating, muttering, mutually, my, myhrvold, myint, myoglobin, myosin, myrhvold, myriad, myself, mystery, myth, myth-busting, mythical, myths, n', naan-style, nacho, nachos, nail, naivet, naked, name, named, namely, names, nano, nap, napped, naps, narrow, narrower, narrowly, nasty, nathan, nation, national, nationally, native, natural, natural-casing, naturally, nature, navigate, nay, nd, neapolitan, near, near-cult-like, near-endless, near-fascist, near-pudding-like, near-spherical, nearby, nearer, nearly, neat, neater, neatest, neatly, nebraska, necessarily, necessary, necessity, neck, necktie, nectar, need, needed, needing, needless, needn't, needs, negative, negligible, neighbor, neighbor's, neighborhood, neighboring, neighbors, neither, neon-red, nerd, nerd's, nerdfolk, nerdling, nerdlings, nerds, nerdy, nerves, nesting, nestle, net, nets, network, network's, networking, networks, neutral, neutral-flavored, neutralize, never, never-ending, never-fail, nevertheless, new, newer, newfangled, newport, news, next, nice, nicely, nicest, niche, nick, nick-and-peek, nickel-plated, nickelodeon, nickerson, nickname, nicks, nifty, night, night-and-day, nightly, nightmare, nights, nine, nineteenth, ninety, ninth, ninth-grade, nipple, nirvana, nitrate, nitrates, nitric, nitrites, nitrogen, no, no-boil, no-brainer, no-go, no-handed, no-nonsense, no-reason-to-memorize, no-stir, no-veal, nobel, noble, nobody, nod, nodding, nohow, noise, nomenclature, non, non-knife, non-kosher, non-root, nonacademic, nonaromaticized, nonbreaded, nonbutter, nondangerous, none, none-too-crisp, nonenhanced, nonetheless, nonexistent, nonintimidating, nonkosher, nonmeaty, nonmustardy, nonna, nonna's, nonresters, nonsalted, nonsense, nonsmashed, nonstick, nonwet, noodle, noodles, nooks, noon, nope, nor, nora, nordic, norm, norma, normal, normal-appetited, normal-sized, normalize, normalized, normally, norman, north, northeast, northern, northern-style, norton, nose, noses, not, not-insignificant, not-so-inexpensive, not-the-least-bit-chalky, not-too-hot, not-too-sweet, notably, notch, note, notebook, noted, notes, nothing, nothing's, notice, noticeable, noticeably, noticed, notices, noticing, noting, notoriously, novel, novelty, novice, now, now's, now-closed, nowhere, noxious, ns, nuanced, nubby, nucleation, nude, nugget, nuggets, nuh-uh, nuker, numb-hot, number, number-one, numbered, numbers, numbing, numerical, numero, numerous, nuoc, nurse, nurture, nut, nut-free, nutmeg, nutmeg-scented, nutrition, nutritionists, nutritious, nutritive, nuts, nuttiness, nutty, ny, nylon, nyu, nz, oak, oaxaca, obfuscating, object, objects, obligatory, oblique-cutting, oblivion, oblong, obscure, obscuring, observation, observations, observe, observed, observers, observing, obsessed, obsession, obsessive, obsessive-compulsive, obsessive-emulsive, obsessives, obtaining, obvious, obviously, occasion, occasional, occasionally, occasions, occitan, occupied, occupying, occur, occurred, occurrence, occurring, occurs, ocean, odd, oddballs, oddity, oddly, odds, odor, odor-free, odorproof, odors, oelek, of, off, off-putting, off-season, off-site, offensive, offer, offered, offering, offerings, offers, office, officer, officially, offset, offspring, oft-recommended, often, oftentimes, oh, oil, oil's, oil-and-vinegar, oil-based, oil-dressed, oil-hating, oil-in-water, oil-loving, oil-packed, oil-to-vinegar, oiliness, oiling, oils, oily, ok, okinawan, okra, ol', old, old-fashioned, old-school, older, oldest, oleic, olfactory, oli, olio, olive, olive-oil-and-butter-based, olives, olivey, omega-, omelet, omelets, omit, omitted, omitting, on, on-the-cob, on-the-fence, on-the-fly, onboard, once, once-a-year, once-in-a-while, once-over, one, one's, one-and-a-third, one-chicken-sized, one-dimensional, one-quarter, one-sixth, one-skillet, one-tenth, one-third, one-time, oneness, ones, onglet, onion, onion's, onion-butter-stock-potato, onion-scented, onions, onions', oniony, online, only, onto, onward, oof, ooze, oozes, oozing, oozy, opaque, opaque-white, open, open-faced, opened, opening, opens, operate, operation, operations, opinion, opinions, opportunities, opportunity, opposed, opposite, opt, opted, optimal, optimally, optimize, optimizing, optimum, opting, option, optional, options, opus, or, orange, orange-chipotle, orange-cream-cheese, orange-pink, orange-scented, oranges, orbital, orbitally, orbits, orchestrated, order, ordered, ordering, orderly, orders, orecchiete, orecchiette, oregano, organ, organelles, organic, organisms, organization, organizational, organize, organized, organizing, oriented, origin, original, originally, originated, origins, oringer, oringer's, oro, oroweat, orsini, ortiz, os, oscillating, osmosis, ostensibly, other, other's, others, otherwise, ottolenghi, ouch, ought, ounce, ounces, our, ourselves, out, out-of-the-can, outcome, outcomes, outdated, outdoor, outdoors, outer, outermost, outlet, outliers, outlined, outlines, output, outputs, outright, outs, outside, outsides, outstanding, outstripping, outward, outweigh, oval, ovalbumin, ovals, oven, oven's, oven-fried, oven-safe, oven-sear, oven-temperature, ovenproof, ovens, over, over-, over-or, overall, overbrowning, overcaramelize, overcaramelized, overcook, overcooked, overcooking, overcooks, overdeveloped, overdone, overdoneness, overeducated, overfill, overfilled, overflowing, overhandle, overhang, overheated, overheating, overindulging, overinflate, overkill, overknead, overlap, overlapping, overlaps, overloaded, overlook, overlooked, overlord, overlords, overly, overmarinate, overmix, overmixed, overmixing, overnight, overnight-brined-then-fried, overpoached, overpower, overpowering, overriding, overrise, overset, overstatement, overtake, overtime, overtly, overtone, overturned, overview, overwhelm, overwhelmed, overwhelming, overwhelms, overwhipped, overwhisked, overwork, overworking, overwrought, overzealous, ovomucin, ovotransferrin, owe, owl, own, owned, owner, owning, owns, oxford, oxidation, oxidize, oxidized, oxidizing, oxo, oxo's, oxtail, oxtails, oxyacetylene, oxygen, oxygen-rich, oxygenation, oxymyoglobin, oyster, pace, pacific, pack, package, packaged, packager, packages, packaging, packed, packet, packets, packing, packs, pact, paddle, pads, paellas, page, pages, paid, pain, painful, painfully, painless, pains, painstakingly, paint, pair, pairing, pairs, pajamas, palate, palates, pale, pale-green, pale-orange, pale-orange-red, pale-yellow, paler, palest, palm, palms, palombino, pan, pan's, pan-burner, pan-grill, pan-roasted, pan-roasting, pan-sear, pan-seared, pan-searing, panade, pancake, pancake-like, pancakes, pancetta, pane, paneer, panel, panela, panful, panic, panko, panko-style, pans, pantry, pants, paper, paper-thin, paper-towel-lined, paper-toweled""",1
103978,"2015 has been one of the best years of my life thanks to mma mma is always something that had interested me and this year i finally took the jump and started training. to start the year i was(and still am) extremely overweight and realized i need to turn things around. i am a farmer and live in rural illinois and don't have many gyms around that offer mma classes and personal trainers so i had to start looking around. i found finney's mma which is right at 100 miles away from home and joined in june. i started with boxing and working with a trainer to start, and then my trainer who's the wrestling coach told me i should come to wrestling class. so i started going to wrestling as well which then lead to sitting in on jiu jitsu which lead to actually rolling. i also try and do kickboxing now as well. so far i've lost 100lbs, bit still have a long way to go to reach my goals, but i have loved every part so far. i'm lucky to have a job where i can take the time during certain parts of the year and just train. also that i have friends in the city that let me stay with them to save on driving back and fourth. i not much of a picture person so i don't have any before and afters, but just wanted to share how great mma has made my 2015 and hopefully an even better 2016.",1
190693,report: being overweight is good,1
108183,i need some a lot of help. [m/18/390lbs] okay let me get started by saying i've been overweight my whole life ever since i was 4 or 5 and i can't remember what it was like to be skinny. my parents have been overweight for years as well and about 4 years ago my mother passed away and i gained more than i would have liked. now i have tried to lose weight a lot of times but they have all failed because of one reason. i have no one there to help me off my feet once in a while. when i start to cut my eating habits i go for about a week just giving up. i have all skinny friends and they won't cut down on eating with me but then again i don't see them all that much because of school and work. i don't have much money to seek help on what to do. so i ask you people can you help in any way you can. please!,1
253471,"many overweight and obese people are metabolically healthy, while large numbers of slim people have health problems typically associated with obesity, a new study shows.",1
359183,"champion heights and weights, april 2018 edition **patch notes:** ornn, zoe, and kai’sa added. anivia, varus, etc got lore updates so they’re tweaked. eve/swain/irelia vgus did not change very much about them. some new guesses were made by hyper10sion re: the size of some larger champions, and i also got some inside info regarding void monster size. adjusted some male weights further downward as they still seemed unrealistic… please call me out if something seems off. also a few female weights messed with slightly. **update 1:** some ionians' sizes have been adjusted, as well as nasus and renekton who are now known to be huge. azir and xerath may be updated but azir's definitely smaller and xerath's probably smaller. caitlyn's hat is bigger. **update 2:** gp's weight adjusted up. urgot's size adjusted up. **other notes:** 1kg = 2.2 pounds and 1m = roughly 3.28 feet. to get metric numbers, divide by whichever of those is applicable. most of the older stuff here was originally guesstimated by /u/ohnoitslubu and may be subject to change. so without further ado... **champion height and weight list** aatrox ~12’ 700 lbs – darkin are sauron-size. ahri 5'4 (+ 5” of ears) 145 lbs - 9 tails adds a chunk of extra weight to her body of course. lubu based the height on a teenage korean female (but slightly taller). akali 5'5 135 lbs – dashing around puts on some muscle. alistar 10'5 (+ 18” horns), 1500 lbs - bulls can weigh in at anywhere from 1700-2000 lbs so putting alistar in the 1500 range feels like underestimating. but, since he stands on two beefy (heh) legs and is agile enough to do what he does, i'd imagine he's not quite as heavy as a normal bull. he is still enormous though; in promo art he's clearly the size of 3 other champions from shoulder to shoulder. amumu 3'7 30 lbs – ordinary human child weight, dropped by 10 pounds due to mummification. anivia 15’ while standing, 25’+ wingspan, ???? – so, now that anivia is officially a demigoddess, she’s gotta be freaking huge to match. weight is variable, she’s made of ice but has to be able to fly somehow. annie 3'9 ~50 lbs - pretty standard young girl height and weight. (also checks out with amumu's measurements.) she’d be bigger if she’s really 9 like i’ve heard though. ashe 5'9 145 lbs - lubu: ""i used liv tyler as a basis for ashe's body type as a fit archer.” aurelion sol – is hundreds of light years big. spaaaaaaaace. azir 8'5 500 lbs - total guesstimate. he is noticeably taller than his sand soldiers, who are presumably normal-people-size. bard - is infinite. well, his earthly manifestation is probably slightly larger and much fatter than the average human. but he’s infinite. blitzcrank 9' 950 lbs - using boom boom blitz's art as a basis: ring ropes are usually around 4'4 tall. obviously he's a lot bigger than that, so lubu doubled that measurement and added a little bit for his head. depending on the alloy and his internal workings, his weight could actually be way higher. or lower. hextech stuff may not weigh very much. brand 5'10 160 lbs - based on average viking height and weight, since he was originally a marauder. braum 7'5 610 lbs - his height was actually released by a rioter at some point. weight was based on andre the giant and then modified for braum's proportions. caitlyn 5'7 (+ ~8-9”of hat, + boots) 135 lbs - caitlyn's a sheriff, which means she has to be fit enough to throw a person to the ground. she seems taller than this but that's probably due to her boots and hat. camille 6'10 ??? - tall and thicc (she towers over baron volkage in her comic), but the weight of hextech is not quite clear. and she’s… largely hextech at this point. cassiopeia 13' long, 380 lbs - lubu tacked on half a woman to half an anaconda, then fudged the numbers until they looked reasonable. cho'gath 72' at zero stacks, and add about 12 feet for each stack – weight is ????, probably running into the thousands of tons. cho has to be large enough to eat another champion. even zero-stack cho. corki 3'5 50 lbs - yordles are definitely the hardest to guesstimate. darius 6'5 266 lbs - thank you /u/eskimo503 for the dunkmaster darius info diana 5'10 150 lbs – she’s thin, but strong. height is ironstylus-supported. dr. mundo 8'8 1100 lbs - dr mundo is enormous, seeming to be at least twice as tall as other champions in promo art and more than likely several times heavier. lubu used the incredible hulk as a general basis for his weight, though hulk's weight has changed drastically though the years. draven 6'1 (+ 2-3” of hair) 220 lbs - clearly similar to his brother but leaner and a bit shorter. still a hunk. do not mess with him. ekko 5’6 (+ 4” mohawk) 125lbs - ezreal but scrappier. he might be shorter. elise 6'1 200 lbs in human form (extra legs add quite a bit), 4’ tall 8’ long 570 lbs in spider form- /u/lyrith sorted out her spider weight. evelynn 5'5 120 lbs - them hips. ezreal 5'6 135 lbs - young fit man. fiddlesticks 6’ ???? - he’s about four crows tall, and crows are ~18-24 inches long. weight is anyone’s guess; he’s a goddamn scarecrow. probably very light. fiora 5'11 160 lbs - height from ironstylus, weight based off a ripped 5’11 female rower but slightly heavier. fizz 3'0 35 lbs - lubu looked up stitch's height and weight (from lilo and stitch), and applied that to fizz. it’s in line with other yordles’ sizes, and fizz also does not have fur which takes some weight off. galio 104’ 4100 tons - based on a new estimate he’s freakin’ huuuge! gangplank 6'0 200 lbs - bankplank. garen 6'1 240lbs – hunky man. gnar 3’ 30 lbs (mini gnar), 28’ 3 tons (mega gnar) – mini gnar is slightly smaller than your average yordle. mega gnar is a tough gamble, but if he's based off of rampage and the helicopter in dino gnar’s recall animation is just scaled for the map, then that size makes sense. gragas 7'2 735 lbs – he’s an enormous man from the hills where everyone is enormous af. graves 5'9 175 lbs - graves is a bit older. dad bod. hecarim 13’ tall, 10’ long, ~2 tons - hecarim is a spirit centaur so he could weigh nothing, but if he weighs something it’s pretty massive. the average clydesdale horse weighs one ton, for scale, and he’s bigger than one of those. heimerdinger 4'5 60 lbs - afro power. illaoi 6’5 275 lbs - huge badass wrestler lady. based off shot putter valerie adams. irelia 5'7 130 lbs – she's all leg honestly. ivern 10’0 400 lbs - tree man, tree man, does whatever a tree can. based off his promo art, he’s pretty huge but skinny. janna 5'11 127 lbs - this is the listed height and weight for storm from x-men, who has a lot of similarities with janna in terms of body type. 5’11 127 is like, super underweight, but look at janna. i mean, she’s a spirit, it doesn’t really matter… jarvan iv 6'6 245 lbs - j4 is supposed to be a towering presence akin to a pro wrestler. jax 6'2 260 lbs - jax is more body than height, and his shoulder width and arm size lead me to believe that whatever he might be now, i do not want to be hit by him. jayce 6'0 185 lbs (including armor) - science dad powers activate. lubu imagined reed richards in armor. jhin 6'4 160 lbs - jhin is tol. his arm is not mechanical, only plated to avoid recoil (splash artist took liberties), so it doesn’t add a lot of extra weight. jinx 5'3 98 lbs – not much bigger than me, which makes sense; she’s small and agile as well as being insane. kai’sa 5’11 140 lbs – she’s taller than her father and slim, but athletic. suit is pretty skin tight but includes gauntlets and stuff so probably a good 10 pounds. jetpacks float, but they’re chunky, 15 pounds each? kalista 5’10 140 lbs - while she was alive of course. nowadays she weighs nothing. karma 5'8 130 lbs – lubu based this on some real-life actresses i haven’t heard of honestly but it sounds realisticish. karthus 5'4 80 lbs - bones bones bones kassadin 5'9 160 lbs - look at the chest on him, dude is ripped. probably not that tall, he's just floaty like karthus. katarina 5'5 115 lbs - spin2win dagger style kayle 5'5, 14’ wingspan, 210 lbs - wings mean her weight could really be anything. this weight is based off of large but light bird wings. kayn 5'10 140 lbs - strong enough to swing around that scythe, small enough to be a shadow assassin, and also young and gangly, so that basically comes out to him being a mini-zed. grows a good 3 feet and 200+ pounds if rhaast takes control. also in lubu's words, anime booooy with his shirt offffff kennen 3'2 42lbs - still one massive guess… kha'zix 8’ stretched, 6’4 crouched, 250 lbs - dude’s got an exoskeleton. kindred - they’re death. technically speaking they are infinite. based on their splash – comparing them to the body of the woman beneath their feet - lamb is ~4’ tall and wolf’s something like 6’ long, but that sounds off. kled 3’0 40 lbs (of ass-kicking) - skaarl is probably the size of a komodo dragon or other large monitor lizard, then. kog'maw 6’8 at shoulder, ~8 feet long, 1/2 ton – inside source told me he’s the size of a bear, rather than the size of a big dog. so i’ll use polar bear measurements. leblanc 5'5 120 lbs - but it could all be an illusion. lee sin 5'6 155 lbs - bruce lee but with a little more bulk. leona 6'1 195 lbs - leona is tall and muscular and matronly. she's a beast and if you've never known a woman in the 6'1 range, you can ask them about their weight at your own risk. (ironstylus supports lubu’s guess.) lissandra 6'4 ????? - the weight is impossible to guess with this one because at what point does the person end and just ice begin? lucian 6'0 165 lbs – lubu used sprinter michael johnson as a model for lucian's general build. lulu 3'1 (+ 7” of hat) 40 lbs – yurdles lux 5'1 100 lbs – height is straight from ex-rioter grumpy monkey, so don’t pull anything about lux actually being really tall because zoe thinks she is. lubu’s original weight guess is adjusted to be a little closer to teeny tiny 5'0 me, because it was a little bit too high even considering her healthier weight and larger bust. malphite – he might be around 85 feet tall, or he might be the size of a mountain. we’re not sure. malzahar 5'6 145 lbs - floatiness makes it hard to distinguish his actual height or even good ideas about his body dimensions so here’s a guess. maokai 22’ tall, 5.5 tons – big tree. master yi 5'11 160 lbs - slim-ish guy. miss fortune 5'6 120 lbs - swiggity swooty. height is adjusted to marilyn monroe proportions like sona, because of the teaser for her legendary skin mentioning her height as 5’5-5’8. mordekaiser 7’5 700 lbs - of pure metal powaaaaaah morgana 5'7, 12’ wingspan, 215 lbs - wings and things. nami 6'2 long, stands at 5'6, 200 lbs - dat fishbutt. weight is based on the measurements of a huge sturgeon + half a human. nasus 15' several(?) tons - big dog gotta eat. updated guess based on new ascended lore. nautilus 36’ tall 30 tons - the coral congregation is in service. nidalee 5'6 120 lbs (human form), 7’ long, 3’ tall (cougar form) – nothing to really say here, slim athletic woman size and average cougar size. nocturne - living nightmare, has no size. nunu 4'5 65 lbs – willump is 8'5 750 lbs. olaf 5'11 230 lbs - larger than average viking stats. orianna 5'8 170 lbs – could be shorter though? hextech could be really light or really heavy, we don’t know. ornn is “as tall as three frost pines.” he could be gargantuan, as in a few hundred feet tall, or frost pines could be stunted by the cold climate and he could be 15 feet tall. judging by how he appears to other champions, though (he explicitly says “don’t hug me!”), he might be able to change size, so when he appears as a god like in one of his short stories, he’s huge, but when he’s chilling and fighting and forging stuff he’s smaller, perhaps braum-size. general estimate for typical size, however, is 30 feet and probably 5+ tons. pantheon 6'4 190 lbs - a well-oiled greek fighting machine. poppy 3'5 55 lbs - in her splash she is pretty tiny compared to those soldiers. of course she is strong, though, and presumably stocky under that armor, so she’s heavy for a yordle. quinn 5'8 140 lbs – little bit taller than we thought, thanks ironstylus! valor is the size of a golden eagle. rakan 5’9 160 lbs - dancer muscles (but he’s still pretty slim). his cloak-wing might add a little weight. rammus 3'0 70 lbs - ok. based on giant armadillo. rek’sai - is the size of a house. renekton 15' several (?) tons - based on new ascended lore. rengar 6'8 380 lbs - wengar's a widdle baby kitty. riven 5'8 145 lbs - since she's a soldier and muscular enough to swing the windblade (through martial training or otherwise), she’s gotta be beefier than she appears to be in-game. rumble 3'8 40 lbs - how big is tristy the mech? ryze 5'8 165 lbs – average old dude? sejuani 6'0 185 lbs – you do not mess with sejuani. as for bristle, some massive boars killed by hunters apparently weigh up to half a ton and are up to 9’ long, easily big enough to ride. they might be photoshopped on earth, but they could certainly exist on runeterra so that sounds like bristle to me. shaco 5'5 125 lbs - skinny clown. shen 6'0 200 lbs - shen is like, the beefiest ninja ever. why would a ninja be a tank? shyvana 5'6 140lbs (human form including armor); 18’ long, 26’ across, 1500 lbs (dragon form) – dragons are fuckin’ huge, man. don’t mess with dragons. singed 6'3 160 lbs - lanky science jerk. sion 10’ 1000-2000 lbs – he’s mufuggin huge. sivir 5'8 140 lbs - musclier greek lady. skarner 16’ from claw to tail, 8’ across, 6' tall, 1.25 tons - skarner is the size of an f-350 truck in some art, not accounting for his tail. he might be bigger, though… sona 5'6 120 lbs - marilyn monroe's size. soraka 6'2 160 lbs - the goat legs give her a lot of stature. wee-oo-wee-oo… swain 5'11 195 lbs (without demon wings) – technically he is missing half of one arm so weight goes down a tiny bit. other than that he’s pretty slim and dapper. syndra 5'6 130 lbs - more voluptuous than most. tahm kench ????? – it’s hard to guess the fish demon’s height and weight. he’s big, big enough to eat anybody. does he change size to accommodate his victims? taliyah 5’9 140 lbs – thank you to riot thermal kitten! talon 5'8 145 lbs - tiny male assassin body. taric 6'2 245 lbs - of pure outrageous masculinity. still applies after his vgu. teemo 3'6 42 lbs - delete teemo thresh – he’s a spirit, hard to guess. probably a good 8 feet tall though, based on cinematic appearances. tristana 3'4 38 lbs - bandle gunner. trundle ???? - is large enough to hold a human warrior down on the ground with just one hand. guessing 20’ tall but that seems big for a troll, even the troll king. tryndamere 6'1 220 lbs – raaaaaaaarrrgghh twisted fate 6'1 150 lbs - he's tall but slender and agile. lubu's original guess of 190 pounds seemed like too much. (i have a healthy friend who’s 6’0 130, so 150 or even less isn’t unreasonable for tf.) twitch 3'7 88lbs - giant rat. adjusted because he's giant but nowhere near the size of me. udyr 5'10 215lbs - udyr's all muscle and animal forms and body hair. urgot 10'0, at least a ton - shotgun knees are heavy, but how heavy? varus 5'7 145lbs - anime booooy with his shirt offffff! varus currently possesses only one gay dude’s body since the other was too wounded to serve as a vessel, so this old guess should hold up fine except i’ve slimmed it down a bit. vayne 5'9 145 lbs - tumbling is great exercise. lubu was fortunate enough to get advice from ironstylus on this one. veigar 3'8 (+ 12” of hat) 52 lbs – evil lil guy. vel'koz 30’ tall (at least), weight unclear (void science is weird, does he have mass…?) – based off his cinematic. vi 5'9 140 lbs (no gloves) 8140 lbs (gloves) - thanks /u/rtsubiytsa! viktor 6'2 280 lbs - robot arm! robot parts! vladimir 6'3 185 lbs - anime vampire dimensions volibear– we now know volibear is ornn-size. general estimate (this is conservative): 30 feet tall, 5+ tons. warwick 7’8 445lbs – based on his vgu teaser, he is about 1.5 times the size of boggin, who’s a pretty hunky guy. wukong 6'2 190lbs - monkey paw, monkey paw, monkey paw. xayah 5’3 110 lbs – she is the smol to rakan’s tol. xerath 7'0 ??? - xerath is made of energy. his weight is indeterminable. xin zhao 5'8 170 lbs - above average fit chinese male. yasuo 5'11 170 lbs - fighting game character basis yorick 6'1 if upright, 5'6 hunched, 230 lbs – still holds after his vgu. he’s just a normal dude who wound up immortal, with probably no size changes involved. zac 5'2 120 lbs at smallest, 7'6 450 lbs at largest – blob zed 5'9 150 lbs - ninjas. ziggs 3'8 45 lbs – yeeeeeeeeehaaaaaaaaaa zilean 6'1 165 lbs - his giant clock has him around 9'2 500lbs but he makes it float somehow. zoe 4’6 70 lbs – zoe is supposedly in her teens in terms of appearance, but if 5’1 lux is tall to zoe, she’s gotta be around the size of my ten-year-old cousin. zyra 5'11 145 lbs - not a vegetarian.",1
668187,"testosterone result from doctor's office - should i take action? hey everyone, so i recently had some bloodwork done to check my testosterone levels, just because i was curious. i am a 20 year-old male, 5'5"", caucasian. my t-levels came back at 273 ng/dl. although i hate to be the person who self-diagnoses from reading through the internet, i feel like many of the causes of low testosterone in men are present in myself and my family. my family has a history of depression and add/adhd, which i have both. i also have always had trouble sleeping/going to sleep (even with over-the-counter medications like melatonin), and typically am only able to get 3-5 hours of sleep a night in order to be up for classes. my brother is a bigger guy who works out constantly and eats healthily, although still has weight he is unable to lose. my father and i both have fairly fast metabolisms and are slim in frame, but still have weight we can't get rid of no matter what. extra breast tissue has also been a problem (and an insecurity) for all of us. my father and brother have not had any bloodwork done, and do not wish to just for financial reasons. are my judgments on the situation possibly true? or am i being paranoid about my body?",1
155111,"to be or not be an egg hey, cis guy here. lately i’ve been dealing with a bit of a problem that’s been bothering me. my (ftm) boyfriend has been trying to convince me that my interests are pointing to me being an egg about to crack, but the problem is, i’ve never, ever, once questioned my gender as being a male, and instead just feel like my interests are more in line with being male with values and interests that reject typical toxic masculinity. to expound, i’m a guy who doesn’t like having body hair or facial hair, wants to slim down, and doesn’t mind being identified as cute or pretty. while i haven’t ever worn them, i have considered buying skirts or leggings. add in my own personal habit of online lit rp, where i have admittedly played characters both male and female, and my boyfriend thinks i’m repressing some desires to be a female, but, again, i’ve never particularly questioned being male or female before, don’t experience body problems beyond “ i wish i wasn’t hairy and that i lost weight “, and don’t even think i’m being too defensive about the issue. is there anything i can do to convince my boyfriend that he doesn’t need to worry about this, or is there perhaps something else that might be on his mind that might be leading to him thinking this? it’s at the point where i’m starting to want to stop talking about myself personally just to keep him from trying to tease me about an egg shell cracking...",1
359340,fatboy slim praises new year's day revellers,1
293552,"wretched iron “i’ve seen her, ya know.” “seen who, quint?” “her. the ivory ghost. the pikin’ white key. you’ve heard of her, dan, you mangy scab. i know you have. ain’t nobody in this whole godless prison who hasn’t heard the rumors.” “i…” dan balked at being called a scab, but quint, his eyes distant and his mind elsewhere, didn’t notice. “that’s right. i’ve heard say she takes any form she wants, but chooses to take the form that is most pleasing to those that look ‘pon her. she could be anything to anyone. tommy said he saw her once, floatin’ past these bars. he said she looked like a little girl, that she skipped just out of his reach, just far enough so he couldn’t reach hold of her. the chant goes that once you get hold of her, she’ll unlock any door in this prison. you get hold of her, you get out…” dan, reclining on his bunk, said “where do you think she comes from, quint?” quint scratched the snake tattoo that coiled around his scrawny leathery neck with grimy fingernails. “huh,” he grunted. his mind was leagues away. “quint,” dan said. quint still wasn’t paying attention. dan sighed and turned on his side towards the grey stone wall. ever since tommy had left, dan was lonely. dan was a simpleton, easily perplexed and quick to frustration. tommy had spotted dan being bullied in the cafeteria by the other inmates and stood up for him, endearing him to dan from that point on. dan followed tommy around as much as he could, lapping up every word tommy said as if they were proclamations from a holy man. tommy tolerated dan for the most part, and when he wasn’t in the mood to babysit he’d send dan away, but dan would never go far. dan would remain just out of sight, ready in case he was called back. dan adored tommy. he was like the father figure dan never had. dan heard quint’s bunk groan from the opposite wall. he turned around and realized that quint looked older and wearier than he’d ever seen him. all of the spite and bitterness had fled his features. deep lines cut valleys across quint’s face, his forehead had great curved creases, and his shoulders slumped. “i gotta get outta here, danny. i gotta. i been in one prison or another for seventeen years. seventeen. been shipped all over the country. i don’t even know if my family knows i’m still alive. i don’t even know if they still care.” his voice cracked and shook, and dan felt misery coming off quint in waves. “even if it’s a false hope, it’s hope…” quint put his forehead in his hands. dan, becoming increasingly uncomfortable, tried to change the subject. “hey quint. who did you see when you saw the ivory ghost?” quint looked up from his hands, his eyes filled with anger and tears. he simply sat there, glaring at dan for what seemed like minutes when he said “fuck if i know, some ghost bitch. stop asking questions, dipshit.” dan’s eyes watered and he turned around again on his bunk tommy wouldn’t have let quint speak to dan like that. tommy would’ve told him to shut up. tommy would’ve protected dan. dan missed tommy. ** dan woke with a gasp. it was lights out, and he couldn’t see past his nose. he heard the guard’s footsteps receding in the distance and saw the shaft of light from his flashlight bounce as the guard walked. quint rasped noisily in the other bunk. he laid his head back on his pillow. bits of the dream he was having drifted lazily across his mind. he remembered feathers, white feathers. wings beating furiously. a sharp crack. a small, lifeless form on the concrete, with red just beginning to seep from under it. he felt his eyes burn and he put his palms on them, trying to stifle the tears, but they came anyway. dan sat up on his bunk and felt his way to the small rusty sink the two inmates shared to splash water on his face. tommy always did that when he was feeling “reminiscent,” as he would put it. dan could never figure out why, but he started doing it after tommy left anyway. dan, face still dripping with water, blindly felt his way back to his bunk, and thought of tommy to put the dream out of his mind. dan had loved tommy, loved him like a child loves his father. they had only spent months together, but dan knew that tommy was a good man. good men didn’t deserve to go to jail. dan tried to ask tommy why he was in jail one day, and tommy just cocked an eyebrow and said “man’s got to make a livin’, danny. got to eat, and put food on the table for his chil’ren. the law these days has turned against us honest men, and so us honest men got to turn right back around on the law. ” and that was all he ever said on the subject, despite the numerous times dan asked. tommy turned the question back to dan. “so tell me, danny, why is a boy like yourself locked up? what did you do to deserve being put in the infamous black iron prison?” dan blushed and muttered shamefully about the mayor’s daughter wearing her dress too high, and tommy howled with laughter and clapped dan on the back. “so it was you who gave that loosey floosey tramp her comeuppance? daddy didn’t like that, so he pulled some strings and got you sent here, huh? well danny, you’re just fine with me.” and like that, dan’s eyes lit up and he was the happiest he’d been in quite some time. dan remembered the last time he saw tommy. he hadn’t known tommy would disappear in the middle of the night, hadn’t known that tommy would just leave without saying goodbye to him, hadn’t known… dan sat up. whoever was in the room with him wasn’t quint. dan had lain awake countless nights listening to quint snore loudly through his pillows, and not once had he made a noise like this. it was a sick noise, diseased sounding. corrupt, somehow, and wet. a knot the size of his fist formed in dan’s gut and he felt close to throwing up. eyes wide, trying desperately to make his gaze split the smothering darkness, he turned and looked at what was on quint’s bed. the night guard’s flashlight shone from a lower level and briefly illuminated the thing perched on the bed opposite him. the glimpse dan was afforded was enough to send a jolt of fear coursing down his spine. the whole thing was a sickly white color, like it had been born and had lived away from the sun’s omniscient stare. its broom handle thin arms were resting on bowed legs just as thin. oozing red sores covered its torso and forearms, and its spine pushed irritably against the skin of its back. around the creatures neck was a bell held against its bony emaciated chest by stringy twine. seeing all of this was certainly enough to frighten dan, but it didn’t compare to the numbing terror he felt when he saw the thing’s face. its face was angular and ended in a pointed chin with high cheekbones, and that’s where the similarities to a human face end. its mouth was simply a fleshy hole filled with teeth. it had no nose; in the middle of its face was a lump that suggested the silhouette of one. its eyes were misshapen, one slightly larger than the other, and both were set unevenly on its face, like a clay modeler had grown careless and lazy. its eyes didn’t reflect the light. rather, they seemed to absorb it, to devour it. it was completely bald, the light shining off of its sickly veined skin. and then the wayward pillar of light shifted again, and dan was in the pitch black of his cell. the wet rasping had stopped. dan had pissed the sheets. he felt the warmth spreading across his legs and under them. hardly planning his next move, dan ripped the sheets off and threw them in a ball at the monster and ran to the bars of his cell, pushing against them desperately. “help, somebody! guards!” dan yelled as loud as he could, but no one responded. his voice just echoed uselessly down the corridor. a low growl sounded behind him, and the monster rang the bell against its chest. dan could hear it shift on the bed, and then he heard feet pad lightly as it touched the ground. the fear that was in him bubbled over and he began to cry. he wailed nonsense through the bars, but still no one responded. he could hear the creature getting closer and closer, its feet smacking the ground softly, and in his mind he saw the thing reaching out to him in the darkness, sightless hands groping aimlessly for his neck. the footsteps stopped and dan turned around. his arms sore from pounding the iron bars, he held his fists up like a boxer and yelled “what do you want? come on!” he put all his weight behind a single punch, threw it, and missed. thrown off balance, he toppled to the ground in a pathetic heap. he curled into a ball and sobbed “not me, please, not me.” dan felt clammy hands grab his shoulders and he tried to bite at them. “yowch! you little shit!” a hard hand smacked dan’s face. “have you lost your fucking mind?” there was a light at the cell door and a harsh voice barked “hey! both of you stand up!” confused, dan looked up and saw a guard shining a light into his cell and quint grasping his shoulders. dan put his hands on his face and wept. ** the room was so small. sitting down, dan couldn’t stretch his legs out to their fullest, and standing up his head was centimeters from the ceiling. solitary confinement. he had begged and pleaded with the white-suited warden, who sat in a tall leather chair and picked his teeth with a pick absent-mindedly, but he just looked sadly at dan and said “those who are broken must be fixed. this institution is going to fix you, danny boy. three weeks in the coffin should sort you out.” dan cried and tried to appeal to the warden more, but the fat man pressed a button under his desk and two huge men entered the room and pulled dan out. going to the coffin, they passed quint and dan called out to him, begged him to set the record straight, but quint just looked away. ** so dan sat in the small concrete cell and did little else. he tried to count the days as they went by, but he soon lost track. he knew that he’d been in the cell anywhere from three days to eight, but the time seemed to stretch, to morph, and dan couldn’t wrap his fingers around its mercurial strands. he was able to look out of the small window that was no wider than his index finger and no longer than his hand, but there was only the short hallway leading to the janitor’s closet. the prison had no windows, and the harsh buzzing yellow light from outside his cell gave him headaches. his food was ushered through a small one-way slot in the bottom of the door, and dan devoured it hungrily. he was fed very irregularly, and when he got food he licked the tray clean. to pass the time, dan would sit and sing songs that he remembered from his childhood. he tried to, at least. only fragments came to him in the dark of his coffin, small bits of a tune, or a line of lyrics misplaced from the rest of the song. dan would try to push his feeble mind as hard as he could, but often gave up in frustration, pounding his head and fists against the unyielding concrete wall. there weren’t many nights when dan didn’t cry himself to sleep, head aching fiercely. and always he dreamt of the creature from that night, its mouth filled with too many teeth, its dead eyes drinking in everything and seeing nothing. he woke and could still hear the chime of the creature’s bell in his ears, echoing back into the recesses of his mind. he didn’t know if it was nighttime when he fell asleep, head propped painfully against the wall, but dan was dreaming again. in the dream, he was lying on the ground in the weak moonlight, and tendrils made from inky shadows were constricting his arms and legs. there was a fetid smell in his nose, like something had died and was rotting. the harder he struggled, the tighter his reigns became. he could only watch as he first heard the chiming bell and then saw the creature emerge from the darkness crawling on wasted legs, hands blindly fumbling for a clear path. he begged and pleaded, and the creature tilted its head to one side, seemingly curious, and then it leapt onto his chest, thin bony hands ripping his stomach apart, his flesh being flayed in ribbons and intestines flying as it buried its face into dan’s chest and tore his organs apart with its cruel teeth. dan woke up screaming, his voice bouncing harshly around the coffin, and as always, the bell ringing softly in his ears. dan was not a morbid person, but for a brief moment he considered braining himself on the cold stone wall, ending his nightmares permanently. ** more time had passed. the guard had stopped coming with a bedpan, so dan had no choice but to defecate in his cell. he hadn’t eaten in what felt like days, and if he had a mirror he would’ve been shocked at how gaunt his face was. his limbs ached fiercely and popped constantly from lack of use. a perpetual churning had started in his stomach and he felt close to vomiting. a spider crawled on the ceiling of his cell and he was nearly desperate enough to make an attempt eating it, but the thought of swallowing all those legs made his throat tickle and he decided against it. he had no more tears left, so he rested his forehead on his arms and sighed deeply. sleep wouldn’t come either, so he started tapping his legs rhythmlessly. he was crushed by anguish. any former trace of the dan that had entered the coffin had fled and left behind a pathetic and withered husk. when dan wasn’t sitting in numbness, his mind oscillating between broken childhood memories and tuneless songs, he was standing, trying hopelessly to catch a glimpse of someone walking past his cell, maybe get them to talk to him. dan had quickly lost the power of coherent speech in his solidarity. a pressure started suddenly to build in his head, and his sinuses started to swell. his eyes felt like they were on the verge of bursting. confused, dan clutched the sides of his head and whined helplessly. a light shone at the small window outside of his cell and he looked up, expecting a guard to bring him his meal. the light was strange though; it had an ethereal quality, and it seemed to shine through the bolted door. it was growing brighter and brighter. dan stood up, excited to finally have some kind of interaction with someone. expecting to see a human face through the window slit, dan gasped, shocked. floating quietly through his door as if it was as insubstantial as air was a dove. dan’s eyes widened and tears stung his eyes. he fell to his knees, his mouth agape, unable to do anything but gawk dumbly. the dove, wings flapping serenely, lighted softly in front of dan and cooed gently up at him. dan, awe filling his whole being and his limbs and head feeling renewed, looked down at the ghost bird and croaked “come on, penelope. up up!” and the dove hopped into his waiting palms. lifting the luminescent bird to his face, grinning so wide his dried lips split and were bleeding, dan had never felt happier. he brought the ghostly vision to his face to kiss it, but when the bird touched his lips it disappeared. at once he was back in his cell, the beautiful pearly lights gone, reality placing its heavy shackles on his body. his limbs ached, his throat was desert dry, and he felt like he was going to heave. dan sat back, his body heavy and light at once, his mind fading. he felt the strength leave his body, his arms falling limp at his sides and his breath fleeing his lungs. the last thing in dan’s head was a memory: dan, kneeling, a limp, lifeless body in his hands, blood soaked. feathers littered the ground around him. he was sobbing desperately, mucus clogging his nose and running down his lips, his throat aching and his stomach lurching. one word was repeated through his clenched teeth: “penelope…. penelope…” dan’s chin touched his chest, and he was gone. ** sitting in his tall leather chair, white suit barely containing his immense girth, and picking his white teeth with a small wooden pick, the warden leaned back, a wide grin on his lips. maybe it was the strange light in his office playing games, but there seemed to be more teeth than normal in his mouth. a single word escaped his lips as he reclined: “delicious.”",1
936035,dirty and perverted fat housewife calls for another hot bbw for her hubby [deleted],1
796139,"a victory, eight months in. so, after a bout of some terrible depression and wicked antidepressants, i put on somewhere around 45 pounds about three years ago. after reaching 162 lbs, which classifies someone of my height (5'0"") as obese, i realized exactly how miserable it was making me. i just felt really awful and tired all the time, my body didn't match the way i wanted to look, and i just *felt awful.* so, last june, i got serious about changing it. i downloaded myfitnesspal and just started tracking everything. the first big shock was how much i grazed. i still grazed but i got more disciplined about tracking *everything* i ate and i learned to gravitate toward healthier, lower-calorie options so i could still do it but also keep to my goals. i still go out, still drink, i never deny myself anything - but i have learned to pick healthier options for most days and save the carb-loaded lasagna for a once in awhile thing. i aim for around 1200 kcal per day. most of the time i hit it. not always. [since june, i have lost around 32-34 pounds](https://imgur.com/a/7q1nlcj). i still have more to go, but today, at 128 lbs, is the first day that marks me being in the ""normal"" bmi category. my body feels amazing, i have a ton more energy and feel more energetic and my outlook is a lot brighter. i also just joined a gym today to introduce exercise. none of this was done with adding any exercise, but instead by learning to eat in a healthy and sustainable way that did not punish myself for transgressions. this isn't over when i hit my preferred and comfortable weight, it's just how i do shit now. i'll still keep the heavy stuff for a sometimes thing, still will gravitate to lean proteins and a lot of vegetables, mostly cause i feel good when i eat them and i just really dig them now. this is just me living a healthier life. it doesn't really matter how long it takes me to get to the end of my goal, this is just a lifestyle and i'm really excited to realize that it's been eight months. it's hard to convey that it isn't a diet anymore, it's just how i do things. my advice for anyone who is curious: **- don't punish yourself.** if you eat too much one day or feel like you messed up, just remember that it takes 3500 kcal over maintenance calories to gain one pound. so you really didn't mess anything up, you might have just slowed it a little. and that's okay. **- don't deny yourself.** look at your calories as a budget. i like to log everything in the morning that i plan/expect to eat, that way when i get to dinner or if i know i want real ice cream later, it isn't a surprise. budget your calories like you're budgeting to pay off debt. sometimes you make progress, sometimes you don't. be patient. **- your weight will fluctuate.** don't panic. salt will make you retain water, sometimes your body will just get weird. don't expect linear progress, it's not really possible. focus on the overall trend. thanks for listening.",1
987926,"lost the fat- now, how much should i eat to gain the muscle? i've struggled with weight problems for most of my life. about a year and a half ago, i finally got control over it- counting calories, getting those calories from balanced sources to ease hunger, etc. all told, i've lost about 110 lbs. as of a few weeks ago, i was at my lowest weight ever as an adult; about 182 lbs. i'm approximately 6'0"" tall, and both bioelectrical impedance analysis and body fat calipers currently put me at between 14-16% body fat. i've still got a small gut, but overall i'm pretty happy with my progress. the only problem is that i'm now weak as a kitten. i've read that you can't lose fat without losing muscle, and that's definitely been my experience. when i was around 240 lbs, i could do 2-3 pullups. now, nearly 60 lbs lighter, i'm lucky to get one. what's more, it's pretty obvious from looking at me that i'm weak- for all that i still have a belly, you can see each one of my ribs quite prominently. i've got sort of a chubby skeleton thing going on. not good. a few weeks ago i decided to correct this problem and start lifting. with the help of a far more lifting-experienced friend, i've begun the program outlined in mark rippetoe's starting strength. even though it's only been a few weeks, i'm seeing noticeable gains in strength, which has me happy. the changes in my physique are, thus far, subtle, but noticeable. i want to make sure i'm doing this right, however, and i need some advice. see, i'm pretty darned experienced at losing weight at this point. when losing weight, i try for a daily caloric debt of around 600 calories; for me, at my current weight, that's about 1700 calories. hence, to maintain my current weight requires, by rough estimation, that i eat about 2300 calories per day. however, to put on weight by building muscle from lifting, i want to be consuming *more* than that, don't i? i've been sure to follow every lifting session with a tall glass of milk with a scoop of whey protein, but to gain muscle mass i actually want to be running a fairly hefty caloric surplus, right? the problem is: i don't know how much more i should be eating. i've worked hard to get where i am, and i don't want to blow it by eating wrong and gaining back the fat i've lost. i know you have to gain **some** fat to gain muscle, just like you have to lose muscle to lose fat, but how can i minimize the amount of fat i gain back? clearly, eating 6000+ calories of bacon every day will make me gain weight, but i'm guessing it won't be in a good way. do i need to run a caloric surplus every day, or just while i'm lifting? i lift three times a week (sun/tues/thurs) and train (martial arts) 3 times a week (mon/wed/sat), with friday as a rest day. it's been my standard practice to simply eat back the calories i burn on training days, to keep the same caloric debt as on non-training days. would i be sabotaging my efforts by running a caloric debt on training days, and a surplus on lifting days? my hope is to bulk up over the next few months, and, after accruing a good amount of muscle weight, go back into debt-mode to try to get my body fat percentage down to 10% or lower. any advice?",1
915100,"pleasure in the present day december 14th, 2018 diana stretched her arms while she waited for her coffee to be made. stretching was always a welcomed sensation as the lard on her upper arms shook to a flow. stretched up in the air diana’s hairy pits were on display. taking a deep breath she started to move, putting on a yellow top that hugged her folds and the bottom most roll of her tummy stuck out. underwear next, having been worn the previous day. each time diana lifted a leg the jello behind her greek tanned legs jiggled. they shook until they were around diana’s ample waist, a folds spilling over on the side in a muffin top. &amp;#x200b; wiping the morning due from her eyes she looked at her backyard. a simple one story farmhouse with acheres upon acheres of land. there were definite benefits to being an immortal. she had purchased this plot of land nearly over a hundred years ago and it had been leant down to various descendents, her various aliases, lynda carter, lucy lawless, keri russell among others. it was, how the expression goes? a fortress of solitude? or something much less dramatic, home away from home. she’s been a fixture in this small town for quite some time, barely anyone questioned it. she was just a daughter visiting. remarkably good genes. &amp;#x200b; she was nowhere to be found and the greek goddess could let her hair down. what to do first thing in the morning? the vibrating sensation in her flabby stomach made her decision for her. her refrigerator was stacked with elk meat. since finally settling down diana had come to appreciate sport and the ritual of hunting for food, especially because she didn’t use a single power, hunting like a man. &amp;#x200b; she took two skills and put them on the stove, firing them up. cracking open a few eggs she dumped them in a glass and added full milk before whisking them around. a drop of butter on both frying pans and poured the scrambled eggs into one and dropped a fatty piece of elk steak. &amp;#x200b; diana smiled pleasantly to herself as she added herbs from her garden into the cooking eggs and sprinkled spices onto the steak. as reached over to prepare another frying pan for her sausage and bacon she found her stomach pushing against the oven. the upper part of the oven was absorbed into diana’s softness. &amp;#x200b; “goodness me” diana chuckled at her belly touching the stove and noted how her round arms shook. taking a step back dinan looked down at her belly, seeing that she could barely see her feet anymore. out of curiosity she went to the bathroom and got on the scale. &amp;#x200b; the needle swooshed to 300 pounds and was jammed in the corner. &amp;#x200b; “i suppose it’s been a long time coming.” diana remarked as she stepped down, making the brown tan cellulite of her thighs wobble. clutching her stomach, there was no doubt she had flabby belly and her face, although plump and rounding out any points, had a true elegance to it. &amp;#x200b; still, 300 pounds was quite the shock. at some point she had just decided to let go and it all led to this. &amp;#x200b; ================== &amp;#x200b; it was united states air force pilot steve trevor crashing on themyscira that forced diana to leave her paradise island and confront a mere mortal who felt himself superior to everyone and everything, and that had brought the world into a war. &amp;#x200b; it was in this war that she revealed herself to the world as wonder woman. fighting side by side with steve she explored the world of man and was marveled by its progress in eliminating diseases and having the potential to reach the stars, while at the same time horrified by man’s capacity for hate and cruelty. &amp;#x200b; time went on and the second world war ended. steve trevor and diana parted ways, with diana returning to themyscira a warrior princess. however, the peace that had been won did not last as the world was split into east and west, the start of what became known as the cold war. &amp;#x200b; in 1970 the united states approached diana to once more fight for them, as part of the intra-agency defense command. it was through there that she met steve trevor’s son steve jr. and worked with him as wonder woman as she did with his father. &amp;#x200b; but over time diana started to become jaded. the cold war seemed entirely petty to her and with each marxist republic she toppled she wondered what the point was, what were they fighting for. it seemed entirely meaningless, a war of ideologies. &amp;#x200b; still, diana pressed on as the years passed until new years eve 1989, where she was sipping a glass of champagne while the iadc watched the ball about to fall from the fancy hotel the agency had rented all for them. as the minutes were counting down to 1990 diana was tired. &amp;#x200b; steve jr. approached her “it was a wonderful year. the warsaw pact blew up, the wall came down. communism is failing, it’ll only be matter of time till the ussr breaks entirely.” &amp;#x200b; diana took a curt sip, “too much blood has been spilled in this so called cold war. what was it all for?” &amp;#x200b; “diana…” steve didn’t know what to say, but diana continued, “i don’t think my faith in man can get any lower.” diana poured her champagne into a potted plant as she said, “when the the ball falls and the year is 1990 i will officially declare my retirement from the iadc and from being wonder woman.” &amp;#x200b; 3! 2! 1! &amp;#x200b; “happy new year!!!!!!!!!!!!!!!!!!” &amp;#x200b; as the balloons fell and the joyous celebrations were had diana gave steve her badge and walked away without saying a word. &amp;#x200b; the start of the 1990’s was difficult, creating a new identity always is, right down to a new social security number after some major thinking she came up with gal gadot. the first thing a newly invented person needed to have was a job and diana, or rather gal, took on bottom of the ladder food maker. &amp;#x200b; it was a curious thing for a such a beautiful woman like ‘gal’ to even wanting such a position at a place like taco wiz, but diana was hired and put to work. it was a life changing moment for the amazonian. it allowed her to be on the same level as the common people, working like them, living like them. &amp;#x200b; races and creeds were united by the food, and seeing them all getting fat in the process. it was a unifier, a guiding light to lead a world that was already undergoing rotundity. &amp;#x200b; fat will lead us to peace. &amp;#x200b; it was a philosophy that would stay with dina a long, long time. &amp;#x200b; ============== &amp;#x200b; by the mid-late 90’s a customer came to the counter. diana, in her mustard yellow uniform, flash a beautiful smile showing grace “welcome to taco whiz, what can we do for you today?” &amp;#x200b; however the customer looking back at her was her sister donna troy. &amp;#x200b; “are you still working at this place?” donna asked, embarrassed that princess diana of themyscira, daughter of hippolyta would be lowered to such a state. &amp;#x200b; diana smirked at her clone,”i’m enjoying my retirement. i’m getting in touch with the world of the patriarchy. my break is about to start, why don’t you go take a seat and i’ll bring your meal over.” &amp;#x200b; donna took her seat and was amazed at the change working in such a place had brought onto her sister. &amp;#x200b; dressed in a yellow skirt and a yellow blouse diana was more like a diner girl, let alone a superhero or a princess. she already had been blessed by a figure of the pure femininity, but the tacos and enchiladas diana had ordered every lunch break added it’s contributions to her femininity by inflating them. her shapely legs grew thicker , while her stomach had remained trim, just a touch of softness could be placed around her tummy and her hips struggled with the bottom, she could hardly close the clasp of her skirt. diana was already well endowed by her very nature, but now her heaving breasts were threatening to burst a button off her top, she was an accident waiting to happen. &amp;#x200b; “now what brings you here? aside for your amusement?” donna smiled kindly, “because i wanted to see my sister.” the two got up for a hug but when diana bent over she felt her bra snap. “oh no…” “diana what’s wrong?” “my clasp snapped.” “haha!” donna couldn’t help but laugh, she could now see how her blouse became much bigger. “donna troy this is serious.” “it was going to happen eventually with those knockers of yours. quit having lunch here or you’re going to explode out of your uniform. or at least cut back a little. okay?” &amp;#x200b; diana took donna’s words to heart, after her wardrobe malfunction she paid more attention to her figure. part of what helped was changing identities again, this time she changed her identity to lynda carter and became a curator at a museum, thanks in part to her long life of knowledge. being in a professional setting kept diana on her feet and she gradually lost the weight she put on. &amp;#x200b; as the 90’s passed and entered the 2000s the world’s obesity epidemic grew and grew. america was still number one in global corpulence, but the rest of the world was catching up. this did not escape diana’s notice, especially when the developing world started to creep up into the top ten. &amp;#x200b; the developing world where famine and hunger was the way of life was in some parts being replaced by fatness and full bellies. while the majority of the world saw concern diana saw...hope. seeing formerly impoverished nations industrialize and it’s population grow soft and flabby meant that a degree of prosperity was taking place, and the only destination prosperity would go was towards peace. &amp;#x200b; it was inspiring to her and made her feel more than a little nostalgic, recalling the early 90s and her own little weight gain. thinking back on it made her smile. she could remember the feeling of her softening stomach and how sensational it felt. it was so different from her familiar abs. &amp;#x200b; fatness was just about a taboo for the warrior mentality of the amazons and it strangely felt liberating to have committed such a so called taboo and to have nothing come from it. &amp;#x200b; the thought was there. the feeling was there. should she do it? was she really thinking about it? she didn’t purposefully break the taboo last time, but this time...well, nothing came out of it the last time, right? &amp;#x200b; diana chuckled. &amp;#x200b; yes, she was going to do it &amp;#x200b; ================== &amp;#x200b; there were two big taboos in themyscira. &amp;#x200b; lazy idleness was a taboo to the amazons. just laying away doing nothing, it went against the warrior way. it was perceived in their culture that not helping your fellow woman when there was need was immoral and wrong. wonder woman carried that ideal with her, but when diana had retired wonder woman, she retired that ideal as well. &amp;#x200b; she was absolutely reveling in being lazy. it felt like such a novelty, to behave in such a slothful manner. she often spent weeks wearing the same pajamas all day long, only changing into real clothes when she had to go out or go to work. &amp;#x200b; the sensation, the very concept, of doing nothing really was something to diana. lazing and passively eating what she wanted like the princess she was. having the biggest decisions be whether to take another nap or have another snack. &amp;#x200b; while diana slothed about she was also packing on the pounds. &amp;#x200b; gluttony was another major taboo. in the big picture diana never got even remotely fat, just the tiniest bit chubby, but this was due to her amazon nature. it wasn’t easy for amazon's ro get fat. &amp;#x200b; to be fat in themyscira was repulsive because of the implication of just how much a woman would have to eat just to be seen as fat in an island of warriors. it grossed many out to think the amount of effort that would be needed to maintain something like a gut. &amp;#x200b; needless to say diana was certainly putting in the effort &amp;#x200b; those years earlier diana wasn’t even trying to get fat, it just happened as a consequence of her environment. her working environment was way different with the museum, so diana had to improvise. on the way to work each morning she would eat a dozen donuts, becoming a recurring customer to the immigrant baker that appreciated the beautiful young women's business so early in the morning. she kept candy in her purse, and ate fast food after work every day. &amp;#x200b; she couldn’t remember what her previous high had been, but her first weigh in after her first month of pigging out had left her at a chubby 140. upon learning her weight diana looked herself over in her mirror. she was certainly as chubby as years before, maybe even bigger. the number on the scale gave her new found tubbiness a tangible feeling. her face, breasts, and butt were all rounder, fuller, and softer than before. meanwhile diana’s waist was soft and robust with a pot belly forming, while her thighs were getting thicker and her upper arms started to get flabby. &amp;#x200b; seeing such a change in her body, going from firm to soft, was amusing to diana. poking her pot belly diana nodded to herself in affarimation, “i’m getting soft and fat.” she turned her back to the mirror and looked behind her. her back had two small rolls that she reached behind and pinched. “i’m becoming the size of an average woman in this society. it feels...nice.” &amp;#x200b; yes, it did feel nice to diana, nice enough that even though she was now larger than she was ten years ago she didn’t feel like she had to stop. she could continue on, and continue on she did. it was a very pleasant time eating and getting fat. she could have all the chocolate she wanted, and with the way her body worked that meant she needed all she could get. chocolate every day, something cheesy every lunch, something rich and decadent every dinner. &amp;#x200b; when diana ate out at restaurants and buffets she didn’t care about the stares of the other patrons and how they gazed at the chubby but beautiful young woman with plates and plates of rich fattening food. she could imagine what they must be thinking, “you’re so beautiful despite being so chubby, stop righting right now or you’ll get fat!” &amp;#x200b; imagining that only made diana take bigger bites, it encouraged her to get even fatter. more pasta, more bread, more cheese, more meat. her choice of food ranged from fancy to the trashy fast food she had worked with, and her tastes usually aligned with the later. she really did enjoy going fast food hopping, from place to place she went out to eat, savoring the subtle differences each place had. it was amazing to her how so many places could make something like french fries so different. &amp;#x200b; over time as she gained her clothes grew increasingly tight, her work clothes hugging her newfound jellyrolls. in some ways diana enjoyed the tightness, it emphasized certain features such as her growing ass, the outline of her crack could be made out through the fabric of her grey slacks. the general feeling of tightness was also appealing to her, how it constrained and gripped her, the binding feeling was almost erotic to her like a form of bondage. &amp;#x200b; of course this came with it’s own challenges. &amp;#x200b; there were many times during work that a wardrobe malfunction would happen. diana would be walking through the museum while noshing on a cream cheese coated bagel and a button would randomly pop off her pants, shooting a few inches from her and falling on the ground. &amp;#x200b; popping her buttons always filled diana with enormous amounts of embarrassment, she would always hastily scrape the discarded button off the floor and hurry back to her office to hide for the rest of the day. &amp;#x200b; it was a complex emotion, what she felt when she popped her buttons. there was shame, but that shame was also mixed with a sense of...excitement. the sensation of popping, so sudden, sent shivers down diana’s spine. &amp;#x200b; it wasn’t just her pants that she was popping buttons off. her well endowed bust was routinely popping her blouses, her shirts just could not contain all of her great big breasts. sometimes she would be eating at her desk when a button would pop off her chest and land on her table. once more she would be forced to stay inside her office and hide for the rest of the day. &amp;#x200b; but the worst thing was when she would rip her pants. &amp;#x200b; it occurred almost more often than her button popping, and increased as she piled on the pounds. her burgeoning ass stretched the constitution of the fabric, stressing it and pulling it over the widening expanse of her butt. all the tugging and pulling the extreme curves of her bottom pushed the fabric to it’s limit until it could take no more and give out, tearing down a line like an invisible scalpel through metaphorical flesh. &amp;#x200b; the instance of her ripping clothes made diana even more embarrassed than when she popped her buttons because it was much harder to hide and it occured when she least expected it. bending over was a no no and she had to be careful just sitting down. sitting down alone was enough for her to burst out of her britches, when she would sit her flabby ass would spread out and add way too much pressure on her stressed pants. &amp;#x200b; yes, diana was growing fast and soon the amazon princess reached 240 pounds. she was officially fat, no longer merely chubby and that fact was a startling thing for diana. her face had grown increasingly rounder, her high cheekbones were hidden under a blanket of face chub and she now had a double chin. &amp;#x200b; the sensation of having a double chin was something else entirely to diana, she looked completely different with it. she was fascinated by it, constantly playing with it. she would pinch the dangling roll and jiggle it between her fingers and other times she would try and lift her head as far as she could to see if it could go away. to her amazement it never did. &amp;#x200b; her belly was now starting to be reclaimed by gravity’s pull, it sagged down over her pubic line when she stood. her arms, once buff and muscular like a proud amazonian warrior were now round and flabby, her upper arms had quite a bit of sag to them when stretched out, she had achieved full on bingo wings. &amp;#x200b; her breasts were bloated sacks of flesh, they were heavy and sagged down on her tummy, with her porky nipples pointing towards the ground. she required a bra that she had to order over the internet, she was far too much of a big girl for the average fat girl shop to get her needs met. &amp;#x200b; her thighs had exploded in girth, truly becoming thunder thighs they rubbed together at the upper most part and jiggled at the slightest movement. her ass was more than flabby now, it filled the largest of the big girl panties she could find. saddle bags had formed and she was also getting coated in a layer of cellulite. &amp;#x200b; “i am fat.” her reflection in the mirror talked back to her while examining her body. she didn’t say it in a pouting sort of disappointment, but rather a sense that this was a fact. &amp;#x200b; reaching down and jiggling the creamy soft part of her inner thighs she smiled, “it’s ironic, i now feel more womanly than i ever did while part of an island of women.” &amp;#x200b; her hands held her breasts, they spilled over her palms. weighing them in her hands they felt heavy and full. she looked at her reflection and smiled. yes, she was fat and she would enjoy every second of it. &amp;#x200b; ========== &amp;#x200b; it was a bold statement, to say that you were proud of being fat, that you were actually enjoying being soft and heavy. &amp;#x200b; diana’s resolve continued to be tested by her increasing girth but she was not going to stop doing what was making her happy. she would tackle any obstacle her obesity threw at her. one such example of this was when she had to meet her sister donna troy and cassie, the current wonder girl and teenage daughter of zeus. &amp;#x200b; she went to meet them at the local buffet and both girls were shocked when they saw diana approach them. &amp;#x200b; at this time diana reached a point in her weight gain that she had begun to waddle. her thunderous thighs were overly bloated and brushed against the other, forcing the corpulent princess to shuffle left and right. her white capri style leggings hugged her fleshy legs like sausage casing and her cellulite dimples could be seen through the material. for a top she chose a simple red tank top that showed the entirety of her round flabby bingo wing laden arms, and the heft of her gut was outlined in the top. &amp;#x200b; donna was speechless seeing her sister’s obesity on display, but cassie grew a huge grin. &amp;#x200b; “diana!” the blonde teenage bombshell lunged at her in a big hug. she couldn’t stop smiling as she swooned, “look at you!” she poked and prodded various fatty bits like her upper arms, the rolls on her back, and especially her tummy. “you look amazing diana, you’re like, a woman’s woman.” her hands traced diana’s hips, marveling at the wide curvature, “you’re like incarnate, heheehsh!” cassie’s eagar laugh ended in a snort, a rare glimpse into the prom queen’s true nature of a mythology nerd. &amp;#x200b; diana blushed, not expecting this response from the teenager. however unexpected it was it wasn’t unappreciated, diana returned the hug, chuckling “hmhm, it’s good to see you too.” &amp;#x200b; donna remained speechless, she didn’t know how to respond to just how obese her sister was. she decided not to comment on it, opting instead to give her sister a hug and lead them into the buffet &amp;#x200b; in the buffet donna and cassie were amazed by how much food diana was piling on, in particular pieces of fried chicken and the collection of mashed potatoes she was smothering onto her plate. the girls were even more stunned at how diana kept going back and forth, bringing more plates of food to the table from the buffet line. finally when diana was finished and settled she had four pieces of fried chicken, mashed potatoes, three slices of pizza, a hefty helping of spaghetti and meatballs, five tacos, and a massive bowl of banana pudding. &amp;#x200b; cassie was gobsmacked, she couldn’t believe a woman could eat all that food, “jeez diana, you’re really hungry, huh?” &amp;#x200b; “i’ve let myself go.” diana nonchalantly said as she started on the pizza first, dipping the slices into the marinara sauce of the meatballs. &amp;#x200b; donna looked inquisitive, “yeah, we can tell. i didn’t want to say anything, but you’ve put on a lot of weight. why though?” &amp;#x200b; diana forked a big mouthful of spaghetti into her mouth, chewing and swallowing before answering “i feel more in tune with the mortals like this. the mortals are growing fatter with every year, i should blend in better, right?” &amp;#x200b; donna chuckled, “yeah you sure are resembling the average american woman now. but, is this really what you want?” &amp;#x200b; diana looked at her feast before her and then at her big belly and gave a slight smile. &amp;#x200b; “it is. i’m not going to stop, not yet at least. i’m just having way too much of a good time eating what i want.” &amp;#x200b; donna watched her sister tear into a chicken leg with two big bites, cleaning the bone. she put her chin to her left hand and smirked the kind of amused grin whenever her sister did something to amaze her. “if you say so sis. gotta hand it to you though, cassie’s right. you’re very beautiful, even as a fat woman.” she touched her sister’s plump hand and rubbed her dimpled knuckles with her thumb. “you really are like aphrodite. you’re practically glowing. the curve of your hips, your breasts…needless to say i’m jealous!” &amp;#x200b; cassie blushed, nodding as well, “yeah diana, you’re hot. no other way to say it.” &amp;#x200b; diana couldn’t help but laugh, “oh wow! hahah, i don’t know if i can handle being compared to aphrodite.” she then stopped laughing and smiled kindly at them, “i’m glad you two approve, i know this is unusual. but you girls are my sisters and my friends, and are the two i would most want to understand me.” &amp;#x200b; donna smiled, “well i’m glad we all understand each other.” cassie smirked, “better eat your food before it’s cold diana.” =========== &amp;#x200b; one day diana decided to go out. &amp;#x200b; she was curious, just what could she do now that she had put on some substantial amount of weight? 260 had passed by yesterday. it was unusual for an amazon to grow fat, so out of the ordinary. it was why she wouldn’t fault donna or cassie if at any time they thought she was being weird. &amp;#x200b; so she went into the open dressed in her old costume. it was staggering what the added weight did to her appearance in her costume. &amp;#x200b; her legs had grown rounder from her calves which were crammed in her boots, to her thunderous thighs that shook as she jumped from rooftop to rooftop in gateway city, clapping against each other with each jump she took. her stomach was tucked tight into her suit, it shook and wobbled, slapping against her pelvis at times. &amp;#x200b; entering an abandoned building diana stretched, bending over forced her breasts to slap against her stomach while her thunder thighs thundered all the way down her calves into her boots. &amp;#x200b; she extended her arms out as a burcher showing the finest cut of meat. two complete hanging sacks of blubber, where once had been amazonian muscle. the doughy substance had overtaken her own genetics, turning her amazon body into something degenerate and revolting to their culture. with a grunt she started her agility, jumping from beam to beam. dropping down she found a car and tried to lift it, her big bottom was shoved out as she tried to lit with all her strength. diana tried and tried, even advenvertly passing gas in frustration. she tried to do a backflip but her rising chest caused by her taxed lungs and a heart that wasn’t used to this at all. &amp;#x200b; diana was out of shape falling on her wide rump made her upper part of her body wobble. with her great belly rolls seated as she was wonder woman looked like a soft serve ice cream cone. hardly the so called protector of the world. falling on her back she know donna and cassie would have it. she smiled with confidence. &amp;#x200b; &amp;#x200b; ================== &amp;#x200b; “buuurp….” &amp;#x200b; diana let out an unladylike burp after she finished her breakfast. it brought herself back down to the present. looking down at the mess of tummy tubber she gave it a gente rub, cooing at the softness. far and far it stretched, over her knees in her chair. as she rose diana started to undress, letting her folds fly out. stretch marks tracked the thunderous woman down. the world hadn’t ended. it was a time to celebrate. she waddled around the house nude as could be. she grunted and let out a few farts for the heck of it. she was a goddess of pleasure. she grasped an entire chocolate cake and threw back into an easy chair and pushed it back. &amp;#x200b; she smothered her face into it, her nose snorted for air and blew chunks out. she opened wider even with her hoggish mouth open, getting more than she could fill. a goddess of pleasure her chocolate covered fingers started to twist her chest while her hand hurried, tried, but there was just too much belly fat for her to reach which only made her excited her, cumming massively and yelling out, forcing the birds to part from the trees. &amp;#x200b; this was perfect diana thought. quitting wonder woman and letting the world to themselves and become one of them was the best she had made. &amp;#x200b; because she was the goddess of pleasure.",1
922818,"[table] iama personal stylist for men. i teach men how to dress, how to present themselves and how to take pride in their appearance. ama. **verified?** *(this bot cannot verify amas just yet)* **date:** 2012-04-18 **[link to submission](http://www.reddit.com/r/iama/comments/sfy1p/)** (*has self-text*) **[link to my post](http://www.reddit.com/r/iama/comments/sfy1p/tabledresser/c4dytbb)** questions|answers :--|:-- [hi. i bought your tall book when you first promoted it a while ago. i know you said that ""skinny jeans"" are a bad look on tall guys... well, those are levis 511s, so technically ""skinny"". do you prefer me in levis 514s?](http://www.reddit.com/r/iama/comments/sfy1p/iama_personal_stylist_for_men_i_teach_men_how_to/c4dqvhp?context=5)|i'd consider both those jeans to be slim, but not unflatteringly skinny. see the stacking around your ankles, particularly evident in the 514s? follow the line down from your waist to your ankle; it flows down, and looks like there are 'chunks' missing from your calves. try rolling them up more, and pulling the fabric down every time you roll. if your hair were slimmer at the sides, it would make your shoulders appear broader in comparison. have you ever tried tying it up into a bob? i think that could look quite good, worth experimenting, you've got a lot of length to play around with and i think it suits you quite well, i wouldn't hack it all off just yet. [i've recently been trying to work out the ""ideal proportions"" aspect of it.](http://www.reddit.com/r/iama/comments/sfy1p/iama_personal_stylist_for_men_i_teach_men_how_to/c4dqvhp?context=5)|hope that helps! also, for whatever reason, seeing these two photos made me insanely happy, so thanks for that. it *is* 2am here in oz and i've been up far too long, so that's probably part of it. [*your thighs look nice and strong.* *your thighs look nice and strong.* *your thighs look nice and strong.* *your thighs look nice and strong.* *your thighs look nice and strong.* *your thighs look nice and strong.* *your thighs look nice and strong.*](http://www.reddit.com/r/iama/comments/sfy1p/iama_personal_stylist_for_men_i_teach_men_how_to/c4dtdli?context=5)|this has been my favourite orangered of them all. [very basic questions, but feel like most men have no idea where to start.](http://www.reddit.com/r/iama/comments/sfy1p/iama_personal_stylist_for_men_i_teach_men_how_to/c4dpqx8?context=5)|great questions. to start with, the prices i give are in au$. consider that here, cost of living is much higher so clothes/everything is more expensive than in the us (but we get higher wages so it evens out). it sounds very limiting, but with basic items like that you can make thousands of different outfits by playing with different colours, fabrics and patterns. [1\) for, let's say, someone just entering the job force with limited funds (lets say $1500\), what would you recommend? let's assume this person needs to wear a suit 2 times a week, business casual the rest of the time. colors, brands, materials, etc?](http://www.reddit.com/r/iama/comments/sfy1p/iama_personal_stylist_for_men_i_teach_men_how_to/c4dpqx8?context=5)|if you ever need to buy a suit, it's always best to get one that has a quality/fit/style that will last for years. every man is different, with a different body type and different needs. but almost everybody will look great in a deep charcoal or deep navy suit. regardless of how much it cost, a suit is worth nothing if it doesn't fit you. the shoulder is the most important fit area when buying a suit off the rack - the shoulder seam needs to fit right on the joint between your arm and shoulder, and the sleeves should flow nicely down your arms without bunching or being too tight. the waist will almost always need to be taken in by a tailor, and the pants should be slim rather than billowy. if you need a belt to hold up your pants, your pants don't fit. suits with a floating canvass last far longer than fused suits. a floating canvas means that a layer of canvas is sewn in between the outer and inner layers of fabric in the suit. in cheaper suits, this canvas is glued in (called ""fusing""), which tends to wear poorly over time. if you're overweight, you need a suit with a structured shoulder and a slim waist that helps to broaden your silhouette. if you're athletic, you need less padding in the shoulder and a suit that drapes your body without overly-accentuating it. shoes are one of the most important parts of a suit. the width of the toe should harmonise with the width of your trousers; if you have very slim trousers, you need slim shoes; if you have more relaxed trousers, you need wider shoes. $300 on shoes - [/r/malefashionadvice](/r/malefashionadvice) would kill me for not suggesting a nice pair of brown allen edmonds brogues, which are incredibly versatile, can be worn with a suit or with jeans, and will last for many years. with a wardrobe like that you'll be well-equipped for just about any situation, good basic wardrobe to get you started. as i said, unsure of how much suits cost in the usa, so you may find that a nice off-the-rack suit + tailoring could come in at less than $800, giving you more cash to spend on shirts/ties/pocket squares/whatever you like. **casual wear for the young business man** i read from time to time, but never made an account. same with sufu, hyperbeast, stylezeitgeist, ask andy about clothes and many others - there are so many great guys on those forums, they're a goldmine for anyone interested in men's style. [brown shoes with a dark suit? arguable, but not the safest recommendation, especially for job interviews.](http://www.reddit.com/r/iama/comments/sfy1p/iama_personal_stylist_for_men_i_teach_men_how_to/c4dvvtf?context=5)|brown is the best choice for a navy suit, and with charcoal black is a better option but brown is still usually fine. i'd still suggest brown (if only buying one pair of shoes) because it's far more versatile for other styles, to be worn with chinos, jeans and the like. black doesn't harmonise as well with these. [biggest no-no you've delt with so far this month?](http://www.reddit.com/r/iama/comments/sfy1p/iama_personal_stylist_for_men_i_teach_men_how_to/c4dpg31?context=5)|very short man who wore a full-length, black leather coat (that bunched on the ground) and small round sunglasses, ala-neo from the only matrix film. |i understood why he wore it, but it literally made him look as though he only had a torso, and no legs. [i'm balding. i've made a conscious decision to not use any products to try to reverse it, and it's probably far gone enough that they wouldn't do that much anyway. i'm perfectly happy with it. i generally keep my hair short (if it's standing up in the morning, it's time to get a hair cut\), and i don't use any products. is there something i should be doing, or is my current regimen fine?](http://www.reddit.com/r/iama/comments/sfy1p/iama_personal_stylist_for_men_i_teach_men_how_to/c4drp0m?context=5)|do you have a photo? it's hard to give catch-all advice about something as broad as hair, but for the wide majority of guys it's always better to let your baldness come gracefully. |as men we don't show off much. besides our hands and a bit of our arms (and sometimes our calves, in winter), the only part of 'us' that we ever really show to the world is our head. everything else is covered by clothes almost all of the time, and should compliment the body while drawing attention up towards the face. |men who are balding - it's tough, because there are often deep-seated issues surrounding a man's hair, as though it's a marker of masculinity or youth. it's not easy to let that go. but it's also unwise to fight tooth and nail to hold on to it, when it's plain to see your hair is disappearing. |compare this to a short man who has self confidence issues about his height. when people look at him, it's obvious that he's short - by standing next to someone we can plainly see if they're shorter than us, regardless of visual trickery. if he wears 6"" platform shoes that bright his height up, his head will be higher up off the ground - but he'll still be short. in fact, the fact that he's trying so hard to fight his height makes him look self-conscious and insincere, which is far worse than if he just accepted his height and used his clothes to confidently show off his body as-is. |balding is the same. hair regrowth products do often work - one of my clients uses them religiously - and i'm not in a position (nor am i knowledgeable enough) to tell you not to use them. however, be graceful about it. if you have a deep receding hairline, keep your hair short; don't assume that adding extra length to the back and sides of your hair will compensate for a lack of hair elsewhere! |don't, do not, do never, ever, **ever** try to cover up bald spots with a combover. when it comes to the point where you're trying to hide your baldness like that, it's time to shave it. don't need to go down to the skin, but shave it as short as you're comfortable with. |this way you look more like a man who in comfortable with his hair and has chosen a style that works with it - rather than a man who is clawing on to every last remaining follicle. the former looks quite natural and, honestly, people rarely even notice. the latter sticks out like a sore thumb. |hope that helps! if you'd like some specific advice, feel free to post a photo. [come at me, please. top 2 photos are more recent--last summer (nyc\) and just in fall, bottom photo is a few years old.](http://www.reddit.com/r/iama/comments/sfy1p/iama_personal_stylist_for_men_i_teach_men_how_to/c4dy1s9?context=5)|[link to i.imgur.com](http://i.imgur.com/yzcue.jpg) [1-your opinion--shame on me? or is it ok. i am comfortable most of the time with it but some days it bugs.](http://www.reddit.com/r/iama/comments/sfy1p/iama_personal_stylist_for_men_i_teach_men_how_to/c4dy1s9?context=5)|the top and bottom pics look pretty ok, but the middle one shows that the sides of your hair are far too long. if you have little hair on the top of your head, **don't** try to overcompensate with thick hair on the sides of your head; this accentuates the roundness of your skull and makes the top of your head look even flatter (as my crude diagram illustrates). instead, you should crop the sides of your hair quite short, which gives the hair on the top of your head more prominence. [2-any other fashion tips? what do you find yourself recommending the most right now/a lot of the time?](http://www.reddit.com/r/iama/comments/sfy1p/iama_personal_stylist_for_men_i_teach_men_how_to/c4dy1s9?context=5)|what you've done in the 3rd photo looks best to me (although you look way better without the moustache!). [how much will it cost me if i asked you to find me a nice dress for tonight? how much will it cost me if i asked you to come with me to the mall and help me fill my whole closet?](http://www.reddit.com/r/iama/comments/sfy1p/iama_personal_stylist_for_men_i_teach_men_how_to/c4dphyw?context=5)|with bigger things like that i have a partner who i work with. we do extended consultations with our clients for which we charge $1250, which includes going through your wardrobe, teaching you where you've gone right and wrong; analysing the best colours to match your complexion; teaching you about proportion and how to use clothes to best show off your body; 2 full days of shopping; a hair consultation with the best hairdresser on earth. [thanks. i'm a guy actually, i have no idea why i said nice dress!! anyway, i live in dubai, and you charges doesn't seem like too much. it's not like someone will hire you 3 times a month, right?](http://www.reddit.com/r/iama/comments/sfy1p/iama_personal_stylist_for_men_i_teach_men_how_to/c4dpo8i?context=5)|nope, it's a one-off thing. basically included in that fee we'll let you mms us photos whenever you want some quick advice on outfits, meet up to answer questions, help you find specific items - all that, for as long as you need it. [yeah cost of living is fun, i live in chicago where those costs are very similar but minimum wage is 1/3 that lol. but any chance youd be in the states any time soon, i'm a pretty heavyset guy so clothes are the hardest thing for me. those rates really don't seem all that bad for what you offer.](http://www.reddit.com/r/iama/comments/sfy1p/iama_personal_stylist_for_men_i_teach_men_how_to/c4dvmv6?context=5)|if i had a few guys who were interested i would consider flying over, but for the time being i'm relatively fixed in australia. [god damnit, those are the same prices as in canada, and our minimum wages is like 9.50 an hour. wtf, canada?!](http://www.reddit.com/r/iama/comments/sfy1p/iama_personal_stylist_for_men_i_teach_men_how_to/c4dsy8f?context=5)|we have wombats though, those things are deadly. [i just wanted to point out that this way of showing what's formal and informal is really practical and i loved it when i read it in your book. i also now organize my wardrobe accordingly.](http://www.reddit.com/r/iama/comments/sfy1p/iama_personal_stylist_for_men_i_teach_men_how_to/c4dt4mg?context=5)|great! really glad you liked the book and glad you found it useful. [clean shaven, stubble, or full beard?](http://www.reddit.com/r/iama/comments/sfy1p/iama_personal_stylist_for_men_i_teach_men_how_to/c4dr7s6?context=5)|depends on the man, the face, [the situation](http://static.wetpaint.me/jersey/root/photos/310/situation%20promo.jpg), the style. with great beard come great responsibility; if you've got one, you've got to groom it. [link to beards.or](http://beards.or) is a really great resource, a good starting point for anyone who's interested in the finer points in crafting a gentlemanly beard. [who is the richest person you know, and what do they do? ](http://www.reddit.com/r/iama/comments/sfy1p/iama_personal_stylist_for_men_i_teach_men_how_to/c4dpvs0?context=5)|in the past year i've met kanye west, usher and [bill nighy](http://www.imdb.com/name/nm0631490/). the latter was by far the coolest. |my richest non-celebrity client was a poker player who earned around 200k a year, but i don't ask how much my clients make. |if you mean people i regularly hang out with, i don't have a particularly high-flying lifestyle. just involves a lot of sitting in cafes, writing, walking around the city and going through dudes' wardrobes. [if you had to pick one pair of shoes to wear this summer, which would you choose? ](http://www.reddit.com/r/iama/comments/sfy1p/iama_personal_stylist_for_men_i_teach_men_how_to/c4dq08i?context=5)|as a great all-rounder shoe with a classic style and a great price, i can't go past [clarks desert boots, pictured in wax-suede](http://i.imgur.com/lnon2.jpg). i know it's the mfa-standard thing to suggest, but they really are a great staple piece. i have a pair and i wear them with jeans, of course, but because they have a wide-ish toe shape they also go really well with relaxed, tapered chinos and dress pants. at a rough guess, i'd say that i wore them 300/365 days in the first year that i owned them. |a little history: they were introduced by clarks for the british troops during the western desert campaign in world war ii. the crepe sole was designed for wearing on sand, and is *incredibly* comfortable. it became popularised in post-war britain and the style never really changed, so if you know anyone who grew up in britain in the 50s - they'll almost definitely know and love desert boots. [can you use those for shorts as well? i think that might look a bit odd...](http://www.reddit.com/r/iama/comments/sfy1p/iama_personal_stylist_for_men_i_teach_men_how_to/c4dqq3e?context=5)|with shorts i think it's far better to get a lower cut shoe. desert boots come up to your ankle, which looks a little weird with shorts. something lower cut - like a plimsol or a boat shoe - would be more appropriate. sperry topsiders (sans socks) with shorts is a pretty classic summery look. [i think boat shoes look retarded, with plimsols being slightly better. what about sandals/flip flops? how do those fit into a summer look of khakis and a polo?](http://www.reddit.com/r/iama/comments/sfy1p/iama_personal_stylist_for_men_i_teach_men_how_to/c4dtgz0?context=5)|personally i'm the same, i don't wear boat shoes but many guys love them. just a matter of personal taste. i also vastly prefer pants over shorts, even in summer, and most often wear chinos with a desert boot, sometimes sockless depending on the weather. |jeans/chinos plus thongs (flip flops) is, at least in australia, frowned upon, looks a bit douchey-fratboy, especially with a polo (and **especially** if said polo has colloar popped). sandals can be cool, but you have to be careful else they risk looking old man-ish. my business partner has a pair of birkenstocks that he swears by (and is an incredibly well-dressed man), but for most a low-profile shoe or boot is far easier. [do you have any tips on how to keep the sideburns clean? is it a daily thing? ](http://www.reddit.com/r/iama/comments/sfy1p/iama_personal_stylist_for_men_i_teach_men_how_to/c4dpyhv?context=5)|varies from man to man. i use a trimmer to keep a short-cropped beard at all times, but if you're shaving i'd pick a point around about in line with the hole of your ear (for me, this is exactly where my cheekbone meets my sideburns) and shave there. don't do anything stupid like have big fat 70-s style sideburns; if it goes lower than the bottom of your ear you'll look like a bit of a fool. |for general beard grooming advice i strongly recommend [link to www.beards.org](http://www.beards.org) [a website for beards... why did i not know this existed?](http://www.reddit.com/r/iama/comments/sfy1p/iama_personal_stylist_for_men_i_teach_men_how_to/c4dqef9?context=5)|the article about shaping your neckline will blow your mind. [thanks. problem for keeping sideburns trimmed at point/hole of my ear is i have glasses sometimes and it pushes down on the sideburn when the hair gets too long... see here for example. but trimming sideburns up higher than where my frame is also looks weird, unless i get a haircut. any suggestions? :\ ](http://www.reddit.com/r/iama/comments/sfy1p/iama_personal_stylist_for_men_i_teach_men_how_to/c4dqd7k?context=5)|oh, wait, thought you meant the bit you shave rather than the actual sides of your hair. have you tried using product to hold them down? that's what i do, works a treat. when you do your hair, put the product in the back first, then the sides, then the top, then the front. then smooth down the back and sides, then style the top however you want. [anything i should be aware of as far as good colors/clothing styles for a tall dark guy with my facial features? ](http://www.reddit.com/r/iama/comments/sfy1p/iama_personal_stylist_for_men_i_teach_men_how_to/c4dr53a?context=5)| [are most of clients straight or homosexual? not hating, just curious.](http://www.reddit.com/r/iama/comments/sfy1p/iama_personal_stylist_for_men_i_teach_men_how_to/c4dqd5x?context=5)|all have been straight (as am i). [gay men (generally\) know how to dress themselves.](http://www.reddit.com/r/iama/comments/sfy1p/iama_personal_stylist_for_men_i_teach_men_how_to/c4drt4i?context=5)|funnily enough, the stereotype about gay men being well dressed is quite inaccurate, at least in australia. as someone who spends most of his life amongst designers, models, retail assistants and the like, i'd say 95% of them are straight. |on the other hand, of all the gay people i know, only a very, very small handful of them dress well. [i'm headed to law school this fall, and while i won't need suits all the time while attending, i'm gonna pick up one or two for interviews and special events, etc. i'm torn between doing simple classic suits and maybe trying a three-piece with a vest which can then be dressed down rather easily. thoughts?](http://www.reddit.com/r/iama/comments/sfy1p/iama_personal_stylist_for_men_i_teach_men_how_to/c4dqgrg?context=5)|if you get a 3-piece, it often doesn't fit properly when you don't wear the waistcoat. i mean, it's fine to the untrained eye, but it won't be perfect. |if you very rarely wear suits, i'd suggest getting one classic all-round suit (navy or charcoal), and then investing in some sport coats and blazers that can be worn in a dapper, smart style without being too over-the-top formal. [i have a feeling my velcro shoes are out?](http://www.reddit.com/r/iama/comments/sfy1p/iama_personal_stylist_for_men_i_teach_men_how_to/c4dp9ig?context=5)|hah. i've seen far worse things. contrary to popular belief, it's not all about suits and pocket squares. [would you happen to know of where i could find shoes like that?](http://www.reddit.com/r/iama/comments/sfy1p/iama_personal_stylist_for_men_i_teach_men_how_to/c4duusl?context=5)|they're a boat shoe, although unsure what brand specifically. if you go to [/r/malefashionadvice](/r/malefashionadvice) and look at the top posts from this year, this one was around #10, in the comments he's listed what he's wearing. [do you agree that neal caffrey is the best dressed character on tv.](http://www.reddit.com/r/iama/comments/sfy1p/iama_personal_stylist_for_men_i_teach_men_how_to/c4ds42s?context=5)|i've never heard of him/his show before, will have to check it out. the cast of mad men all dress extremely well, but for my money i'd pick the dark horse and say that the cast of parks and recreation all dress really well - ever since adam scott and rob lowe came onto the show, it seems like there has been a new costume designer on-set as all of the characters have been using colours in their outfits really effectively. [can i email you before i go on a biz trip and ask for some advice on some outfits? i work from home but i work in finances so my work attire is generally shorts anda tshirt but i gotta dress nicer when i go to conferences n such ;/](http://www.reddit.com/r/iama/comments/sfy1p/iama_personal_stylist_for_men_i_teach_men_how_to/c4dpu5d?context=5)|sure. pm me and i'll pass on my email, although i do get a whole lot of requests like this so it's best to just send me a couple of photos and i'll look them over. or even better still, post them on [/r/malefashionadvice](/r/malefashionadvice) and let the fine gents there help! [in your opinion, what outfits have helped men the most being noticed, creating attraction with women? i know its based on body type and such, so i guess ill throw in 5'9, 150lbs, slim and dirty blond hair medium length.](http://www.reddit.com/r/iama/comments/sfy1p/iama_personal_stylist_for_men_i_teach_men_how_to/c4dqhri?context=5)|it's less about specific outfits and more about having a style that presents you as a charming, confident and positive man. |i know that's probably not the answer you were looking for, but it really varies for person to person. you want to show the world that you're a man who has his life in order, is in control and has good taste. |regardless, if you're short and slim you want to wear clothes that broaden your shoulders without being too over the top. slim vertical lines are actually good for a short guy, as it helps the eye flow up and down your body and makes you look less stumpy. get a haircut with short back and sides and a bit of length on the top. [what are your favorite hair products?](http://www.reddit.com/r/iama/comments/sfy1p/iama_personal_stylist_for_men_i_teach_men_how_to/c4dppoo?context=5)|for me, personally? i have thick luscious italian hair, so i like products that tame without looking greasy or holding too tight. i've been a big fan of american crew's line for a long time, their fibre is great. a cheaper, similar-ish (although imo not as good) option is aveda grooming clay. |lately i've been experimenting with boost powder and a little bit of pomade, which seems to work quite well. [any idea what ever happened to american crew's classic hold? the pomade is excellent, but i recall using a friends classic hold and loving it.](http://www.reddit.com/r/iama/comments/sfy1p/iama_personal_stylist_for_men_i_teach_men_how_to/c4dqaa2?context=5)|[ebay to the rescue!](http://www.ebay.com.au/itm/american-crew-classic-light-hold-styling-gel-8-45-oz-/260968930627?pt=lh_defaultdomain_0&amp;hash=item3cc2f5dd43) |never used it myself, how does it compare to pomade? [what are your view on skinny jeans? i think they suck.](http://www.reddit.com/r/iama/comments/sfy1p/iama_personal_stylist_for_men_i_teach_men_how_to/c4dqnti?context=5)|on 80s hair band throwbacks they look great. but super skinny jeans have been pretty lame for the past 5 years or so. they should, however, still be slim and well-fitted rather than baggy or billowy. [do you have any colleagues in the usa to whom you send referrals? i would love to hire you for a shopping trip, but you insist on being an ocean away. if not, any tips for us statesiders who need sartorial handholding? how do we find a for-hire mentor?](http://www.reddit.com/r/iama/comments/sfy1p/iama_personal_stylist_for_men_i_teach_men_how_to/c4dzmib?context=5)|i don't have anyone in the us i'd specifically recommend, unfortunately. i've had numerous requests about this today, if there is enough interest i might have to organise a special trip... [wear white socks with business casual when i can get away with it (laziness\).](http://www.reddit.com/r/iama/comments/sfy1p/iama_personal_stylist_for_men_i_teach_men_how_to/c4dsd4t?context=5)|it takes no more effort to put on black socks than white socks. [have one pair of jeans i like, though prefer sweat pants (that typically have holes\) just unfitting/bad clothes all in all.](http://www.reddit.com/r/iama/comments/sfy1p/iama_personal_stylist_for_men_i_teach_men_how_to/c4dsd4t?context=5)|it takes no more effort to put on a pair of nice pants than to put on sweatpants that have holes in them. it sounds like you're not lazy at all - you just prefer to act like you don't care about how you look. the pop psychologist in me wants to say that this is due to a deep-seated lack of self esteem, where you purposely sabotage the way you look because you're secretly afraid that if you **do** put in effort and try to look good, you'll still be unattractive and lack confidence. [cut my hair every 6 months my self (head in garbage bag and run it with a buzzer\)](http://www.reddit.com/r/iama/comments/sfy1p/iama_personal_stylist_for_men_i_teach_men_how_to/c4dsd4t?context=5)|it sounds to me like you're not being lazy at all, but you just making bad choices. [so my question is: will this catch up to me? how/what tips can you give me for me to get motivated to not look like a slob? motivation is the biggest factor me me. give it to me!](http://www.reddit.com/r/iama/comments/sfy1p/iama_personal_stylist_for_men_i_teach_men_how_to/c4dsd4t?context=5)|it takes considerably more effort to cut your hair yourself than to sit in a chair and have someone cut it for you. |what you're doing seems like you're being lazy, but that's incorrect. [i'm short (5'4""ish\) and solidly built (145lbs\) through the shooulders and chest, though not fat. i have a hard time finding clothes that are big enough in the shoulders and chest, but aren't either too long or baggy in the midsection. polos are usually ok \[img\]link to i.imgur.com as are suits \[img\]link to i.imgur.com but i have a hard time with everything else. any suggestions on making me look a little longer/leaner, or brands that might work with my proportions a little better?](http://www.reddit.com/r/iama/comments/sfy1p/iama_personal_stylist_for_men_i_teach_men_how_to/c4dt4q3?context=5)|that polo looks great. the suit, however, looks like the shoulder is too big for you, the sleeves are too baggy (usually this means that the armholes are too low - higher armholes = a tighter sleeve) and the sleeve length is a little longer than i'd suggest. bring it up an inch or so and it'll look far better. finally, if you're finding that shirts that fit your shoulders are too baggy at the waist, you need athletic-fit shirts. they're cut for men with broad shoulders and slim waists. alternatively, just buy the shirts so that they fit your shoulder and take them to a tailor to fix up the waist. [how much money do you make?](http://www.reddit.com/r/iama/comments/sfy1p/iama_personal_stylist_for_men_i_teach_men_how_to/c4dpciw?context=5)|see [here](http://www.reddit.com/r/iama/comments/sfy1p/iama_personal_stylist_for_men_i_teach_men_how_to/c4dpmly). [what should i look for in a pair of shorts, especially in terms of length? also, what's a good summer shoe to wear with shorts that is wide and tall enough to accommodate bulky orthotic inserts? i think you mentioned clark's desert boots. those are nice, but what about something with a lower cut to go with shorts? ](http://www.reddit.com/r/iama/comments/sfy1p/iama_personal_stylist_for_men_i_teach_men_how_to/c4dsiun?context=5)|in general, look for shorts that end just above your knee. also important is the width of the leg - if it sits tight on your thigh and is rather tube-like it will create a vastly different look to something that is more relaxed. |[link to streetetiquette.com](http://streetetiquette.com/2010/08/24/summer-etiquette-suede-bucks/) [any advice on finding clothes for us skinny/short folk? 5'6.5"" and ~130lbs. it's nearly impossible to find non-shitty pants in 29x30, not to mention the issue with baggy dress shirts. is tailoring pretty much the only option?](http://www.reddit.com/r/iama/comments/sfy1p/iama_personal_stylist_for_men_i_teach_men_how_to/c4dxzrj?context=5)|for my shorter clients we always buy 32"" inseamed jeans and have them hemmed. finding 29x30 is possible, but you then severely limit yourself with the styles you can wear. every man should have a good relationship with a tailor. |dress shirts are the same, unfortunately - try slim fit shirts (never **ever** full cut or athletic fit), make sure they fit at the shoulder and the neck and let a tailor do the rest. |you'll find that clothes from asia (especially those designed in japan, for a japanese market) will fit you far better than those designed for an american/european market. this is because the average man in japan is 5'8"" and very slim, so over there your body is just about average. i know several guys who have gone over to japan with nothing but an empty suitcase, clothes there are cheap and plentiful. [how did you start out at your job? any advice for an 18 year-old who has interest in doing something similar (fashion writing perhaps\)?](http://www.reddit.com/r/iama/comments/sfy1p/iama_personal_stylist_for_men_i_teach_men_how_to/c4dyaw4?context=5)|there's no good answer for this, except that i just sorta started doing it one day. read blogs, forums, [/r/malefashionadvice](/r/malefashionadvice) and absorb as much information as you can. see what other writers are doing, and work out what you like/don't like about the advice that they give. i found that most self-proclaimed 'style experts' have a really bad way of talking about clothes, and don't make concepts easily accessible for guys with a limited knowledge of men's style, so that's why i wrote my books/deal with that client base. [any suggestions for blogs/forums that are a bit more advanced than mfa? i know how to dress myself, i just want to take it to a higher level and be more involved. thanks!](http://www.reddit.com/r/iama/comments/sfy1p/iama_personal_stylist_for_men_i_teach_men_how_to/c4dz9mt?context=5)|sure. styleforum, stylezeitgiest, hyperbeast, superfuture, ask andy about clothes - all great forums. |die, workwear! the sartorialist street etiquette put this on. |[link to www.reddit.com](http://www.reddit.com/r/malefashionadvice/comments/p6exh/style_blogs_v20/) [advice on hair?](http://www.reddit.com/r/iama/comments/sfy1p/iama_personal_stylist_for_men_i_teach_men_how_to/c4dzqfx?context=5)|you've got a very round head. offset this by getting very short sides (like, #2 clippers) and putting your hair up at the top, spike it, do something a little dramatic. [what's a safe cologne to get?](http://www.reddit.com/r/iama/comments/sfy1p/iama_personal_stylist_for_men_i_teach_men_how_to/c4dzqfx?context=5)|cologne - each man has his own tastes. for me, i wear la nuit de l'homme by ysl almost exclusively. i also really love wonderwood by comme des garcons. [ive got a light grey blazer from banna republic and usually just wear it with a pair of nice dark blue jeans, collared shirt, chestnut leather belt and chestnut johnson and murphy shoes, but what other pants could i wear with this? obviously dont want to go grey on grey but any other suggestions? i really love the blazer.](http://www.reddit.com/r/iama/comments/sfy1p/iama_person l_stylist_for_men_i_teach_men_how_to/c4dsh6x?context=5)|hard to tell without seeing the blazer, but you could also try wearing with golden brown/tan chinos. sounds like you're on the right track with the dark jeans though, if you want some other options they'd probably look just as good with dark blue chinos and maybe even a casual dress pant. [so you're like a real life ryan gosling from crazy, stupid, love? i wish i could give you all my upvotes..](http://www.reddit.com/r/iama/comments/sfy1p/iama_personal_stylist_for_men_i_teach_men_how_to/c4dsl6n?context=5)|he has a far nicer house than me, but yes. [i live in america so this question may not have the same answer but here it goes: i would like to get an entirely new wardrobe, throwing away everything i currently own and starting from scratch. i want to look good; i want to look like i dress well. inspired by the movie crazy stupid love. how much do you think this would cost and what do you think constitutes as a complete wardrobe? thank you so much for doing this ama.](http://www.reddit.com/r/iama/comments/sfy1p/iama_personal_stylist_for_men_i_teach_men_how_to/c4ds8ka?context=5)|[the basic wardrobe, v3.0](http://www.reddit.com/r/malefashionadvice/comments/mu2zu/the_basic_wardrobe_30/) [what should i wear when i go out to college bars? (21/m\)](http://www.reddit.com/r/iama/comments/sfy1p/iama_personal_stylist_for_men_i_teach_men_how_to/c4dvwgm?context=5)|something that makes you look like you're slightly more sophisticated than everyone else there. try dark jeans (dark = black or very dark indigo), some brown boots and a clean, crisp t-shirt/maybe with a button-up shirt on top, open, with sleeves rolled to your elbow. clean and simple, don't need to overdo it. [guy with a mostly runners body here, until i bulk up some and fill out more, what are some classy, retro, looks i can look to pull off that exude manliness? :d:d.](http://www.reddit.com/r/iama/comments/sfy1p/iama_personal_stylist_for_men_i_teach_men_how_to/c4dyk6g?context=5)|[link to dieworkwear.com](http://dieworkwear.com/post/11440436128/hackett-fw11) |all pretty classic and dapper, would suit a slim body. [whats your advice for people with long legs? i'm tired of looking like urkel when my pants are just comfortably resting on my hips.](http://www.reddit.com/r/iama/comments/sfy1p/iama_personal_stylist_for_men_i_teach_men_how_to/c4dscmq?context=5)|wear clothes on your torso that extend down your body to hide your waistband/make your legs and torso look better proportioned. blazers and sport coats are the best at this. avoid tucking in t-shirts and shirts to your pants, as this elongates your legs. [living in nc, it's hard to find good, light summer wear without being overly hot. humidity also causes lots of sweating. what's a way to look sharp, and stylish without the weight?](http://www.reddit.com/r/iama/comments/sfy1p/iama_personal_stylist_for_men_i_teach_men_how_to/c4dsdxf?context=5)|light colours and light fabrics. melbourne summers get really hot (35-41*c) so i know what it's like. lightweight linen and cotton in shirts, jackets and pants will all help your body to breathe and will be nice and comfortable. you don't have to wear blazers and sportcoats if it's too hot - i often just wear some lightweight chinos (from asos), desert boots, a singlet (tank top/vest depending on where you're from) and an open shirt on top with the sleeves rolled to my elbow. with sunglasses, this is a pretty sharp, effortless look. [how did you actually get into this business? i am curious to know some of the steps it takes to become a personal stylist!](http://www.reddit.com/r/iama/comments/sfy1p/iama_personal_stylist_for_men_i_teach_men_how_to/c4dsd95?context=5)|i have a background in sociology, my business partner is/was a model and fashion designer. with our powers combined, we decided to start helping guys who had low self esteem and limited knowledge of dressing well, by presenting simple, easy to digest tips and tricks that anyone could understand. |it really started when i was at a party in late 2009 and a guy asked me to take him shopping to teach him how to dress like me. he referred other guys, and it kinda snowballed from there. [anyways, i was wondering about the best type of coat for a skinny, somewhat lanky guy.](http://www.reddit.com/r/iama/comments/sfy1p/iama_personal_stylist_for_men_i_teach_men_how_to/c4dspdq?context=5)|are you tall? a trench coat, definitely. extinct on brunswick st had some really great navy trenches on sale a while ago, dunno if they've still got them in stock but worth check out. don't bother with anything from jack london, their jackets are *ok* but overpriced, bad quality and can usually find better for cheaper. [also, shirts and sweaters okay?](http://www.reddit.com/r/iama/comments/sfy1p/iama_personal_stylist_for_men_i_teach_men_how_to/c4dspdq?context=5)|your shirt/sweater combo is fine! a nice gingham goes great with a solid jumper like that. *last updated: 2012-04-22 19:37 utc* *this post was generated by a robot! send all complaints to [epsy](/message/compose/?to=epsy).*""",1
567564,"32 [f4m] #indianapolis area/online - attractive nerdy bbw looking for genuine connection i'm fairly new to polyamory - have dated a few people but nothing really serious. i have a habit of developing feelings for single guys that are interested in trying poly, but who then get involved with women who want to be monogamous &amp; then friendzoning me. thought i might have better luck with other poly folks. i'm happily married to an amazing guy who isn't sure if he's poly but is very supportive of me exploring this aspect of myself. i'd like to start slow, with chatting online or over text, then if things click &amp; you live nearby we can see about meeting up. i'm very sex-positive &amp; active in the ""gonewild"" community of reddit (under another username), so it's important to me that you're okay with/supportive of that. i love genuine connections with people that are both emotional &amp; physical in nature. i'm also a fat chick &amp; learning to love my body (with the help of reddit). things i'm interested in - horror movies (and books &amp; tv shows), 90s nostalgia, british television, food, board games. i'm very 420 friendly, well-educated, &amp; (supposedly) funny; would prefer same. very very into bearded men. send me a pm if you're interested in getting to know each other. i'm happy to verify, but won't share my other username until we've established at least a friendship.",1
421747,avoid a plump pup and reward good behavior with cat food,1
493542,"black men, why do you like (or are portrayed as liking) white women so much? now, i hope this doesn't kill my account for some kind of perceived racism, but i'm not too attached nor do i have ""great standings"" for this site. in any case, i figured hiding behind my internet wall would be the best way to ask this question without getting punched in the face. so yeah, black people of reddit, why do black men like white women so much? this has always fascinated me since i was a teenager watching comedy specials where black comedians would always talk about this issue. and, for all intents and purposes, it seems that black men aren't just interested in hot white women. i've seen plenty of black guys dating ugly and fat white women who can do so much better. here is where i start my speculation. the only logical answer to me is that it's some kind of attraction due to what has happened with racism in america in the past. kind of sticking it to ""the man"" by getting with one of ""his women"". another theory i've heard is that white women just look better naked, because the color of the genitals isn't such a stark difference like it is in black women. i don't believe that one. i've heard a comedian say it's because black women are crazy (along with women from other races). so i'm hoping some light can be shed on this topic. i understand that a lot of love goes deeper than race, and there are plenty of interracial couples based on love rather than just ""getting a white woman"" but who can deny the stereotype that has been made that black men love white women? for the record, i am white and find women of all races sexy in their own ways. for some reason, i do not like very dark skinned black women, and i couldn't say why -- i just don't find them attractive. but i wouldn't place white women above (what i consider) hot black women, hot asians, hot indians, hot latinas, etc. on a separate note, who thinks that /r/racistquestions would be a good sub-reddit if it could be kept civil? there are plenty of race questions that should be asked for understanding that don't really tip the racist scales.",1
164375,"""fat"" hormone sheds new light on obesity: study [deleted]",1
505074,sexy shamita shetty - secret behind super toned body,1
914371,"is being a gamer girl a turn off? hey men, i have a question for you. taking weight and looks out of the picture (although no, i am not overweight or ugly), would a girl who loves video games and possibly knows more about them than you be a turn off? also, how about comics and general nerdy things? does that also repel? happy new year to you all!",1
626032,"life love and regrets of a brother i never documented this but i knew one day i would. i think it was such a tragedy that scarred the lives of my family members, it was always hard to talk about let alone to write it as an account. so more than 10years on, i'd like to share that sad sad day when my brother passed away... husamudin badrudin. when we were informed of this new person in the family back in mid november 1982, the first thing that came to my mind was why is his name longer than mine or kak han's (my elder sister)? why is he so special? myself being 7 at the time and also the youngest, i guess i did have a feeling that my status was at stake here. anyway, we all certainly grew to love him naturally and i still have fond accounts of him during his toddler years, playing alone in his play pen while me and my friends played more ""grown up"" games on those odd weekends that we had friends come over to the big house in bahrain. pictures of these years still line up the dresser in my mother's room and my heart twitches every time i go in there for anything and steal a glance at those pictures. he was a cute boy with the chubby cheeks and the ""mangkuk"" (bowl) hair do. kak han and me started kindergarten and early primary school right off the bat into an international environment due to my father's posting in bahrain since 1979. so when it was sham's turn to head to kindergarten, i remember us stressing to my father that he should at least be given the initial english medium no matter what it took. this of course to be fair. but by this time, we had already come back to jb (johor bahru, malaysia) and there were not many notable kindergartens which were comparable to what we had back in bahrain. nevertheless, sham did go to one of the best ones in jb yet his command of english never really took off like how ours did. this had always made me feel sad for him but i always knew he understood our english banters at home but never really managed to join in to give his piece of mind, in english. as he grew older, after primary school and heading to english college - where i spent my secondary years as well - i was on a different direction already at the time. i could not care less about my family and my friends were always on top of my list. i would come home late every night, crash the phonebills with late night calls to girls, wake up at least earliest by noon to a warm lunch my tireless mother would always have prepared and already out of the house again latest by 3pm. this was routine for me, while my baby brother would always be home after school, helping out with chores around the house, always there when my mother needed something from the nearby shop or even the occasional trips further down the road to buy goreng pisang (banana fritters) or putu piring (a traditional malay delicacy) for our family's ritual afternoon tea time. at this point, i was nowhere to be found. i lead a life as an underground musician cum activist for a few odd years in the late 90s and though it was definitely a trying time for my family who were worried about my future while i wasted away in jamming studios and gigs, or the occasional snooker parlor, i never regretted going through all that as it has shaped me to what i am today, for it opened my eyes in various angles and aspects, and has made me compare every single thing in life to what it should or should not be. but there is certainly one thing which i regret till this very day during those years, which was the very little attention i gave to my brother. being who i was in jb at the time, many of his friends knew me. knew my reputation and knew what i was all about. i never knew if he was proud of the fact, or if he was ever proud to be my brother? my father always told me to take him out for my ""jalan-jalan"" (excursions) but i never did. i think at the time, i felt that it would be a burden or perhaps he might tell on me when we got home, i never did learn to trust him. he never complained either that i wasn't taking him out to meet my ""hip"" friends, and i never knew if he really wanted to. i opened a cyber cafe some time in 1999 with help of financing from my father and eventually the place was where i eat, slept and lived. there was only the odd weekend that i would be home and most probably just to have the change of clothes and the home cooked meal. sham was waiting for his spm results that early january in 2000 and it was during the holy month of ramadhan when tragedy struck. i still remember what happened that afternoon which started it all. i wanted to go hang out somewhere so i had asked sham to come to the cafe to take care of things while i was gone. pretty sure it was either i went out jamming or i was just ""lepaking"" (hanging out) at some shopping complex. he came around 2pm i think on his motorbike, and i left straight away. by the time i came back to the cafe, it was probably already 6pm. he was sitting at one of the cubicles with a little boy playing with the pc, showing the boy how to work the pc. i shouted over to him, telling he could go home already so he trudged over as i went into the cashier counter area. he picked up his helmet and asked me... ""nak balik rumah tak?"" (do you wanna head home?) ""tak"" i said (no) ""nak balik rumah ke tak?"" he asked again, firmly with a low voice (do you wanna head home or not?) ""tak tau lah, mmm ok la ok la, balik"" i somehow reluctantly agreed (i dunno, mmm ok then i'll follow you home) this was the first surprise of the day as he had never talked to me in such a way. firm and controlling. we went back home on his bike, me riding pillion. knocked his helmet a few times along the way whenever he hit a bump or taking a corner a little unbalanced. and i shouted against the wind that i wanted him to send me back to the cafe after buka puasa (breaking of fast), he nodded. back home it was a normal buka puasa and right after, i went upstairs to find kak han and him lying on the bed talking. kak han being kak han, was always treating sham like he was still a little baby. kissing and hugging him endlessly. i joined them on the bed but i really don't remember what we were talking about. i do remember patting his back a few times as we talked and as i did that, his skin color changed and faded back to his normal color in an abnormal way. this again struck me as the 2nd surprise but didn't really make an impact as what the rest of the evening had in store. he told me he wanted to go to terawih prayers first before sending me back to the cafe. he changed into his prayer clothes and i remained on the bed while kak han had already left the house with my mother and my auntie, i can't remember where. my father also had an appointment that evening with a friend. so basically sham talked to me last before he left the house. at this point i dozed off. the phone rings. its pitch dark in the house, i struggle out of bed to pick up the phone outside on the landing area. a panicked voice greets me. ""man eh, arab ni"" (man is that you? it's arab) ""arab mana?"" i asked still half asleep (which arab?) ""arab kawan-kawan kemut"" that was his nickname among his friends (arab, kemut's friend) ""man, jangan terperanjat eh, kemut accident lah"" (man, don't panic but kemut got into an accident) ""allah! dekat mana?!"" fully awake and my heart racing (oh god! where?) ""kitaorang dah bawak pergi hospital, sekarang dekat emergency ward. man, nanti bagitau kat ma'am kau slow slow eh, teruk jugak ni"" (we've already taken him to hospital, now at the er. man give it to you mom slowly, it's pretty bad) my hands shook and my mouth quivered ""okay okay"" i hung up and dialed my father's number ""bah, sham accident!"" ""allah!"" my father cried ""abah kat luar rumah ni"" (i'm outside of the house now) i rushed down and out of the house. it was like clockwork. i saw my father running outside of the house towards an incoming car. it was kak han and my mother who had just arrived as well. we all got in the car and updated them as my father sped the car to the hospital. my mother was already crying helplessly at this point as i comforted her from the back seat ""sabar ma, kita tak tau lagi dia teruk ke tidak, dia ok kot, sabar ma"" (calm down ma, we don't know yet how bad it is, calm down...calm down...) mother's instinct probably. she probably already had a feeling that her son was going away that evening. my father broke the news that he had actually passed the scene of sham's accident on the way back home. saw a glimpse of the bike which had the same color, but could not make out the number plates. this was the reason he was outside of the house when i called him. he was still contemplating whether it was sham's bike or not, the bad feeling rushing in his head before i called to tell him indeed sham was in an accident. when we arrived at the er. sham's friends were there already. some even were crying. arab pulled me aside to tell what actually happened. turned out they were all heading home after some drinks when a car pulled out of a junction without warning. my brother collided with the front of this car head on, catapulted over the car and landed on the other side. arab said he may have landed on his head. they took off his helmet, and blood was already coming out of his ears. arab already thought of the worse at this point and ringed the house where i picked up the phone. we went over to see the car. it was a mercedes benz and the front was really badly damaged. my heart sank and i felt my knees buckle as i saw the damage for it was a straight assumption of how hard the impact was. i couldn't bare to look at it longer and we headed back to the er. just as we arrived, they were rolling sham out of the er and the nurse mentioned that he will be taken up to the icu. as the attendants pushed the cart, my uncle achik nana who was there too, reached to touch sham's hand. he told me later that even at that point it was cold. most of us were already expecting the worse. we cried and cried until one of my other uncles came and asked us to recite the surahs and doas instead. we did this continuously for a number of minutes when achik nana called me. we walked over to the door of the icu where we could see sham on one of the beds and an attendant was performing cpr on him rigorously. my eyes watered even more and i told achik nana, ""tak boleh, tak boleh tengok"" (i can't look, i can't look...) and i cried back to the lobby. a few minutes after that, a doctor came out and asked for my father who went in with the doctor. a minute after, my father came out, tears down his face as he ran to us and shook his head ""sham dah tak ada, sham dah tak ada"" (sham is gone, sham is gone!) i will never forget that moment and i'm crying even as i type this out. i could not register the fact. my heart was at its lowest point and we were in shock. we held on to each other so tight, my father, my mother, kak han and me. we just hugged and cried and cried. no one knew what to do. we then held each other and slowly made our way into the icu. sham was sleeping. thats what i told myself. tears running down my face and i kept telling myself, sham is sleeping. his face was as peaceful as when he was sleeping at home on those lazy sunday afternoons where i'd pull a prank on him just to wake him up like brush a feather on his nose or push his chubby cheeks until he woke up. we kissed and hugged him. tears all on our faces. no parent should have to see their child in such a way. no older sibling should hold their younger brother in such a way. i kissed his cheek and whispered in his ear ""kita jumpa balik di akhirat ok?"" (we'll see you again in the hereafter ok?) i know he heard that. i don't really know how i thought to say that but it was the same thing i said before they finally ""kafan"" him as well. we walked out of the icu, still holding on to each other and crying. i could see all of sham's friends crying as well at the lobby. no one expected it and no one could take it. we all truly loved him for what he was, the good son, the loving brother and the jovial friend. we brought him home the same night and immediately made all the necessary plans. all my friends were alerted and everyone came. but the biggest surprise of all was to see the amount of friends my brother had. the house was overwhelmed with his friends who came as far away from kl and batu pahat the same evening just to recite the yaasin and fatehah for him. to see his body for the very last time. it had never occurred to us that he could have so many friends. him being the homely person, rarely going out and keeping a low profile. i even told myself that day, if i died, would i have got the same reception from my friends? probably not. even with me being all that at the time. this certainly opened my eyes. and these were genuine friends who came to visit, each one came with tears in their eyes and endlessly reciting for him. the rest of the evening right up to the point where they were going to bathe his body in the morning is a blur for me. i don't remember if i slept that night or if i was actually doing anything but crying and thinking of sham and what i could have done better for him. all the regrets were gushing through now. i wish i had spent more time with him, treated him much better than i did. i wish i had brought him out in my outings and treated him like a brother instead of a stranger. i wish i had told him that i loved him with all my heart and that i would never let anything happen to him. but i never did get that chance, and it remains as the regrets that i have for him. there was once a gig i was to perform in jb and i assured him to come and i'll bring him in for free. he did come and he sat right in the front when i was performing. i still remember him looking up at me with sweat down his cheeks, proud eyes and moving to the beats with the crowds. i felt ""bangga"" at the time but not because my brother was there to see me, but more to like ""i'm way up here and you're down there"" - which i think was such a stupid thing to think. he certainly was happy to be at the gig and from his gesture to make his way right up to the front of the stage when i came on, speaks volumes probably of what he thinks of me. i don't even remember how he went home that evening.... when they asked me to join in the bathing ceremony, i declined at first but they insisted. and they here are actually his friends. so eventually i joined, but halfway i could not take it as it was so sad to see him in that state so arab who was in there as well, patted my shoulder to leave the room. when the final cloth was laid to cover his face, i could almost hear every single person in our house hold a sad gasp of air while some of us were still crying. my tears kept welling up in my eyes every other minute, trying hard not to was a monumental feat as indeed in islam we are not allowed to cry so much when a loved one passes away. god has willed it and acceptance is virtue. but in this case, i really could not help it. he went away before his time and we all loved him. it was drizzling after we buried him. at least 50 friends and family members were at the grave. most still crying and couldn’t care less about the rain. we were drenched and looking at the 2 temporary tombstones being pushed into the ground. my father, still crying and drenched in the rain stood to give a short speech of how we had lost a very loved person and struggled with his words as the tears choked him. i stood next to him and hugged him to remain strong, crying myself at the fact to see my father truly broken by this event. as everyone left, i remained for a longer while. just sitting there in the rain, holding on to a chunk of clay. thoughts of my young dead brother racing in my head from the time he was a chubby toddler to the point of when he became the gentle giant. again regrets, regrets and regrets filling my head. even till today, i hold it against myself for not treating him as i should have. back home, we kept reminiscing with each other on sham’s ways. what he liked to do, what he always obliged to do without question and what he liked to say. i guess it’s normal to always think of a person that way only when they’re gone which is a trait we all should probably do without. remember and appreciate them while they’re still alive is the way, but of course very hard to do and very rare. even till today, i do still have occasional dreams of sham. meeting him somewhere and thinking, oh my god, his death was just a dream, when it fact it was the other way around. i used to dream of him every single night after his death and even had to go alone one day to his grave and just talk to him. i cried to him, told him everything that i regretted not doing with him and how i regretted treating him not like a brother. i cried and cried at his grave and let it all out. this helped somewhat from the recurring dreams i had and from then on it was just occasionally. for the past 10 years that he’s gone, i sometimes come across boys who looked like him. either looked like him at the age that he died, or maybe looked like him when he was a younger boy. many times i would find myself staring at these individuals and tears would well up in my eyes automatically. leyla has seen this many times when i would just start crying all of a sudden, just because a boy i saw looked and walked exactly like him. most recently was the kid jacee who auditioned in this year’s american idol, having a striking resemblance to sham. i cried in front of the tv when he didn’t make it to the finals, just like i was his brother… so it’s a sad thing to lose a person you love, but i think it’s tragic if you never treated him well when they were alive. at this point, i can’t wait to see him again, to hold and hug him and talk to him endlessly of what i’ve been doing in the past years that he’s left us. i want rayna to sit in his lap and play with his cheeks. i want him to cook for me his favorite dishes so i can compliment his skills. i want to go travelling with him around the world and take lots of photos with him. i want to be there when he has girl issues and help him make the right decision when choosing a wife. and i want him to live with me here in kl while he struggles in that new career. how i wish he didn’t go away on that tragic day, so i can love him like a brother should be loved, and for him to love me back the same way. but truly like they say, allah seems to have loved him more that day and has kept him from us for a while… i love you sham, al fatehah",1
373074,"updated champion heights/weights so i decided to update that huge champ height/weight list with the champions released and reworked since 2014. (the original post was made by /u/ohnoitslubu sometime between the releases of gnar and azir. ages ago!) i have included most of lubu's comments, as well as some of my own. very few adjustments to existing measurements. update: i've adjusted the weights of most of the ladies. honestly, i knew they were on the heavy side the whole time. (most of the measurements in this case were not mine.) also, malphite, darius, rammus, and maybe a couple others based on evidence from rito/more realistic guesses. the angels also had disgusting proportions so that's fixed as well. --------------------------------- aatrox 6'9 360 lbs? - helmet makes him much taller, but more importantly, his body seems to generate the armor that he wears, so he could have a variable weight. seems to be much taller than this in art though. ahri 5'4 (+ 5 inches of ears) 145 lbs - 9 tails adds some extra weight to her body, that you wouldn't normally see in a korean woman of the same height. lubu based the height on a teenage korean female (but slightly taller). akali 5'5 135 lbs - akali has a bit more, ah, meat on her bones than some of the smaller female champions. also, the amount of muscle power necessary to push her into a dash would buff her legs up quite a bit. alistar 10'5 (+ 18-inch horns), 1100 lbs - bulls can weigh in at anywhere from 1700-2000 lbs so putting alistar in the 1100 range actually seems like underestimating. but, since he stands on two beefy (heh) legs and is agile enough to do what he does, i'd imagine he's not quite as heavy as a normal bull. he is still enormous though; in promo art he's clearly the size of 3 other champions from shoulder to shoulder. amumu 3'7 30 lbs - update: *amumu is not a yordle.* this measurement has been adjusted based on a) the fact that he was an ordinary human child (based on one calculator, he should be ~43 pounds), and b) the fact that he is mummified (so i dropped 10 pounds, let me know if that's off though). anivia 3.7 ft long, 10.5 ft wingspan, 50 lbs - those are similar measurements to the cinereous vulture, which is the largest living bird of prey in the world. however, the weight is higher given that anivia is made of ice and probably propels herself through the air with magic. annie 3'9 ~50 lbs - pretty standard young girl height and weight. (update: also definitely checks out with amumu's new measurements.) ashe 5'9 145 lbs - lubu: ""i used liv tyler as a basis for ashe's body type as a fit archer, rather than, say, jennifer lawrence."" aurelion sol - hundreds of light years big. spaaaaaaaace. azir 8'5 500 lbs - total guesstimate. he is noticeably taller than his sand soldiers, who are presumably normal-people-size. bard is about human size, not sure tho - bweeeeeeeeeeee blitzcrank 9' 950 lbs - using boom boom blitz's art as a basis: ring ropes are usually around 4'4 in height. obviously he's a lot bigger than that, so lubu doubled that measurement and added a little bit for his head. depending on the alloy and his internal workings, his weight could actually be way higher. or lower. hextech stuff may not weigh very much. brand 5'10 160 lbs - based on average viking height and weight, since he was originally a marauder. braum 7'5 610 lbs - his height was actually released by a rioter at some point. weight was based on andre the giant and then modified for braum's proportions. caitlyn 5'7 (+ ~6 inches of hat, + boots) 135 lbs - update: adjusted height/weight. caitlyn's a sheriff, which means she has to be fit enough to throw a person to the ground. she seems taller than this but that's probably due to her boots and hat. camille 6'1 180 lbs - total guess. who knows how much that hextech weighs. she is certainly tall and thicc, though. cassiopeia 13' long, 380 lbs - lubu looked at the female height and weight charts, tacked on half an anaconda (that's about 225 pounds), and then fudged the numbers until they looked reasonable. cass’s tail is considerably larger and longer in art than it is in-game. cho'gath 20' long at zero stacks, 6-7 tons, and add about six feet and a ton for each stack - looked at dinosaurs to compare. cho has to be large enough to eat another champion. even zero-stack cho. corki 3'5 50 lbs - updated weight to more realistic guess. yordles are definitely the hardest to guesstimate. darius 6'5 266 lbs - updated based on official info! (dunkmaster darius) thank you /u/eskimo503 :) diana 5'10 150 lbs - she doesn't have a waif-ish frame and it's gotta take some muscle to grip that kopesh. dr. mundo 8'8 1100 lbs - dr mundo is enormous, seeming to be at least twice as tall as other champions in promo art and more than likely several times heavier. lubu used the incredible hulk as a general basis for his weight. hulk's weight has changed drastically though the years. draven 6'1 + 2-3 inches of hair 220 lbs - clearly similar to his brother but leaner and a bit shorter. still a hunk. do not mess with him. ekko 5’6 (+ 4” mohawk) 140lbs - ezreal but scrappier. elise 6'1 200 lbs in human form, 4’ tall 8’ long 570 lbs in spider form- /u/lyrith sorted out her spider weight. evelynn 5'5 125 lbs - them hips. ezreal 5'6 155 lbs - young, fit man. fiddlesticks 6’ ???? - update: he’s about four crows tall, and crows are ~18-24 inches long. weight is anyone’s guess; he’s a goddamn scarecrow. probably very light. fiora 5'8 140 lbs - (updated, lowered weight.) like a taller version of julie d’aubigny. who was a badass, by the way. fizz 3'0 35 lbs - lubu looked up stitch's height and weight (from lilo and stitch), and applied that to fizz galio 30’ 80 tons - updated. height based off splash art, weight based off malphite’s size. gangplank 5'8 170 lbs - pirate man. gp got a vgu since the original list was posted, but his proportions still sound about right. garen 6'1 240lbs – hunky man. gnar 3’ 30 lbs (mini gnar), 28’ 3 tons (mega gnar) – mini gnar (updated) is slightly smaller than your average yordle. mega gnar is a tough gamble, but if he's based off of rampage and the helicopter in dino gnar’s recall animation is just scaled for the map, then that size makes sense. gragas 7'2 735 lbs - gragas' lore states he is an enormous man from the hills where everyone is enormous, soooo enormous. graves 5'9 175 lbs - graves is a bit older. dad bod. hecarim 13’ tall, 10’ long, ~2 tons - hecarim is a spirit centaur so he could weigh nothing, but if he weighs something it’s pretty massive. the average clydesdale horse weighs one ton, for scale. heimerdinger 4'5 60 lbs - afro power. illaoi 6’5 200?? lbs - huge badass wrestler lady. could use a better estimate tho. irelia 5'10 150 lbs - taller, beefier warrior type. ivern 6’6 145 lbs - tree man, tree man, does whatever a tree can. based off a very thin tall guy. janna 5'11 127 lbs - this is the listed height and weight for storm from the x-men who has a lot of similarities with janna in terms of body type. 127 lbs is like, super underweight, but heck, look at janna. jarvan iv 6'6 245 lbs - j4 is supposed to be a towering presence akin to a pro wrestler. jax 6'2 260 lbs - jax is more body than height, and his shoulder width and arm size lead me to believe that whatever race he might be, i do not want to be hit by him. jayce 6'0 185 lbs (including armor) - science dad powers activate. lubu imagined reed richards in armor. jhin 6'4 160 lbs - update: jhin is tol. idk whether his arm’s mechanical but could add some weight. jinx 5'3 98 lbs - ngl, i’m proportioned a lot like jinx, but a little shorter. this is pretty accurate. kalista 5’10 150 lbs - while she was alive of course. nowadays she weighs nothing. based off irelia’s athletic physique. karma 5'8 130 lbs - lubu looked at women like vivica a fox and gabrielle union to gauge this. karthus 5'4 80 lbs - bones bones bones kassadin 5'9 210 lbs - look at the chest on him, dude is ripped. probably not that tall, he's just floaty like karthus. katarina 5'5 110 lbs - spin2win dagger style kayle 5'5, 14’ wingspan, 210 lbs - wings mean her weight could really be anything. this weight is based off of large but light bird wings. kennen 3'2 42lbs - updated, still one massive guess… kha'zix 8’ stretched, 6’4 crouched, 250 lbs - dude’s got an exoskeleton. kindred ????? - they’re death. technically speaking they are infinite. based on their splash lamb is ~4’ tall and wolf’s something like 6’ long, but that sounds off. kled 3’0 40 lbs (of ass-kicking) - skaarl is probably the size of a komodo dragon or other large monitor lizard, then. kog'maw 5’ long, 2’6 tall, 80 lbs - void doggo leblanc 5'5 120 lbs - maybe, could all be an illusion. lee sin 5'6 155 lbs - same dimensions as bruce lee but with a little more bulk. leona 6'1 196 lbs - leona is tall and muscular and matronly. she's a beast and if you've never known a woman in the 6'1 range, you can ask them about their weight at your own risk. lissandra 6'4 ????? - the weight is impossible to guess with this one because at what point does the person end and just ice begin? lucian 6'0 165 lbs – lubu used sprinter michael johnson as a model for lucian's general build. lulu 3'1 (+ 7” of hat) 40 lbs - updated. yurdles lux 5'1 100 lbs - straight from formerly-riot grumpy monkey. weight adjusted to be a little closer to teeny tiny 5'0 me. malphite - is the size of a frickin' mountain malzahar 5'6 145 lbs - floatiness makes it hard to distinguish his actual height or even good ideas about his body dimensions. maokai 22’ tall, 5.5 tons - tree. master yi 5'7 140 lbs - slim guy. miss fortune 5'4 125 lbs - (updated for proportion) swiggity swooty. mordekaiser 7’5 500 lbs - of pure metal powaaaaaah morgana 5'7, 12’ wingspan, 215 lbs - wings and things. nami 6'2 long, stands at 5'6, 200 lbs - dat fishbutt. updated weight based on the measurements of a huge sturgeon + half a human. nasus 6'8 320 lbs - big dog gotta eat. nautilus 36’ tall 30 tons - thanks new dawn. the coral congregation is in service. nidalee 5'6 120 lbs (human form), 7’ long, 3’ tall (cougar form) nocturne ??? - living nightmare, has no measurements. nunu/willump 4'5 65 lbs and 8'5 750 lbs respectively. olaf 5'11 230 lbs - larger than average viking stats orianna 5'8 170 lbs - updated. given her new lore, she’s likely lighter than lubu’s original guess. perhaps shorter too, if anyone can give me a better estimate. pantheon 6'4 200 lbs - updated for comparison with sivir. a well-oiled greek fighting machine. poppy 4'5 55 lbs - this is a good guess even after her vgu. quinn 5'5 125 lbs - lowered weight slightly, kind of de-thicc-ifying. valor is the size of a golden eagle. (i fully support this guess.) rakan 5’9 170 lbs - dancer muscles. his cloak-wing might add a little weight. rammus 3'0 70 lbs - ok. based on giant armadillo. rek’sai - is the size of a house. renekton 6'5 350 lbs - he has a height complex with nasus and is in reality the fatter of the two. rengar 6'8 380 lbs - wengar's a widdle baby kitty riven 5'8 145 lbs - since she's a soldier and muscular enough to swing the windblade (through martial training or otherwise), she’s gotta be beefier than she appears to be in-game. rumble 3'8 40 lbs - how big is his mech? ryze 5'8 168 lbs - ideal old dude weight and height. sejuani 6'0 185 lbs - [the largest wild boar ever shot]( https://i.ytimg.com/vi/gmzafziq4ok/maxresdefault.jpg) weighed half a ton and was 9’ long, easily big enough to ride. that sounds like bristle to me. shaco 5'5 125 lbs - skinny clown. shen 5'8 160 lbs - shen is like, the beefiest ninja ever. why would a ninja be a tank? shyvana 5'6 140lbs (human form) 18’ long, 26’ across, 1500 lbs (dragon form) - dragons are fuckin’ huge, man. don’t mess with dragons. singed 6'3 180 lbs - lanky science jerk sion 10’ 1000-2000 lbs - updated post-vgu sivir 5'8 140 lbs - musclier greek lady skarner 16’ from claw to tail, 8’ across, 6' tall, 1.25 tons - skarner is the size of an f-350 truck in some art, not accounting for his tail. sona 5'6 120 lbs - updated to marilyn monroe's actual proportions. soraka 6'2 160 lbs - the goat legs give her a lot of stature. wee-oo-wee-oo… swain 5'11 210 lbs (human) 8'5 700lbs 15’ wingspan (crow) - based off some oooold joj art syndra 5'6 135 lbs - more voluptuous than most tahm kench ????? - fish guy? idk taliyah 5’3 110 lbs – she’s smol and cute. talon 5'8 155 lbs - tiny male assassin body taric 6'2 245 lbs - of pure outrageous masculinity. still applies after his vgu i think. teemo 3'6 42 lbs - delete teemo thresh ???? - i need a better guess, previous one was pretty bad. almost definitely has no weight though, being a spirit and all. tristana 3'4 38 lbs trundle is large enough to hold a human warrior down on the ground with just one hand. guessing 20’ tall but that seems big for a troll??? tryndamere 6'1 220 lbs twisted fate 6'1 187 lbs - he's tall but slender and agile. twitch 4'7 88lbs udyr 5'10 215lbs - udyr's all muscle an animal forms and body hair. urgot 6'5 430 lbs - mechanical legs weigh a lot. varus 5'7 155lbs - anime booooy with his shirt offffff (i’m keeping this comment because it’s gold) vayne 5'9 145 lbs - tumbling is great exercise. lubu was fortunate enough to get advice from ironstylus on this one. veigar 3'8 (+ 6” of hat) 52 lbs - tiny danceeeerrrrr vel'koz 17’ from leftmost tentacle to rightmost. vel'koz does not generate weight, though he does occupy space because void science. vi 5'9 140 lbs (no gloves) 8140 lbs (gloves) - beat shit up! thanks /u/rtsubiytsa ! viktor 6'2 280 lbs - robot arm! robot parts! vladimir 6'3 185 lbs - anime vampire dimensions volibear 9'5 1450 lbs - polar bears are hugemungeous warwick 6'2 245lbs - wolf pack! this guess might hold up after his vgu but he’s probably taller and heavier. wukong 6'2 190lbs - monkey paw, monkey paw, monkey paw xayah 5’3 110 lbs - much shorter and slimmer than rakan, but still badass. xerath 7'0 ??? - xerath is made of energy. he has no weight. xin zhao 5'8 170 lbs - above average fit chinese male yasuo 5'8 160 lbs - above average japanese male yorick 6'1 if upright, 5'6 hunched, 230 lbs – still holds after his vgu i think. zac 5'2 120 lbs at smallest, 7'6 450 lbs at largest zed 5'9 160 lbs - ninjas ziggs 3'8 45 lbs zilean 6'1 165 lbs - his giant clock has him around 9'2 500lbs but he makes it float somehow. zyra 5'11 145 lbs - not a vegetarian",1
192835,"fat fat, obese, plump, stout, heavy, chubby, tubby, portly, podgy, flabby, bulky, solid, rotund, paunchy, pot-bellied, beer-bellied, dumpy, meaty, broad in the beam, of ample proportions, falstaffian, buxom, modbidly obese, corpulent, bloated, gross, gargantuan, elephantine, fleshy, roly-poly, beefy, porky, blubbery, poddy, chunky, well, padded, well covered, well upholstered, fubsy, lard-arsed, sonsy, pursy, abdominous, oily, oleaginous, unctuous, pinguid, adipose, sebaceous, substantial, and large",1
469533,"want your face smothered in my huge tits and squished between yummy thighs? i know you dream of having your face between my big juicy tits while begging me to let you have a second of air. or how about i sit on your face and you are trapped between my thighs? will i let you come up for air? will i squeeze harder while you are bound helpless and wiggle in surrender? if you enjoy smothering fetish, face sitting, breast worship, boob suffocation and more give me a call or text me! my fetish phone sex line--- [https://verifiedcall.com/profiles/monalux](https://verifiedcall.com/profiles/monalux) my texting chat app---- [https://premium.chat/monalux/1699](https://premium.chat/monalux/1699) my sexy website--- www.thebankofbigtits.com",1
567660,"f4m - calling my future father-in-law daddy! my boyfriend was probably the nicest guy i had ever met. he was so sweet and caring from the first moment i met him. when ever i was feeling down or sad, he would know exactly what to do or say to make me smile again. sometimes he would even buy me gifts out of the blue for no particular occasion just to show how much he loved me. his generosity continued into the bedroom where he would ensure that i got off no matter what it takes and he would understand if i was too tired afterwards to return the favour. to summarise, he was the perfect boyfriend and i was really lucky to have him... there was just one problem... you! before i met you he gave me plenty of warning about you telling me how awful you were but i was sure it was just your usual son being embarrassed of his father situation. that couldnt have been further from the truth! how he was your son i would never know! you were on completely different ends of the spectrum. i tried to hide my disgust at the crude or perverted comments along with your stares that hovered for an unsettling amount of time. you were rude and arrogant, taking every opportunity to belittle your son. you were selfish forcing him to do various tasks for you like getting you more beers from the shop or tending to your overgrown garden that you were to lazy to look after. you didnt just have an ugly personality either as you had either really let yourself go or my boyfriends mom's genetics were dominant. you had a hefty beer belly that protrudes out beneath tops as you lie on the sofa exposing how hairy you are too. your face and hair looked scruffy too with it thinning out... i really hoped that wasnt passed down! to make matters worse it was clear that you rarely showered or changed your clothes judging by the musky smell and various stains. you were backwards with your views on women, extremely vulgar and just generally repulsive... you were everything that i thought i hated and despised... yet here i am alone with you as you send your son of on another chore... i am on my knees in between your legs as you lay sprawled back on your chair that must have a permanent dent to hold your heavy form... your trousers were down by your ankles (you didnt believe in wearing underwear)... my neatly manicured fingers were wrapped around your veiny appendage... my tongue was lashing against your sensitive cock giving it a much needed bath while your fat fingers scrolled on my phone looking through pictures of my friends barely paying any notice to me. hey, as i am sure you have gathered, i am wanting to do a roleplay opposite my boyfriend's disgusting dad! i am hoping to play out our interactions from the start building up our relationship until i am at the stage of being your obedient pet like in this prompt. from then on we can repeat the process as i trick my friends and maybe even my family into being exposed to your charms leading them to the same fate. what are these charms you have? well i was thinking the combination of several things will lead to my initial character falling for you. firstly your arrogance will subconsciously turn me on along with your perverted ways. this combined with your power over my boyfriend and just general alpha male behaviours will have my resolve weaken. you will also be quite manipulative knowing how to take advantage of situations pushing me further down this road of calling you daddy. your intelligence will help you say all the right things at the right time that really push my buttons. finally you will of course have a cock that i find hard to resist once you expose me to it. as for my character i am thinking that she will be bright, fun and bubbly always trying to see the best in people. she tries not to react to you knowing this is important to her boyfriend but that only seems to encourage you further. i have a reference for my character for you. it would be great to hear from you x as for my kinks, the main ones for this will be the cheating taboo dynamic with us with me trying to resist you and i also love focusing on giving head. filming and pictures is always fun while i love the idea of being out of your league looks wise but you manage to corrupt me as you will with many other beauties. what turns me on the most though is a detailed writer who comes up with fun ideas for scenes that we can work on together to create a depraved adventure we can both enjoy. if this interests you, please send me a message so we can start discussing the opening scene, what your kinks and limits are, more details about your character and whatever else we can think of! hope to hear from you soon! i’m 18plus everyone in the rp is 18 plus",1
948048,"part 345 - poker face ""humans suck. ah hope they all die."" torlok grumbled as he sat at the same table as a few of the other demons, the four of them playing a game of poker. he curled his lip in disgust as he looked at his hand and the cards on the table. ""call."" the animus across from him chuckled as he laid a full house on the table. ""you lose, moron! you have the worst poker face of anyone here!"" resembling a black-skinned human, his body was tattooed with various images of gruesome torture and violence. his stature was small and lithe, but he was also deceptively strong. more importantly, he was of relatively high intelligence, even among middle-tiered demons. ""fuck! fifth time in a row!"" torlok resisted the urge to smash the table as he shoved his pile of bones over to the other demon. these were mock poker chips they used for betting, but they held no inherent value. poker was merely one way to stymie the boredom of living in an underground sewer base. ""you ain't sneakin' cards up yer sleeve, are ya, smealum?"" ""don't need to, when you're the worst bluffer this side of the portal."" smealum flicked his nose lightly at torlok, an insulting gesture that generally was used to represent fornicating with goblins... the ugliest of demons. ""keh... at least i ain't lookin' like my face is 'sposed to be wiped on toilet paper."" torlok tittered to himself as the other demons at the table roared with laughter at their friendly banter, though smealum didn't seem to think it was very funny. after a few moments, torlok turned to his right. ""yo, davook. you gonna join us or what? four demons ain't enough fer a good game o' poker."" davook, ever the entrepreneurial demon, was grimacing at a small pile of paperwork that sat on the desk in front of him as he read through it carefully. ""you doofuses play your stupid games. i've got real work here. don't you even care about the attacks on our kind?"" torlok's smile faded away. ""yeah. like ah said, humans are the worst. they're all so preachy 'n uptight, but in the end they're monsters just like us. still, ain't much one weak little shadow-walker kin' do about it. best to just leave it to them demons at the top."" ""that kind of thinking won't help us at all. four nuclear detonations happened in the labyrinth this week. each time, we were powerless to stop them. we lost billions of good soldiers. if everyone thought like you, we'd all just have to roll over and die."" davook glanced over at the table of demons playing cards, their smiles and laughter gone now as they all stared vacantly at the bones in front of them. ""yeah, you're right."" smealum spoke up quietly as he rested his hands on the table, tapping his fingers together thoughtfully. ""but like he said, if satan can't do anything about it, what are we supposed to do? we're just underclass demons. you're the strongest of all of us, davook, maybe the smartest too... and i doubt even you could go toe-to-toe with one of those suited clones the humans are using. they're just too strong. the nukes are hardly the tip of the iceberg."" torlok bobbed his head along as he listened. ""can't even hide from 'em. they got those sensors that kin' see us even when we're totally cloaked now. we're just lucky satan holed us up down in this here sewer."" ""hmm. indeed."" davook flicked through a casualty report on the most recent detonation. twenty-five million incinerated in an instant, and the radioactive fallout yield had tripled from the previous attack. the humans were fighting dirty. sixty million demons had been infected with radioactive particles, something that wouldn't affect the highest ranked demons, given their highly enhanced bodies and upper-level regenerative powers. but the lower demons had no such internal defenses and were wracked with all manner of ailments. ""it's a slaughter out there. this isn't even like when we fought the angels. at least we won due to sheer numbers. it was a battle of equals, so to speak. this is completely unfair, like a child with sticks and stones against an adult with a tank."" ""come on, davook. you should stop reading those reports for a while. they're just depressing you more than you usually are."" smealum reached for the deck of cards and shuffled them absent-mindedly, dealing out five cards to himself and the other three demons at the table. ""sometimes you just need to give it a rest. take it easy."" ""yeah. you're probably right."" davook set the paper on the table gently as he swept his gaze around the fairly sizable room. a hallway down the back led to their living quarters, while his own room was right off to the side for quick access in case of emergencies. this main room was set up somewhat like a bar, with a big whiteboard for whenever they needed to plan an attack or discuss intelligence given by the demons in command. ""fine, deal me in."" davook sighed as he stood up and sauntered around his desk over to where the other demons sat, pulling a chair out as he eased himself up to a corner, smealum moving over to make room. ""now we're talkin'! this gonna be a real good game now!"" torlok grinned widely as smealum dealt five cards to davook. ""no cheatin' though! i got sharp eyes that even a sneaky shithead like you can't fool!"" ""heh, we'll see about that."" davook smiled and felt his body freeze. something... something had shifted. he flicked his eyes around the room. there was a sudden feeling of emptiness in the air, though the others hadn't perceived it yet. it was... it was as if... davook quickly stood up, the cards falling from his hand onto the table. torlok snickered. ""cold feet already?"" ""shut up. i can't sense any energy to the northwest. it might be an anti-magic bubble."" everyone in the room noted the alarm on his face, as they all quickly stood up. ""humans?"" smealum tried to force a smile but it didn't quite connect. ""th-they can't find us here. we're hidden very well."" ""that's not true. satan warned us that their supreme commander has ways of locating anything, if he just knows it exists."" davook blanched as the sensation of emptiness seemed to be moving towards them. ""everyone get to the portal in the back and escape through it. shut it off until you receive my signal. if you don't receive my signal in five minutes, activate the kill code. destroy the portal."" ""y-you serious? alright, boss."" torlok quickly beckoned at the other demons as they all quickly and efficiently made their way to the back. ""i'll stay with you, boss. can't have you hold 'em off alone."" despite his cool and collected words, his voice was laced with fear. ""i can handle them alone. stay safe, torlok. you and the others leave."" davook reached to his neck and removed a small pendant, handing it over to the younger demon. ""if this light goes out, i'm dead. whether it does or doesn't, you must continue to destroy the portal in five minutes. you know the drill."" torlok swallowed as he felt his claws shaking. he reached over and took the small red gem from his boss. ""you don't have to stay, boss. you kin' come with us..."" ""i can't. if i'm wrong..."" davook felt his heart tremble as the bubble started moving even more quickly towards them. ""...never mind, i'm not wrong. get out of here, dipshit. you're slowing me down."" ""alright, boss."" torlok squeezed his black eyes shut for a moment as emotion overtook him. he quickly straightened himself up and rushed towards the back room, slamming the door behind himself without a second word. davook tensed up as he jumped over his desk and yanked a small device out, a single button visible on its surface. ""i ain't lettin' them take me alive."" he quickly jumped back over, feeling the bubble was now appearing inside the barrier. _they must be right outside the door. only moments left._ quickly, he lifted a couch with his huge muscles and propped it up to shield himself from the main entrance. that was when he heard a faint noise from outside. a moment later, the door blasted off its hinges as a massive explosion surged inside the room, fire drenching everything in sight. davook screamed a silent scream as the air was sucked from his body. losing his focus, he dropped the couch and it slammed into the ground with a deep _thud_. a moment later, he fell to his knees as he wheezed and gasped. _fuckers. knew they'd fight dirty._ at that moment, several suited humans burst into the room, wading through the inferno at the front door as if it didn't even exist. davook felt incredible pain in his body as the anti-magic bubble swept over him, draining all the power in his body in an instant. he fell to the ground as all his strength vanished, as if the gravity in the room had increased a hundred-fold. ""hostile sighted! device is in hand!"" one of the suited humans quickly tilted his helmet towards davook, his hand still weakly clutching the button. he tried with all his might to press it, but his body wouldn't respond to his thoughts. _i was careless._ davook felt his eyes droop as he waited for the end to come. one of the white-suited humans quickly ran over to him, snatching the device from his hands. ""not so fast, demon. seems you're all alone here. one last stand, eh?"" another human yelled in alarm. ""my scanner picked up a massive bomb in the ceiling!"" ""don't worry about it. i bet this is the transmitter right here. he thought he'd catch us in a trap, but it ain't happening today."" the human laughed viciously as davook felt the life leaving his body. _no... oxygen... can't breathe..._ davook felt a smile creep across his lips. even if he couldn't kill the humans, he would die anyway. no intel could be extracted from him, and the fire was already burning up the demon's documents. humans were so... foolish. the human nearest him leaned down, his voice tinged with glee. ""bet you think we're gonna let you die, eh, _monster_? you ain't so lucky. your nightmare has only just begun."" _bastards._ the world faded away as a single tear made its way down davook's cheek. -------------------------------------------------------------------------- satan nodded to himself as he appeared to receive a mental communication. marie watched him with feigned disinterest from a distance as he bobbed his head several times. then, as if the line had been cut, he turned abruptly to face her. ""the humans found our base in london. i was just informed by one of the espers in that district."" ""yet another loss. we seem to be suffering a lot of casualties as of late."" marie fanned her fingers out as she glanced down at her nails. she seemed to be unmoved by their deaths, which made satan's temper flare up. ""i thought you had this under control months ago. you spoke of technology that would allow us to fight on even footing with the humans, yet the energy weapon defensive matrix technology you gave us isn't enough! we don't have enough of the devices to protect our troops, and even if we did, the nukes are wiping us out in ways we can't defend against!"" ""quite the conundrum."" she flicked her eyes over towards him. ""it's not my problem though. i didn't promise you anything, the other marie did. anyway, i'm working on ways we can fight back. you just have to give me time... quite the interesting development happened recently and i'm working out how to turn it to our advantage."" satan's anger dissolved slightly as he eyed her coldly. ""development? explain."" she sighed dramatically as she leaned back against the wall and held eye contact with him. one interesting fact about this mere human was how little she appeared to fear him. was it false courage, or did she have a way to neutralize him? he just couldn't be sure. ""well, i didn't really intend to tell you about it for a while until i had the kinks ironed out... but now's as good a time as any. as it happens, the marie you know did not die. in fact, she was reincarnated as an angel after death and she managed to escape heaven."" satan blinked twice before his face contorted into one of rage. ""what?! when did you plan to inform me of this?!"" marie grimaced at his burst of anger. ""calm down, you obstreperous loudmouth. i intended to tell you eventually. what's more important isn't that she is alive and well, but the contact she met in heaven and she helped flee from that prison. he will be key to destroying the angels and gods."" satan calmed down slightly, despite the insult she fired at him, as she always tended to do. honestly, he wasn't sure why he allowed such insolence, but she _was_ the most interesting human he knew. ""who is he?"" ""his name is clarence, and he used to be the leader of the church of retribution. his personality was the driving force behind its resurgence, and the reason the angels have become so powerful as of late."" marie paused dramatically as she winked at him. ""and now he's dead. the archangel raphael killed him."" satan chuckled. ""as it turns out, i know him. i recommended him to zeus and gabriel as a way to regain their power. his preaching has done them a great service, and me as well."" for once, marie was the one to be stunned. ""what? you recommended him? why?"" ""come now, that should be obvious. it's a matter of self-preservation. i hate the gods and the gods hate me... but neither one of us can kill each other right now, and if one of us is killed off by the humans, the other will fall next. it's in our own self-interest to maintain the balance of power we used to have in the old days. i'd rather have them remain a threat to the humans and be able to unite with us against humanity if push came to shove."" ""that seems... illogical. the gods will never be able to fight humanity. they will never ally with you, either. their power is merely an addition to the threat leveled against you. again, as i said, i have a plan to kill them off, so you had better listen."" marie thought back to what he had said about having the gods boost up the church. it might have seemed smart to him at the time, but she couldn't see why. he truly was an idiot. ""at least by boosting up the church, you've made my plan very likely to succeed."" satan seemed too annoyed by her constant questioning of his abilities to argue about it, so he simply shrugged as he rolled his eyes. ""fine. tell me about this plan of yours."" ---------------------------------------------------------------------------------- **big thanks to the patrons who have rejoined or newly joined over the last few days! [due to patreon dropping 15 people due to failed charges](https://www.reddit.com/r/thecryopodtohell/comments/62y58d/this_deals_getting_worse_all_the_time/), i'm not quite sure if any of ya'll are actually new or not, but if you are i appreciate it!** **edit: holy heck! we're at 499k words! i didn't realize we were so far along until i copypasted all the parts from 316 to now in my word document for cryopod! that's crazy!** **[edit 2: no part tomorrow...](https://www.reddit.com/r/thecryopodtohell/comments/63rauq/doing_some_apartment_downsizing_and_need_to_take/)**",1
824274,"19 m4f - new years eve fun i'm looking for dirty chat, picture swapping, roleplay. whatever! i'm a 19 year old guy, tall and skinny, and i'm alone tonight. i'm down for anything. i'm looking for a lady between 18-40, doesn't matter really. send me a message about anything.",1
972008,"i think i am trans (ftm) where do i go from here? the past couple of days have felt quite overwhelming. i vocalised to some friends what i had been sitting on for a while. and while i'm still not sure how i feel, it felt good to finally talk about stuff and begin to sort out my feelings. i am going to therapy soon for unrelated issues, so perhaps i will bring it up there. i am still uncertain about my gender. i don't hate being afab or my sex characteristics necessarily but when it comes down to it - if i could chose between being a boy or a girl - i think i would pick being a man. it's hard to know how much of this is gender dysphoria and how much is the cisheteronormative beauty standards placed upon afab people. i was bullied a lot as a child and teenager for having typically masculine characteristics such as big hands, feet and being tall and stocky. i have never felt all that connected to cis women. being auadhd also hasn't helped in this respect. sometimes i wish i could just have the freedom of a cis man in this world, to not be constantly sexualised or judged for what i'm wearing. i love men's fashion and that sleek, flat-chested look but i also like gender neutral and some women's clothing too - so perhaps i'm on more of a spectrum? i'm thinking of buying a binder and perhaps a short hair wig and trying things out first to see how i feel. it's difficult knowing what's dysphoria, dysmorphia or some kind of intense maladaptive daydreaming where you sort of ""inhabit"" a character, if that makes sense...",1
763734,look slimmer with weight loss pills,1
163023,why do overweight people breathe loud?,1
975505,any love for skinny guys on here? pm's are always welcome,1
946202,skinny petite teen dancing and showing her sexy body — [ more in comment ],1
