random_id,text,relevance
981469,"ehh not really anything special. i used to work as a nurse, and a solid number of my coworkers were psychos. i was in greek life in undergrad, same thing. high school, same thing. now med school, same thing. unless you’re socially blind, it’s easy to find down to earth med students.",1
455495,"the claim in [your cited source](https://np.reddit.com/r/australianpolitics/comments/5lbyw5/in_regards_to_people_who_use_the_focus_on_the/dbulfzx/) is attributed to steve baldwin, the executive director of the council for national policy, [a conservative activist group in america](https://en.wikipedia.org/wiki/council_for_national_policy) with [a very strong anti-lgbt focus](https://www.splcenter.org/hatewatch/2016/05/17/council-national-policy-behind-curtain). baldwin has also claimed that [homosexuality is ""deviant sexual behaviour""](http://www.westernjournalism.com/how-republicans-lost-the-same-sex-marriage-case/) and that [""mainstream homosexual culture commonly promotes sex with children""](http://www.tomorrowsworld.org/magazines/2003/march-april/from-closet-to-mainstream-the-homosexual-agenda).  your cited source was published 14 years ago on wnp, [the self-professed ""largest christian website in the world""](http://go.wnd.com/aboutwnd/), which has also run pieces arguing that [homosexuality is a disability](http://www.wnd.com/2016/06/can-we-consider-homosexuality-a-disability/), that [homosexuality is a choice](http://www.wnd.com/2015/04/how-to-answer-is-homosexuality-a-choice/), that [homosexuality is not natural](http://www.wnd.com/2015/07/claim-homosexuality-exists-in-nature/), that [same-sex marriage will destroy the planet](http://www.wnd.com/2008/05/64769/), and that [soy products are making kids gay](http://www.wnd.com/2006/12/39253/).  even by your standards this is putrid.",1
756629,"the ""no ears, no sound"" argument seems a bit weak to me. say there is a microphone in the forest to pick up the sound waves. does it still not count as a sound because there is no ear to hear it? put a human listening through headphones to the feed from the microphone and by this definition it suddenly becomes sound. but if he takes the headphones off and once again removes the ear from the equation, the neurologist would argue that the tree has fallen silently. what if the ear is there but is deaf? the ""listener"" wouldn't hear anything, what happens then? i think neurologists need to get their shit together.",1
862384,"contrary to /u/chairchucker i would recommend sticking with bows for your gadgeteer instead of sticking with the omnigun. the omnigun is easily the worst weapon in the game until your gadgeteer gains levels (the item automatically upgrades itself as your gadgeteer levels up), and it doesn't start attacking additional times until your gadgeteer reaches level 13, it can't use arrows or quarrels until your gadgeteer reaches level 16 (quarrels and arrows are considerably better than stones, darts, and most throwable weapons), and the omnigun won't start consistently applying effects other than blind until your gadgeteer reaches level 26 (you'll probably finish the game before your party hits level 26 unless your party is 4 people or less for most of the game).  on top of those other problems, the random blinding effect of the omnigun typically results in causing blinded enemies to run away from your group, which i find is often annoying at extending combat and isn't really helpful since the blind isn't dependable enough to rely on for defenses anyway. possibly more importantly, modern weapons don't gain any damage scaling from strength, meaning shots from your omnigun will do less damage than bows or crossbows will for virtually the entire game. lastly, being able to combine light crossbows into doubleshot and tripleshot crossbows is arguably the best thing about including a gadgeteer in your party, so it makes sense to give doubleshot/tripleshot crossbows to anyone in your party who can equip them (gadgeteer included).  as an extra aside, the party formation options make it difficult to protect more than 3 ranged units and you'll generally do more damage in melee range than you will at range, so i'd recommend focusing your gadgeteer as a melee fighter in your team composition and only use a crossbow as a backup weapon when there are no enemies in melee range.  as far as spell usage and mana goes, i recommend at least casting a level 1 version of a spell (any spell that could have an effect) every turn during combat. as long as the spell successfully casts and has an effect, it'll provide a decent chance of leveling up that element's magical skill and whatever school of magic you used to cast it (divinity for your priest, wizardry for your mage). just continuing to level your spells is important, as you won't be able to select better spells later or use them effectively if you aren't leveling up your elements and your magical school by casting regularly.",0
833070,"there absolutely was evidence. i don't expect you to go read the article i posted, so here are some important tidbits.  the most authoritative statement of the issue of intrapartum hypoxia and cerebral palsy was released in 2003, after years and years of debate on the issue.  did it say that cerebral palsy is not caused by intrapartum hypoxia? no!  acog task force on neonatal encephalopathy and cerebral palsy:  ""spastic quadriplegia and, less commonly, dyskinetic cerebral palsy are the only types of cerebral palsy associated with acute hypoxic intrapartum events. spastic quadriplegia is not specific to intrapartum hypoxia. hemiparetic cerebral palsy, hemiplegic cerebral palsy, spastic diplegia, and ataxia are unlikely to result from acute intrapartum hypoxia.""  how about the cdc, what do they say? http://www.cdc.gov/ncbddd/dd/cp3.htm#causes ""these causes can occur during later pregnancy, delivery, or the first years of the child's life. they include bacterial meningitis and other infections, bleeding in the brain, lack of oxygen, severe jaundice, and head injury.""  so, the cdc and the definitive, authoritative statement on cp and intrapartum hypoxia state that some forms of cp and similar mental disabilities can and are caused by intrapartum hypoxia! not all, but some. definitely some.  this is not ""junk science"". you have fallen hook-line-and-sinker for the malpractice insurance company's best line.   sure, the vast majority of cp and brain injury cases happen much earlier in the pregnancy - but not all. this is established, accepted medical fact.  the author of the article above sums it up best, though...  ""as a defense attorney who has been defending doctors for the last two decades, i can state quite definitively that during that entire time there has been no perception that the association between perinatal oxygen deprivation in the neonate and neurological deficits in later life is ""junk science"" as that term is generally used. it has instead been an actively debated and litigated issue of causation. ""junk science"" refers to a principle of causation which is unproven and not generally accepted in the relevant field of practice. up to 2003 for many forms of cp, and even now for others, that label would not properly apply to the causal arguments in question.""",1
690196,"no one is entitled to go to medical school. the ada only mandates ""reasonable accommodations"" be made in any situation. someone who is severely visually impaired or blind frankly can't do the majority of things required of a physician. it is what it is. there are no blind pilots or mute opera singers.   if someone's epilepsy is controlled and doesn't suddenly spiral out of control when they face the physical demands of residency, that's great and they should pursue whatever training they want. if you have a disability that might be aggravated by training you should think about that when making your decision. residency is not a right and hospitals are allowed to terminate if you can't uphold your contract. it may be possible to reduce hours and extend training but that's not always an option. the paralyzed surgery resident's program defended their decision by stating they didn't have the caseload necessary for her to meet the required number of cases if they were to let her return with the class below her-that's the same argument programs would use to rightfully defend not expanding their class size.   here's what i mean about concrete disability-none of the symptoms listed in the medscape article are things that a significant number of people might experience once in a while if they were working 80 hours a week-dizziness, nausea, balance problems, etc. no matter how much i work i never become blind or paraplegic but i don't know about you? those issues are hard to quantify or prove. i don't think it's unreasonable to say there's correlation between the merit of an ada appeal and whether it's granted. those things are decided by committees with extensive training and much more information than we have. you really don't think a more valid issue isn't more likely to be granted than an invalid one? i didn't say her specific appeal was in no was possibly merited but i did supply information from the medscape article about what has happened in her situation thus far.  asking for a schedule modification is one thing, demanding it is another. uva has every right to say she's not fulfilling her employee contract and that it's not possible to make the accommodations she is requesting due to the needs of their patients.    thanks for concluding i have no idea what i'm talking about. almost everything i've stated is factual information about her situation or the circumstances of others. how you feel about it is irrelevant. seems like she bit of more than she could chew and now expects everyone to accommodate her without considering how those requests affect her co-residents or patients.",1
850156,"defining phrases such as disabled access, disabled lifts, wheelchair lifts, stair lifts, platform lifts, and wheelchair users. http://www.wheelchairaccess.co.uk   as the world changes disabled access to the world must keep up. a vast range of disabled access barriers have been created and solutions follow, from disabled access being a blind person reading a brail book to disabled access being oscar pistorius, with two carbon-fiber prosthetic legs, breaking the 22 second barrier in the 2004 athens paralympics 200 meter sprint. it is important that one day people with disabilities do not have disabled access issues and there is no reason why that could not happen.  disabled lifts come in all shapes and sizes, from portable disabled lifts to common elevator shafts; even bath, bed and vehicle aids can be classed as disabled lifts.  disabled lifts have been designed for public or domestic use, for indoor even outdoor use. over history disabled lifts have been adapted to overcome all types of barriers to cater for the importance of individuals’ independent living. you can be assured that as new barriers are formed from developments in architecture, new ages and tastes etc, adaptations in disabled lifts will follow.  wheelchair lifts are a separate type of disabled access aid where the wheelchair is lifted with its user hence “wheelchair lift”. you can not class a domestic lift, for example, where the user has to move out of their wheelchair into a seat as a wheelchair lift as the user leaves the wheelchair behind, and in many cases has another wheelchair on the second level. wheelchair lifts usually take up more space, as a platform is needed for the wheelchair to sit on. other types of lifts are used when the user is not always wheelchair bound but it is generally easier for a wheelchair user to use a wheelchair lift.  sesame access’ system will change the meaning of the phrase stair lifts. a disabled or able bodied person in the street would tell you that stair lifts are the contraptions that carry people up a set of domestic house stairs; “you know the stair lifts you see on t.v.” it is sesame access systems ltd plan to create a sesame system or stair lifts even, that will be affordable and practical for use in every household whilst still using the theory that our stair lifts remain hidden until a discrete button is pushed. sesame access systems web site http://www.wheelchairaccess.co.uk   platform lifts, on their own, are never the most aesthetically pleasing forms of access. you could even relate the phrase platform lifts to goods lifts. in many cases platform lifts are visible as an enclosed system with a gate as an entrance. we use platform lifts as a lifting mechanism but when the stairs are in the rest/pedestrian position you would need a trained eye to notice that platform lifts lays beneath.  it is believed that the earliest representation of wheelchair users was over one thousand years ago, an engraving was found in china of what appears to be wheelchair users sitting in a three wheeled chair. wheelchair users had to rely on able bodied people to help in movement until stephen farfler invented a wheelchair with hand cranks in the mid 17th century allowing wheelchair users to move independently. according to the department of health 1994 there are around 1.2 million wheelchair users in the u.k. using all sorts of variations in design of wheelchairs which keep on improving including the ibot that can carry wheelchair users up stairs, fantastic, but not too great for the wheelchair lift industry.    ""about the author: steven lyons is a recognized authority on the subject of disabled access. his web site, http://www.wheelchairaccess.co.uk provides a wealth of informative articles and resources on everything you'll ever need to know about disabled access.""",1
327869,"#####&amp;#009;  ######&amp;#009;  ####&amp;#009;  [**paralympic games**](http://en.wikipedia.org/wiki/paralympic%20games): [](#sfw)   ---  &gt;  &gt;the **paralympic games** is a major international [multi-sport event](http://en.wikipedia.org/wiki/multi-sport_event), involving athletes with a range of physical and intellectual [disabilities](http://en.wikipedia.org/wiki/disability), including mobility disabilities, [amputations](http://en.wikipedia.org/wiki/amputations), [blindness](http://en.wikipedia.org/wiki/blindness), and [cerebral palsy](http://en.wikipedia.org/wiki/cerebral_palsy). there are [winter](http://en.wikipedia.org/wiki/winter_paralympic_games) and [summer paralympic games](http://en.wikipedia.org/wiki/summer_paralympic_games), which since the 1988 summer games in seoul, south korea, are held immediately following the respective [olympic games](http://en.wikipedia.org/wiki/olympic_games). all paralympic games are governed by the [international paralympic committee](http://en.wikipedia.org/wiki/international_paralympic_committee) (ipc).  &gt;the paralympics have grown from a small gathering of british [world war ii](http://en.wikipedia.org/wiki/world_war_ii) veterans in [1948](http://en.wikipedia.org/wiki/stoke_mandeville_games) to become one of the largest international sporting events by the early 21st century. paralympians strive for equal treatment with non-disabled olympic athletes, but there is a large funding gap between olympic and paralympic athletes.  &gt;the paralympic games are organized in parallel with the [olympic games](http://en.wikipedia.org/wiki/olympic_games), while the [ioc](http://en.wikipedia.org/wiki/ioc)-recognized [special olympics world games](http://en.wikipedia.org/wiki/special_olympics_world_games) include athletes with [intellectual disabilities](http://en.wikipedia.org/wiki/intellectual_disabilities), and the [deaflympics](http://en.wikipedia.org/wiki/deaflympics) include [deaf](http://en.wikipedia.org/wiki/deaf) athletes.    &gt;the present formal explanation for the name ""paralympic"" is that it derives from the greek preposition παρά, pará (""beside"" or ""alongside"") and thus refers to a competition held in parallel with the [olympic games](http://en.wikipedia.org/wiki/olympic_games).  the [summer games of 1988](http://en.wikipedia.org/wiki/1988_summer_paralympics) held in seoul was the first time the term ""paralympic"" came into official use.  &gt;given the wide variety of disabilities that paralympic athletes have, there are several categories in which the athletes compete. the allowable disabilities are broken down into six broad categories. the categories are amputee, cerebral palsy, intellectual disability, wheelchair, visually impaired, and les autres (literally ""the others"", which are athletes with disabilities that do not fall into the other five categories; these include [dwarfism](http://en.wikipedia.org/wiki/dwarfism), [multiple sclerosis](http://en.wikipedia.org/wiki/multiple_sclerosis), and [congenital disorders](http://en.wikipedia.org/wiki/congenital_disorder)). these categories are further broken down into classifications, which vary from sport to sport. the classification system has led to cheating controversies revolving around athletes who over-stated their disabilities, in addition to the use of performance-enhancing drugs seen in other events.   &gt;====  &gt;[**image**](http://i.imgur.com/vtv5keh.png) [^(i)](http://commons.wikimedia.org/wiki/file:ipc_logo_\(2004\).svg)  ---  ^interesting: [^2008 ^summer ^paralympics](http://en.wikipedia.org/wiki/2008_summer_paralympics) ^| [^2012 ^summer ^paralympics](http://en.wikipedia.org/wiki/2012_summer_paralympics) ^| [^summer ^paralympic ^games](http://en.wikipedia.org/wiki/summer_paralympic_games) ^| [^2000 ^summer ^paralympics](http://en.wikipedia.org/wiki/2000_summer_paralympics)   ^parent ^commenter ^can [^toggle ^nsfw](http://www.reddit.com/message/compose?to=autowikibot&amp;subject=autowikibot nsfw toggle&amp;message=%2btoggle-nsfw+cfj582b) ^or[](#or) [^delete](http://www.reddit.com/message/compose?to=autowikibot&amp;subject=autowikibot deletion&amp;message=%2bdelete+cfj582b)^. ^will ^also ^delete ^on ^comment ^score ^of ^-1 ^or ^less. ^| [^(faqs)](http://www.reddit.com/r/autowikibot/wiki/index) ^| [^mods](http://www.reddit.com/r/autowikibot/comments/1x013o/for_moderators_switches_commands_and_css/) ^| [^magic ^words](http://www.reddit.com/r/autowikibot/comments/1ux484/ask_wikibot/) ^| [^flag ^a ^glitch](http://www.reddit.com/message/compose?to=/r/autowikibot&amp;subject=glitched comment report&amp;message=what seems wrong: (optional description goes here\)%0a%0a---%0a%0areply no. 62744:%0ahttp://www.reddit.com/r/transhuman/comments/1xh5qd/what_will_the_transhuman_olympics_look_like/cfj57yc)",1
866806,"i'm not sure if all the analogies used in this thread really work for me, because an arm sticking out of your stomach, a woman with a beard, being obese, all of those are either considered weird or very negative in the society, and are either rare or extremely rare sight.  when you walk down the street as a man, and you feel like a woman on the inside, no one is judging you because they have no idea what's going on inside your head. they just see man, and since (aprox.) 50% of people are men, it's totally normal thing to see. ditto for the other way around.  now, certainly, if you look like a man and people see you acting in a typical ""female way"" that's when the judging and the social comformity starts. ditto fot the other way around.  but that's exactly what cis people go through as well, having assumptions based on gender that don't align with their identity. i live in a roman catholic country in eastern europe. i was studying mathematics, and 99% of people told me i should quit and go study languages, or at least be a math teacher because those are better jobs for a woman, and easier when you raise kids. so i told them i don't want to have kids. but what kind of woman doesn't want kids? i don't shave my armpit or legs. i got viciously bullied in high school. i still get weird looks. i get ""friendly"" advice to just shave and it will be easier for me. when i was 15 i cut my hair really short. i loved it, it felt sooo good not having that heavy thing dangling off my head. but ever since then i've been wearing long hair because i got kicked out of a female bathroom and called a pervert. just for having a short hair! i love playing first person shooters, but people tell me women shouldn't like those kinds of things etc. etc. etc. there are many more examples, but i think you get it.  what i'm trying to say is, all my life i've been judged, bullied, and pushed by the society to comform to a typical female behavior. i've been miserable, i've felt lonely, extremly lonely, and strangely enough the more people were around me, the lonelier i felt. but not once did i feel like i was born in the wrong body, or that i should switch to being a man. so i think it must be some feeling coming from the inside.  there's nothing weird or wrong with being a man or a woman (while there is something very weird and wrong with having an arm sticking out of a stomach). but there's something weird and wrong for you with being a man or a woman.  yesterday, i found this strange because i (mostly) wouldn't care if i woke up with male body tomorrow, but people really explained it well, both in the emotional department and the hormonal basis.",1
718792,"i didn’t read the study, but here’s my experience.   a little background: i suffer from reactive hypoglycemia. basically, i was morbidly obese and pre-diabetic. i lost half my body weight. because my pancreas had already developed additional insulin producing cells to deal with my weight and didn’t shrink when i lost weight, i basically had too much insulin production going on in a too small body. when i ate too many carbs at once, especially overly processed carbs, my body would pump out a bunch of insulin to deal with it and it was more than needed given my smaller frame, resulting in a sugar crash. sometimes my sugar would fall as low as 25. it was not pretty. i learned to manage this by keeping a close eye on what i ate and when i ate it, and being sure to stabilize my blood sugar if i felt it coming on. i still had episodes, maybe 2-3 times a month.   when i began omad, i also, for all intents and purposes, went keto (i’m vegetarian so this does basically equates to eating primarily eggs and veggies). it’s been 6+ months and i’ve had 2 episodes where my blood sugar crashed. in both cases, while i had indulged in carbs, more than i’ve been allowing myself, it wasn’t to the degree that would have previously caused an episode. i’m not sure if it’s the changes to my glucose response as a result of omad or higher sensitivity as a result of keto. i suspect a little bit of both.   in short, i do think that long term if does have an impact on how our bodies deal with insulin as compared to pre-if state. my experience with this has been positive, but perhaps there’s more to it than that, based on research.",1
232471,"a fair point.  so, to answer your op from a specifically libertarian perspective, the objection to fascism is the objection to collectivism in general (fascism being one specific form of collectivism) which is that there is no such thing as an autonomous collective.  libertarianism holds that all humans, by virtue of being human, are equal in some sense. not equality of opportunity obviously, or equal in opportunity as we are all born with different talents and handicaps whether it be intelligence, attractiveness, a good singing voice etc. but equal in their right to exercise autonomy over themselves.  it follows on logically that you have a brain that makes decisions. you are an autonomous individual agent. but if you put 2, or 10 or a million people together, all you have is that number of individuals. a collective does not exist in objective reality. it's a conceptual label we assign for convenience.  collectivism puts the collective, which does not exist, above the individual, which does. but as i've already stated it does not exist so how can the collective make a decision? we're not the borg. there is no hive brain. what you get is an individual who makes decisions on behalf of the collective, but what makes them so special? nothing.   so you have this ""some are more equal than others"" situation where some individuals not only have autonomy, but power, and others have neither. indeed ""more equal than others"" is obviously a logically impossible state to be in, no doubt this was intentional on orwell's part.  so to cut a long story short, that's the philosophical problem with collectivist ideology; the fundamental contradiction at it's core of some being more equal than others, because an autonomous collective cannot exist and an individual must be placed in a position of authority to make decisions on behalf of the collective, as only individuals act.  obviously one can object to the effects of fascism i.e. authoritarianism, tyranny, genocide etc but i believe these to be a consequence of the internal inconsistency of the ideology. at least ultimately. in the end all of the horrors of collectivism are the result of a need to ""wallpaper over the crack"" that is the internal contradiction of collectivism; a collective where everyone is equal, with one man in charge.",1
725271,"it's hilarious how they're behaving like barren cunts, it's almost like they're blind to reality or worse bound to a wheelchair of stupidity. these crazy sjw cretins are crippled by their mental illness of liberalism which causes them to be daft morons who are in essence deaf and mute to anybody trying to spit basic logic to these herp derp fuckwits.  their diffability is only superseded by their dumbness which is what you'd expect from feeble minds that don't have enough testosterone flowing through their body as they're handicapped by their unfunctioning and deficient endocrine system. these uggo harelip, hearing impaired idiots are astonishing in their imbecilic insanity, they're fucking nutz.  i've met invalid and lame people with more common sense. i mean legit loons, madhouse maniacs and mentally defective people who i'd rather have running the country than these mental midget faggots. they are such mongoloid psychos that it makes psycho psychopaths look like sane normal people. they 100% belong on the short bus with other retards, simpletons and spazes like u/spez (fucking cuck(s)).  in short, they are suffering from stupid wacko cuck syndrome and i just want to say   this is a great glimpse of what would happen if these sjw loons would take over society.",1
126690,"no one died, got paralyzed, or was orphaned. this is completely unsuitable for uplifting news.",1
319423,"i'd say ""lucky bastards"" but i wouldn'trade my scratched n dirty copper plate for their sparkling ivory plates, not on any day. those experiences made me who i am today, and i should be proud of that! cuz, if im not worms n dirt, and i still care,...not much can beat me. im alive.   too bad they dont know what its like. they might recognize when someone is in pain, someone in their lives maybe. depressed people are so very good at pretending to be normal. sometimesx you dont know until theyre gone...",1
543680,"a  * autism or autistic, when used as an insult.  b  * blind  c  * crazy * cretin * cripple  d  * daft * ""deaf and dumb"" or ""deaf-mute"" * deformed * delusional * derp * differently-abled * dim or dim-witted * ""the disabled"" or ""disabled people"" * dotard * dumb, especially when preceded by ""the"".  e  * epileptic  f  * feeble-minded * fit * freak  g  * gimp or gimpy  h  * handicapped * hare lip * hysterical  i  * imbecile * incapacitated * idiot * insane * invalid  l  * lame * losing one's mind * lunatic or looney  m  * mad * maniac * mental or mentally deficient, defective, disabled, deranged, or ill * midget * mongol, mongoloid, or mongolism for down syndrome. * moron  n  * nut, nuts, or nutter  p  * patient * psycho(tic)  r  * retard/retarded  s  * schizo * spastic/spaz/spakka  t  * tard, short for ""retard""; see retard above.  v  * victim of an ailment. * vegetable  w  * wheelchair-bound * window licker  y  * ""yuppie flu""",1
901326,"&gt; actually there is nothing done in the brit milah that is even close to child abuse. it is a healthy alternative to leaving the penis uncircumcised.  what you're spreading is fud.  70%-75% of the earth's men are intact. circumcision is rare outside of the u.s., south korea (u.s.-influenced), israel, the muslim world (68% of circumcised men), and the older generations of canada and australia (both of which were influenced by the u.s.). outside of these countries/cultures, 'routine' circumcision is considered bizarre.  ***----history----***  first, you must understand that 'routine' circumcision became prevalent in the united states not for legitimate medical reasons, but for religiously based pseudo-medicine and superstition.  in particular, circumcision was advocated as a way to curb masturbation, because such ""self-abuse"" was regarded as a sin against god and one of the main causes for all manner of physical and mental illness, including blindness and epilepsy.  in fact, one of the [major proponents of circumcision](http://www.circumstitions.com/kellogg.html) in the u.s. stated that one of the bonuses of the amputation is the pain, because it serves as a corporal reminder of the ills of sexual stimulation.  this is of course all rubbish. for instance, studies have shown that circumcised men actually masturbate more frequently than intact men--likely, because of the constant (unwanted) stimulation of their exposed glans and remaining inner foreskin and frenulum. also, circumcised men are more likely to participate in more exotic sexual behavior such as anal sex and fellatio, which is perhaps due to a sensory inbalance that requires a more exotic stimulation of the brain (note, this is not to say that anal sex or fellatio are 'deviant').  nevertheless, once routine amputation of the foreskin became prevalent, the medical establishment sought to associate it with legitimate medical benefits.  ***----hygiene----***  general ease of hygiene was an early stated benefit of circumcision. however, the intact penis requires no special treatment. because the nascent foreskin of children is fused to the glans (even up to late adolescence), children require only external cleaning (in fact, [forced retraction of the foreskin](http://www.doctorsopposingcircumcision.org/info/info-forcedretraction.html) is unhealthy and dangerous). in the adult, the foreskin retracts so easily, that rinsing during a shower is not even a conscious effort.  simply put, hygiene is no reason for circumcision; the majority of the earth's men would find this claim laughable.  ***----infections----***  another often listed benefit of circumcision is the prevention of [urinary tract infections (utis)](http://www.cirp.org/library/disease/uti); like most pro-circumcision talking points, this notion mainly came as the result of dubious studies. however, infants are at a higher risk for uti in the weeks following circumcision. besides the fact that utis are generally easy to cure and infrequent, the incidence of infection are roughly the same between an intact boy and a circumcised boy. *moreover, the intact adult is less likely to suffer from a uti than a circumcised adult male, likely because the meatus of the circumcised penis is constantly and directly exposed to the environment.*  more to the point, some doctors recommend circumcision in cases of recurrent uti. however, there is no medical evidence to support this recommendation. recurrent utis are associated with congenital abnormalities of the upper urinary tract. indeed, the national kidney and urologic diseases clearinghouse (nkudic), a service of the national institutes of health does not suggest circumcision as a prevention or cure of urinary tract infection.  it is also interesting to consider girls. a recent scandinavian study found that girls and boys have about the same incidence of uti in the first year of life. girls have a four times higher incidence of uti in the first six years of life than non-circumcised boys. no special concern is manifested regarding this much higher rate of infection in girls...  why don't we alter the genitalia of girls?  therefore, circumcision is not a suitable reason to provide for reducing the risk of utis.  ***----stds/hiv----***  very recently, hiv/aids has replaced utis as the scare-tactic for promoting amputation of the foreskin. however, safe sexual practices are not only essential, but they are the only reliable and effective means for controlling and avoiding sexually transmitted diseases; even though the un's recent (u.s.-led) studies suggest that circumcision reduces the incidence of hiv infection, the un still acknowledges that only sex education and sexually responsible behavior (such as using condoms) are effective solutions.  in fact, [this meta-study of those un studies](http://www3.interscience.wiley.com/journal/120747249/abstract?cretry=1&amp;sretry=0)  suggests that 72 circumcisions are necessary in order to prevent one case of hiv infection. in conclusion, the researches make a half-hearted endorsement of the procedure:  &gt; male circumcision is an effective strategy for reducing new male hiv infections. its impact on a population level will require consistently safe sexual practices to maintain the protective benefit.  to make my point clear, i'll point out that the last sentence states that  *consistently safe sexual practices* are necessary to be protected from hiv.  also, consider [this article](http://www.bio-medicine.org/medicine-news-1/role-of-circumcision-in-reducing-hiv-risk-still-unclear-27082-1/) that states circumcision does not decrease the risk of contracting hiv for gay men. then consider [the following study](http://gateway.nlm.nih.gov/meetingabstracts/ma?f=102180172.html) that shows many gay men engage in unsafe sexual practices.  more to the point, the circumcised men in the un studies are muslim. no doubt does this cultural affiliation have an effect on their sexual behavior and would explain why these circumcised men are at a reduced risk of hiv.  therefore, it is obvious that the un studies are hindered by confounding variables and that the real solution to the spread of hiv (and other stds) is not circumcision, but sexually responsible behavior.  furthermore, the u.s. has the highest rate of circumcision among industrialized nations (not considering, say, israel), and yet the u.s. hiv incidence rate is 3.5 times higher than that of the closest advanced industrialized nation.  ***----cancer----***  another claim is that circumcision protects boys from penile cancer. however, penile cancer occurs in *old men* and at an extremely small incidence. the national cancer institute of the u.s. expected a 2008 incidence of 1250 cases. for the u.s., that's rougly:      1250 / 305186613 * 100% = 0.00041%  [wikipedia says](http://en.wikipedia.org/wiki/penile_cancer):  &gt; penile cancer is very rare in europe and north america, occurring in about one in 100,000 men in the latter. it accounts for 0.2% of cancers and 0.1% of deaths from cancer amongst males in the united states.  moreover, it is generally thought that carcinoma of the penis is caused by viruses like hpv and other diseases that result from sexually irresponsible behavior and extremely poor hygiene.  ***----conclusion----***  in short, circumcision is derived from the true but misguided insight that removing a body part prevents problems with that body part. yet, these problems are not inherent in the foreskin; in fact, the foreskin is valuable itself.  just leave your son the way he was born: healthy and whole. be open with him about how his healthy penis is supposed to function and teach him to be sexually safe and clean. set it and forget it.... it's just that easy; most of the world agrees, as has the american academy of pediatrics since 1971; in 1999 the aap strengthened this stance and the ama recognizes that medically unnecessary circumcision has no therapeutic benefit.  edit: taken from mrforeskin's comments",1
736298,"from kurzweil's *the age of spiritual machines*:  * *a $1000 computer can perform about a trillion calculations per second*  correct me if i'm wrong, but i'm pretty sure we're not there yet. maybe for certain types of operations, but not general purpose computing.  * *personal computers with high-resolution visual displays come in a range of sizes, from those small enough to be embedded in clothing and jewelry up to the size of a thin book*  depends on your definition of high-resolution, but i think we're pretty much at this point now.  * *cables are disappearing. communication between components uses short-distance wireless technology. high-speed wireless communication provides access to the web.*  yep. wireless is so ubiquitous now that we seem to forget that 10 years ago, this was definitely not the case.  * *the majority of text is created using continuous speech recognition. also ubiquitous are language user interfaces.*  no, i don't know anyone who uses continuous speech recognition, although i know the technology exists and is made by kurzweil's company. language user interfaces exist, but are pretty limited and definitely not ubiquitous.   * *most routine business transactions take place between a human and a virtual personality. often, the virtual personality includes an animated visual presence that looks like a human face.*  definitely and thankfully, this prediction failed hard. we seem to be going in the opposite direction, with more and more people preferring online shopping and self-checkouts at stores because they don't have to deal with personalities.  * *although traditional classroom organization is still common, intelligent courseware has emerged as a common means of learning.*  depends on what his definition of ""intelligent courseware"" is. i don't think we can give this to him just yet.  * *pocket-sized reading machines for the blind and visually impaired, ""listening machines"" for the deaf, and computer controlled orthotic devices for paraplegic individuals result in a growing perception that primary disabilities do not necessarily impart handicap.*  there does seem to be a growing perception that disabilities can be overcome through technology. pretty vague wording, though.  * *translating telephones are commonly used for many language pairs*  if the technology exists, it certainly isn't what i'd call common.  * *accelerating returns from the advance of computer technology have resulted in continued economic expansion. price deflation, which had been a reality in the computer field during the twentieth century, is now occuring outside the computer field. the reason for this is that virtually all economic sectors are deeply affected by the accelerating improvement in the performance of computing.*  yeah, right. recession aside, this was definitely not the case for anything outside of the world of computer hardware. kurzweil apparently doesn't have an understanding of the human side of business.  * *human musicians routinely jam with cybernetic musicians*  no, they don't, and they probably wouldn't prefer to even if they could.  * *bioengineered treatments for cancer and heart disease have greatly reduced the mortality for these diseases*  research is still being done here, but major advancements have not been made and mortality has not improved significantly as a result of bioengineering.  * *the neo-luddite movement is growing*  technology is being embraced by more and more people everyday. even radical religious groups, the most likely proponents of a neo-luddite movement,  rely on it. however, with unemployment rising and many people out of jobs due to technology, i think it's plausible that such a movement could be quietly growing.",1
421578,"soeren palumbo who is a senior honors student and big brother to olivia. last week at fremd high school in wheeling during writer's week, he gave the following speech that he wrote to a gymnasium full of his high school peers and faculty and received a standing ovation. i agree with fran that we need more soeren's in the world! soeren never felt that there would be interest in his piece beyond the doors of the school. i think he was wrong.   the speech  i want to tell you a quick story before i start. i was walking through hallways, not minding my own business, listening to the conversations around me. as i passed the front door on my way to my english classroom, i heard the dialogue between two friends nearby. for reasons of privacy, i would rather not give away their race or gender. so the one girl leans to the other, pointing to the back of a young man washing the glass panes of the front door, and says, ""oh my gaw! i think it is so cute that our school brings in the black kids from around the district to wash our windows!"" the other girl looked up, widened her slanted asian eyes and called to the window washer, easily loud enough for him to hear, ""hey, negro! you missed a spot!"" the young man did not turn around. the first girl smiled a bland smile that all white girls - hell, all white people - have and walked on. a group of mexicans stood by and laughed that high pitch laugh that all of them have.  so now it's your turn. what do you think the black window washer did? what would you do in that situation? do you think he turned and calmly explained the fallacies of racism and showed the girls the error of their way? that's the one thing that makes racism, or any discrimination, less powerful in my mind. no matter how biased or bigoted a comment or action may be, the guy can turn around and explain why racism is wrong and, if worst comes to worst, punch em in the face. discrimination against those who can defend themselves, obviously, cannot survive. what would be far worse is if we discriminated against those who cannot defend themselves. what then, could be worse than racism? look around you and thank god that we don't live in a world that discriminates and despises those who cannot defend themselves. thank god that every one of us in this room, in this school hates racism and sexism and by that logic discrimination in general. thank god that every one in this institution is dedicated to the ideal of mutual respect and love for our fellow human beings. then pinch yourself for living in a dream. then pinch the hypocrites sitting next to you. then pinch the hypocrite that is you. pinch yourself once for each time you have looked at one of your fellow human beings with a mental handicap and laughed. pinch yourself for each and every time you denounced discrimination only to turn and hate those around you without the ability to defend themselves, the only ones around you without the ability to defend themselves. pinch yourself for each time you have called someone else a ""retard"".   if you have been wondering about my opening story, i'll tell you that it didn't happen, not as i described it. can you guess what i changed? no, it wasn't the focused hate on one person, and no it wasn't the slanted asian eyes or cookie cutter features white people have or that shrill hispanic hyena laugh (yeah, it hurts when people make assumptions about your person and use them against you doesn't it?). the girl didn't say ""hey negro."" there was no black person. it was a mentally handicapped boy washing the windows. it was ""hey retard."" i removed the word retard. i removed the word that destroys the dignity of our most innocent. i removed the single most hateful word in the entire english language. i don't understand why we use the word; i don't think i ever will. in such an era of political correctness, why is it that retard is still ok? why do we allow it? why don't we stop using the word? maybe students can't handle stopping- i hope that offends you students, it was meant to - but i don't think the adults, here can either. students, look at your teacher, look at every member of this faculty. i am willing to bet that every one of them would throw a fit if they heard the word faggot or nigger - hell the word negro - used in their classroom. but how many of them would raise a finger against the word retard? how many of them have? teachers, feel free to raise your hand or call attention to yourself through some other means if you have. that's what i thought. clearly, this obviously isn't a problem contained within our age group.   so why am i doing this? why do i risk being misunderstood and resented by this school's student body and staff? because i know how much you can learn from people, all people, even - no, not even, especially - the mentally handicapped. i know this because every morning i wake up and i come downstairs and i sit across from my sister, quietly eating her cheerio's. and as i sit down she sets her spoon down on the table and she looks at me, her strawberry blonde hair hanging over her freckled face almost completely hides the question mark shaped scar above her ear from her brain surgery two christmases ago. she looks at me and she smiles. she has a beautiful smile; it lights up her face. her two front teeth are faintly stained from the years of intense epilepsy medication but i don't notice that anymore. i lean over to her and say, ""good morning, olivia."" she stares at me for a moment and says quickly, ""good morning, soeren,"" and goes back to her cheerio's. i sit there for a minute, thinking about what to say. ""what are you going to do at school today, olivia?"" she looks up again. ""gonna see mista bee!"" she replies loudly, hugging herself slightly and looking up. mr. b. is her gym teacher and perhaps her favorite man outside of our family on the entire planet and olivia is thoroughly convinced that she will be having gym class every day of the week. i like to view it as wishful thinking. she finishes her cheerio's and grabs her favorite blue backpack and waits for her bus driver, miss debbie, who, like clockwork, arrives at our house at exactly 7'o'clock each morning. she gives me a quick hug goodbye and runs excitedly to the bus, ecstatic for another day of school.  and i watch the bus disappear around the turn and i can't help but remember the jokes. the short bus. the retard rocket. no matter what she does, no matter how much she loves those around her, she will always be the butt of some immature kid's joke. she will always be the butt of some mature kid's joke. she will always be the butt of some ""adult's"" joke. by no fault of her own, she will spend her entire life being stared at and judged. despite the fact that she will never hate, never judge, never make fun of, never hurt, she will never be accepted. that's why i'm doing this. i'm doing this because i don't think you understand how much you hurt others when you hate. and maybe you don't realize that you hate. but that's what is; your pre-emptive dismissal of them, your dehumanization of them, your mockery of them, it's nothing but another form of hate. it's more hateful than racism, more hateful than sexism, more hateful than anything. i'm doing this so that each and every one of you, student or teacher, thinks before the next time you use the word ""retard"", before the next time you shrug off someone else's use of the word ""retard"". think of the people you hurt, both the mentally handicapped and those who love them. if you have to, think of my sister. think about how she can find more happiness in the blowing of a bubble and watching it float away than most of will in our entire lives. think about how she will always love everyone unconditionally. think about how she will never hate. then think about which one of you is ""retarded"".  maybe this has become more of an issue today because society is changing, slowly, to be sure, but changing nonetheless. the mentally handicapped aren't being locked in their family's basement anymore. the mentally handicapped aren't rotting like criminals in institutions. our fellow human beings are walking among us, attending school with us, entering the work force with us, asking for nothing but acceptance, giving nothing but love. as we become more accepting and less hateful, more and more handicapped individuals will finally be able to participate in the society that has shunned them for so long. you will see more of them working in places you go, at dominicks, at jewel, at wal-mart. someday, i hope more than anything, one of these people that you see will be my sister. i want to leave you with one last thought. i didn't ask to have a mentally handicapped sister. she didn't choose to be mentally handicapped. but i wouldn't trade it for anything. i have learned infinitely more from her simple words and love than i have from any classroom of ""higher education"". i only hope that, one-day, each of you will open your hearts enough to experience true unconditional love, because that is all any of them want to give. i hope that, someday, someone will love you as much as olivia loves me. i hope that, someday, you will love somebody as much as i love her. i love you, olivia.  soeren palumbo",1
397804,"prophecy as a whole is intellectually bankrupt anyway.  suppose i could predict the future in some sort of indisputable way: i.e. the result of every sports event for the next century.  how does that in any way prove i am divine?  the same can be said of miracles. even if i could transform water in to wine, resurrect the dead, heal the blind or  part the seas, ala moses.   how does that in any way prove my ministry is divine? it's a giant non-sequitur.",1
630982,"i was 16 and working at a grocery store as a bagged/cart retriever. one night it was slow and the cashier working was a late 20s girl who was not entirely all there. not fully mentally handicapped but just wasn't all there. she had gotten in trouble for giving out wrong change and having her drawer wrong before and was on her last strike. i noticed a $100 bill on the floor behind her and i stepped on it and acted like i was tying my shoe to grab it. later that night she got yelled at cuz her drawer was exactly $100 short, it had fallen out, it was the bill i had. i didn't turn it over, kept it. she got fired that night. sigh.....",1
817538,this is my mother’s gofundme that she started in honor of my father. we found out he had stage iv small cell lung cancer in early december and he passed very soon from it on december 22.,1
721809,"-just wanted to say...first, i am so sorry about the treatment you received, that's terrible...  i work part time @ a va hospital and so far i haven't seen anything too distressing...then again, i am only there one shift every 2 weeks, and i only have worked in the intensive care units....never have been in the psych unit.   we have all computer charting, and i was told in orientation that all va medical centers have this info across the board....good thing about that is, no matter what va you have been in across the country, the info will be available to the docs.   i am a vet as well, and i use the va system, because my private insurance sucks ass...the va will bill my insurance carrier what they can, and i will pay the va the co payment.  i do notice that i (apparently) must be more diligent than the ft employees, because the nurses are always surprised when i stay in my assigned area and take care of anything they need as soon as i can....which makes me wonder about the care the ft respiratory therapists give.   at my full time job, this is a given....if we are not on top of things, and not able to take care of our patients in a timely manner, that is grounds for dismissal...my ft employer (for profit cancer hospital chain) doesn't play.  i do have to say my va  respiratory therapy director is trying like hell to make our department better, little by little trying to get the ft therapists accountable for doing more and more...and it's like pulling teeth, he says it takes a long while to get any thing done (apparently because of the federal union, of which i am a member, lord knows why....because i am hearing they suck, is making it hard for the director. pfft).",1
329075,"at 20 weeks, wife’s water broke. doctors told us we could let them be and see how long they could be carried but has such a high risk of long term health complications or option 2, get induced. we chose the latter as we wouldn’t want to give them a life of health problems to include possible blindness. so we unfortunately had them too soon for the doctors to help.   it still to this day kills my wife and i to know where they would be to this day.",1
613284,"the nazi racial policies rely on darwin and the further darwinist elaborations of spencer and haeckel.   &gt;*‘one of the central planks in nazi theory and doctrine was …evolutionary theory [and] … that all biology had evolved … upward, and that … less evolved types … should be actively eradicated [and] … that natural selection could and should be actively aided, and therefore [the nazis] instituted political measures to eradicate … jews, and … blacks, whom they considered as “underdeveloped”*  &gt;darwin even compiled a long list of cases where he concluded bad blood polluted a whole gene line, causing it to bear impure progeny forever. numerous respected biologists, including ernst ruedin of the university of munich and many of his colleagues such as herbert spencer, francis galton, and eugene kahn, later a professor of psychiatry at yale, actively advocated this hereditary argument. these scientists were also the chief architects of the german compulsory sterilization laws designed to prevent those with defective or ‘inferior’ genes from contaminating the aryan gene pool. later, when the ‘genetically inferior’ were also judged as ‘useless dredges’, massive killings became justified. the groups judged inferior were gradually expanded to include a wide variety of races and national groups. later, it even included less healthy older people, epileptics, both severe and mild mental defectives, deaf-mutes, and even some persons with certain terminal illnesses.  &gt;much of the opposition to the eugenic movement came from german christians. although hitler was baptized a catholic, he was never excommunicated, and evidently ‘considered himself a good roman catholic’ as a young man, and at times used religious language. he clearly had strong, even vociferous, anti-christian feelings as an adult, as did probably most nazi party leaders. as a consummate politician, though, he openly tried to exploit the church.55 hitler once revealed his attitude toward christianity when he bluntly stated that religion is an:  &gt;‘ *… organized lie [that] must be smashed. the state must remain the absolute master. when i was younger, i thought it was necessary to set about [destroying religion] … with dynamite. i’ve since realized there’s room for a little subtlety …. the final state must be … in st. peter’s chair, a senile officiant; facing him a few sinister old women … the young and healthy are on our side … it’s impossible to eternally hold humanity in bondage and lies …. [it] was only between the sixth and eighth centuries that christianity was imposed upon our peoples …. our peoples had previously succeeded in living all right without this religion. i have six divisions of ss men absolutely indifferent in matters of religion. it doesn’t prevent them from going to their death with serenity in their souls.’*  &gt;as early as 1925, hitler outlined his conclusion in chapter 4 of mein kampf that darwinism was the only basis for a successful germany and which the title of his most famous work—in english my struggle—alluded to. as clark concluded, adolf hitler:  &gt;*‘ …was captivated by evolutionary teaching—probably since the time he was a boy. evolutionary ideas—quite undisguised—lie at the basis of all that is worst in mein kampf -and in his public speeches …. hitler reasoned … that a higher race would always conquer a lower.’*  &gt;and hickman adds that it is no coincidence that hitler:  &gt;*‘ … was a firm believer and preacher of evolution. whatever the deeper, profound, complexities of his psychosis, it is certain that [the concept of struggle was important because] … his book, mein kampf, clearly set forth a number of evolutionary ideas, particularly those emphasizing struggle, survival of the fittest and the extermination of the weak to produce a better society.’ *  http://www.answersingenesis.org/tj/v13/i2/nazi.asp   because many redditers are violently anti-religious they tend to ignore anything that's wrong in the evolutionists' works.   darwin himself was a racist by today's standards (e.g. he was referring to africans as savages,) - he was indeed against slavery and eugenics but nevertheless considered some human races as inferior (see below).   today's political correctness advocates have a similar view, they are actually patronizing some minorities and have the feeling that without help from the state (in e.g. college admission) those people (being inferior) won't do well.   **read and weep, evolutionists:**  &gt;*the chief distinction in the intellectual powers of the two sexes is shown by man attaining to a higher eminence in whatever he takes up, than woman can attain—whether requiring deep thought, reason, or imagination, or merely the use of the senses and hands.""*  charles darwin  &gt;*at some future period, not very far distant, as measured by centuries, the civilized races of man will almost certainly exterminate the replace throughout the world the savage races.*  charles darwin  &gt;*the more civilized so-called caucasian races have beaten the turkish hollow in the struggle for existence. looking to the world at no very distant date, what an endless number of the lower races will have been eliminated by the higher civilised races throughout the world.*  charles darwin  he also placed the ""negro"" on the evolutionary scale between the baboon and the ""civilized races of man"".  funny thing is that actually it's the creationists who are race-blind unlike the evolutionist social darwinists.  **edit**: downmods without reply. **that's how they are**.  **edit 2** ok, ok, you convinced me. i'm an evolutionist myself now and i think some of the redditers are unevolved idiots somewhere in between the baboon and the creationists.  :)",1
287789,"goodness i can wait for my insurance to approve them. my hearing wasn't deemed bad enough.   edit i have mild and moderate loss. aka 100x to 10,000x( 45dbs at my worst) less sensitive then normal hearing. or if you halfed the volume 1 to 3 times. or doubling 3 times.   if you start with the volume 10(arbitrary number) as the lowest volume someone with ""normal"" hearing can hear (15 dbs of loss or lrss). for this we will say 15dbs of loss.   you will have to double the volume for me to begin to hear some. so you would have turn it to 20 before i could start to hear anything. then for me to hear ""everything"" ( i.e 50hz to 10khz, as i can't hear anything past 10k). you would have to turn it to 80.  i hope my math is correct.",1
294605,"it's hilarious how they're behaving like barren cunts, it's almost like they're blind to reality or worse bound to a wheelchair of stupidity. these crazy sjw cretins are crippled by their mental illness of liberalism which causes them to be daft morons who are in essence deaf and mute to anybody trying to spit basic logic to these herp derp fuckwits.  their diffability is only superseded by their dumbness which is what you'd expect from feeble minds that don't have enough testosterone flowing through their body as they're handicapped by their unfunctioning and deficient endocrine system. these uggo harelip, hearing impaired idiots are astonishing in their imbecilic insanity, they're fucking nutz.  i've met invalid and lame people with more common sense. i mean legit loons, madhouse maniacs and mentally defective people who i'd rather have running the country than these mental midget faggots. they are such mongoloid psychos that it makes psycho psychopaths look like sane normal people. they 100% belong on the short bus with other retards, simpletons and spazes like u/spez (fucking cuck(s)).  in short, they are suffering from stupid wacko cuck syndrome and i just want to say   this is a great glimpse of what would happen if these sjw loons would take over society.",1
100100,"this piece begs us to assume that everyone involved with the multiple gun brandishing confusion scenario (mgbcs) is either blindfolded, earplugged and muzzled, or simply a blind, deaf mute completely incapable of communicating effectively with another human being during a crisis.",1
317443,"thank you so very much! after surviving what i have, rudeness &amp; skewed perspectives don’t phase me! i also suffer from ms but people can’t see or never know about my disability how far i have come. knowing where i came from is all i need to motivate me to keep going!  thank you so very much for your kindness. i just wanted to let others know they don’t have to loose hope. i would have never thought i would be where i am today. but i am alive &amp; what better way to thank the lord for giving me a second chance than to shine light or give hope to others.",1
921197,special education,1
620164,"i'm a bot, *bleep*, *bloop*. someone has linked to this thread from another place on reddit:  - [/r/25k] [so there's this kid who has a cancer and i dont know if he's gonna make it and he wanna be a youtube.. - 25,054 votes on r\/publicfreakout](https://www.reddit.com/r/25k/comments/jyt3z9/so_theres_this_kid_who_has_a_cancer_and_i_dont/)  - [/r/25kja] [so there's this kid who has a cancer and i dont know if he's gonna make it and he wanna be a youtube.. | だから、ガンを患っているこの子供がいます、そして彼がそれを成し遂げるつもりであるかどうか私は知りません、そして彼はユーチューブスターになりたいので、みんな彼の夢を実現するためだけに彼にサブスクライブし.. - 25,036 votes on r\/publicfreakout](https://www.reddit.com/r/25kja/comments/jyt3oz/so_theres_this_kid_who_has_a_cancer_and_i_dont/)  - [/r/25kvi] [so there's this kid who has a cancer and i dont know if he's gonna make it and he wanna be a youtube.. | vậy có đứa trẻ này bị ung thư và tôi không biết nó có vượt qua được không và nó muốn trở thành ngôi .. - 25,076 votes on r\/publicfreakout](https://www.reddit.com/r/25kvi/comments/jyt4oq/so_theres_this_kid_who_has_a_cancer_and_i_dont/)  &amp;nbsp;*^(if you follow any of the above links, please respect the rules of reddit and don't vote in the other threads.) ^\([info](/r/totesmessenger) ^/ ^[contact](/message/compose?to=/r/totesmessenger))*",1
366692,wife of stage 4 throat/tongue cancer survivor and handcrafted jewelry artist paying it forward to st jude children's research hospital.  a portion of every sale is directly donated to st jude.,1
767381,"no, probably not.  eegs only measure very, very large patterns; also, if you've ever seen an eeg, it doesn't look like a ""wave"", but more of a random mess.  the alpha/beta/delta/etc ""waves"" are better described as ""familiar 'patterns' we see a lot, mostly because gross activity in the brain is pretty similar in most people"".  for example, dropping a truckload of bassoons down a stairwell is a disorganized mess, but would sound very different than dropping 10 pianos, or a few dozen violas.  it's kind of like that... seeing certain spindle patterns and other characteristic abnormalities would be the equivalent of still being able to hear a stick of dynamite going off during this mess.  a seizure pattern would be like a 9.0 earthquake shaking the entire building - all of a sudden you can't even hear the deafening racket over the overpowering omgwtfbbq.  an eeg is only the broadest overview of what's happening with the hardware of the brain.  consciousness is far more elusive than that, and may or may not actually be a learned behavior (!) that we are unaware that we have learned... but that's a very in-depth discussion, and not really germane to your question.",1
776621,"reminds me of this bit by carlin:  tl;dr:  [audio](http://www.youtube.com/watch?v=cnk_kzqcclo&amp;feature=youtube_gdata_player)    you can't be afraid of words that speak the truth. i don't like words that hide the truth. i don't like words that conceal reality. i don't like euphemisms or euphemistic language. and american english is loaded with euphemisms. because americans have a lot of trouble dealing with reality. americans have trouble facing the truth. so they invent a kind of a soft language to protect themselves from it. and it gets worse with every generation. for some reason it just keeps getting worse.  i'll give you an example of that. there's a condition in combat. most people know about it. it's when a fighting person's nervous system has been stressed to it's absolute peak and maximum, can't take any more input. the nervous system has either snapped or is about to snap. in the first world war that condition was called shell shock. simple, honest, direct language. two syllables. shell shock. almost sounds like the guns themselves. that was 70 years ago. then a whole generation went by. and the second world war came along and the very same combat condition was called battle fatigue. four syllables now. takes a little longer to say. doesn't seem to be as hard to say. fatigue is a nicer word that shock. shell shock ...battle fatigue. then we had the war in korea in 1950. madison avenue was riding high by that time. and the very same combat condition was called operational exhaustion. hey we're up to 8 syllables now! and the humanity has been squeezed completely out of the phrase now. it's totally sterile now. operational exhaustion: sounds like something that might happen to your car. then of course came the war in vietnam, which has only been over for about 16 or 17 years. and thanks to the lies and deceit surrounding that war, i guess it's no surprise that the very same condition was called post-traumatic stress disorder. still 8 syllables, but we've added a hyphen. and the pain is completely buried under jargon. post-traumatic stress disorder. i bet you, if we'd still been calling it shell shock, some of those vietnam veterans might have gotten the attention they needed at the time. i bet you that. but it didn't happen. and one of the reasons is because we were using that soft language, that language that takes out the life outta life. and it is a function of time it does keep getting worse.  give you another example. sometime during my life toilet paper became bathroom tissue. i wasn't notified of this. no one asked me if i agreed with it. it just happened. toilet paper became bathroom tissue. sneakers became running shoes. false teeth became dental appliances. medicine became medication. information became directory assistance. the dump became the land fill. car crashes became automobile accidents. partly cloudy became partly sunny. motels became motor lodges. house trailers became mobile homes. used cars became previously owned transportation. room service became guest room dining. constipation became occasional irregularity. when i was a little kid if i got sick they wanted me to go to a hospital and see the doctor. now they want me to go to a health maintenance organization. or a wellness center to consult a health care delivery professional! poor people used to live in slums. now the economically disadvantaged occupy sub-standard housing in the inner cities. and they're broke! they're broke. they don't have a negative cash flow position. they're fuckin' broke! because a lot of them were fired. you know, fired. management wanted to curtail redundancies in the human resources area. so many people are no longer viable members of the work force.  smug, greedy well fed white people have invented a language to conceal their sins. it's as simple as that. the cia doesn't kill people anymore, they neutralize people or they depopulate the area. the government doesn't lie, it engages in disinformation. the pentagon actually measures radiation in some thing they call sunshine units. israeli murderers are called commandos. arab commandos are called terrorists. contra killers are called freedom fighters. well if crime fighters fight crime and fire fighters fight fire what do freedom fighters fight? they never mention that part of it to us, do they.  and some of this stuff is just silly. we know that. like when the airlines tell us to pre-board. what the hell is pre-board? what does that mean? to get on before you get on? they say they're going to pre-board those passengers in need of special assistance ... cripples! simple honest direct language. there's no shame attached to the word cripple i can find in any dictionary. in fact it's a word used in bible translations. ""jesus healed the cripples."" doesn't take seven words to describe that condition. but we don't have cripples in this country anymore. we have: the physically challenged. is that a grotesque enough evasion for you? how about differently abled? i've heard them called that. differently abled! you can't even call these people handicapped anymore. they say: ""we're not handicapped, we're handy capable!"" these poor people have been bullshitted by the system into believing that if you change the name of the condition somehow you'll change the condition. well hey cousin ... [macht ein furzgeräusch] ... doesn't happen! we have no more deaf people in this country. hearing impaired. no more blind people. partially sighted or visually impaired. no more stupid people, everyone has a learning disorder. or he's minimally exceptional. how would you like to told that about your child. he's minimally exceptional. psychologists have actually started calling ugly people those with severe appearance deficits. it's getting so bad that any day now i expect to hear a rape victim referred to as an unwilling sperm recipient!  and we have no more old people in this country. no more old people. we shipped them all away and we brought in these senior citizens. isn't that a typically american twentieth century phrase? bloodless. lifeless. no pulse in one of them. a senior citizen. but i've accepted that one. i've come to terms with it. i know it's here to stay. we'll never get rid of it. but the one i do resist. the one i keep resisting, is when they look at an old guy and say, ""look at him dan, he's ninety years young."" imagine the fear of aging that reveals. to not even be able to use the word old to describe someone. to have to use an antonym. and fear of aging is natural. it's universal, isn't it? we all have that. no one wants to get old. no one wants to die. but we do. so we con ourselves. i started conning myself when i got in my forties. i'd look in the mirror and say, ""well...i guess i'm getting ...older."" older sounds a little better than old, doesn't it? sounds like it might even last a little longer. i'm getting old. and it's okay. because thanks to our fear of death in this country i won't have to die. i'll pass away. or i'll expire, like a magazine subscription. if it happens in the hospital they'll call it a terminal episode. the insurance company will refer to it as negative patient care outcome. and if it's the result of malpractice they'll say it was a therapeutic misadventure.  i'm telling ya, some of this language makes me want to vomit. well, maybe not vomit ... ... makes me want to engage in an involuntary personal protein spill.",1
415549,"&gt;undesirable &gt; &gt;applicants falling into the following categories should not be given the going-forth. as the going-forth is the customary first step in full acceptance, this means that they should not receive full acceptance, either. any bhikkhu who gives any of these applicants the going-forth incurs a dukkaṭa. however, the applicant does count as having properly gone forth; if fully accepted he is properly accepted and need not be expelled. &gt; &gt;5) those who are physically handicapped, feeble, or deformed. the following list is from the canon, with passages from the commentary in brackets: an applicant with a hand cut off [c: at least from the palm]… a foot cut off [c: at least from the ball of the foot].. a hand and foot cut off… an ear cut off… a nose cut off… an ear and nose cut off [c: in the case of ears and nose, if the cut-off part can be reconnected, the applicant may go forth]… a finger or toe cut off [c: so that nothing of the nail appears]… a thumb or big toe cut off .. a cut tendon… one who has webbed fingers [c: if the fingers are separated by surgery, or if a sixth finger is removed, the applicant may go forth]… a bent-over person [c: bent-over forward (a hunchback), bent-over back (a swayback), bent-over to either side; a slight crookedness is to be expected in all candidates, as only a buddha is perfectly straight]… a dwarf… one with a club foot (or elephantiasis) [c: if the foot is operated on so as to become a normal foot, he may go forth]… one who disgraces the assembly [c: through some deformity; (the list here is very long and includes many seemingly harmless characteristics, such as connected eyebrows, a lack of a beard or moustache, etc. this is one area where the commentary seems to have gone overboard)]… one who is blind in one eye… one who has a crooked limb [c: limb = at least a hand, foot, or finger]… one who is lame… one half-paralyzed [c: paralyzed in one hand, one foot, or down one side]… a cripple [c: one who needs a crutch or stool to move along]… one feeble from old age… one who is blind… dumb [c: unable to speak or with such a bad stutter that he cannot pronounce the three refuges clearly]… deaf… blind and dumb… blind and deaf (§—not mentioned in bd)… deaf and dumb… blind and deaf and dumb. &gt; &gt;again, some people have questioned the compassion behind these prohibitions, but the point of the prohibitions is to keep the bhikkhus from being burdened with looking after those who are a burden or an embarrassment to their families. there is at least one case in the canon of a dwarf who ordained and became an arahant (ud.vii.1-2), but apparently he, like aṅgulimāla, was accepted into the community by the buddha himself. if it so happens that a bhikkhu develops any of these handicaps after his ordination—e.g., he goes blind or loses a limb—he need not disrobe, and his fellow bhikkhus are duty-bound to care for him (see chapter 5).  https://www.dhammatalks.org/vinaya/bmc/section0054.html#sigil_toc_id_161",1
686661,"i hate to post something like this to reddit, because it isn't really in concord with reddit's usual content or style and is rather self-serving, but you're all quite intelligent, competent, and highly functional people, from what i gather, and i would love to have the opportunity to pick your brains and get some ideas as to how i can take my broken life and turn it into something vaguely tolerable.  i am now 23 and for the past 13 years i have had severe depression that has only become more severe with the passage of each year - to the extent that i have made several serious suicide attempts and visited realms of feeling that could easily be mistaken by one whose mind were utterly prostrated and excoriated by despair for hell (think screaming and drooling on the floor with a liberal dash of gnashing teeth.)  more troubling and disabling is my body dysmorphic disorder which i have had just as long as my depression. (http://en.wikipedia.org/wiki/body_dysmorphic_disorder  excerpt from article which i hope will show that bdd is not a fictitious or insignificant ilness: ""the disorder is linked to significantly diminished quality of life and co-morbid major depressive disorder and social phobia. with a completed-suicide rate more than double than that of major depression, and a suicidal ideation rate of around 80%, bdd is considered a major risk factor for suicide."")  because of emotional problems, i dropped out of high school when i was 17 and have done nothing with my life since due to my avoidant personality, and extremely low motivation.  i do not have a driver's license.  i do not have a ged.  i do not have and have never had a job.  i don't qualify for disability or any form of government assistance because i have never paid into disability.  my parents are my only means of support and they are getting up there in age and they do not have a great deal of money, so the three of us are barely eking out a living here and i don't wish to be a burden upon them any longer.  i have no implements of a painless suicide available to me now as i did when i made my aforementioned attempts, so that is out of the question now unless there is some way i can get my hands on a gun or something.  i do not have any medical insurance and more frustratingly i no longer have any dental insurance - and at a time when an infection in my jaw is developing and causing me serious pain and bringing about very unplesant changes in my cognition, such decreased focus and concentration and dizziness.  in order to get on my mother's medical insurance provided by her work i need a picture identification of some kind, like a driver's license, but - hard as this may be to understand and empathize with, please try - my concerns about my appearance are so disabling and torturous that i can't even bring myself to do so much as stand in front of a camera at the dmv, and even if i tried to get an id they wouldn't give me one because i wear a hat on my head daily to conceal my receding hairline and one is not allowed to have his picture taken with anything on his face or head, unless it be connected with his religious beliefs in some way.  i don't even take my hat off when i sleep or when i'm alone!  i'm sure as hell not going to take it off around dozens of other people in the dmv and have my ugliness indelibly emblazoned onto a card that i should have to display again and again throughout my life. to make matters even worse, my mother is highly emotionally unstable and kicks me out of the house at regular intervals or threatens to call the police (though i my actions have never warranted such a thing).  i happen to be at friend's house right now because i was recently kicked out yet again for reasons more than a little bit mystifying.  (my mother is a rather bitter, hateful, and petty woman who, if i didn't know any better, actually enjoys destabilizing my life and making me as miserable as possible.)  no dictum describes my situation better than ""caught between a rock and a hard place"".  i feel like everything's closing in on me and i've nowhere to go, no capacity to improve my life to even the smallest degree.  i can't die.  i can't live.  feelings of powerlessness are so excruciating when your life is a mess and there's seemingly nothing to be done to fix it.    my goals in life are simply this:  1.  become comfortable with who i am and what i look like so that i should be able to gain some social contacts. 2.  make enough money to be able to provide myself with clothing, food, shelter, and a reasonable amount of entertainment. 3.  get an education.  is there any way for me to do any of this?  my fear is that there isn't.  when i attempt to gaze into my future, i most easily and readily envision a scene in which i am lying on the street corner begging for money from contemptuous strangers while deliriously intoxicated.  p.s.  please, rude and ungrateful as this may sound, don't respond with any platitudinous urgings such as ""don't kill yourself"", ""suicide is a permanent solution to a temporary problem"" (all problems are temporary only because everyone dies eventually!) or, especially, ""life is worth living!"";  you'll just sound like a silly, naive, black-and-white thinking christian with little grasp of the realities of this world and the human condition.  there certainly are some individuals for whom life is truly unprofitable and futile.  what i am asking you today is whether or not you think i can make something of my life and how i might go about that.  p.p.s.  in my more paranoid and delusional times, i really feel as if the universe itself were conspiring against me to make me as miserable as possible.   edit:  i forgot to mention that i don't respond well to ssris and i can not afford cognitive behavioural therapy, which are, i believe, the only orthodox treatments of bdd.",1
950194,"zelda is willful, intelligent, and curious. it's asinine to ignore these core character traits. this is a ten year old girl who stood up to her father, declaring ganon as evil, and was not believed. this is a ten year old girl with the triforce of wisdom. this is a girl, who, when she saw her father refusing to protect her country, took the matters into her own hands. she is not a block that is going to spit back generic answers. she will want information to make sure her plan goes right this time. she will want to make sure all evidence is damning. like honestly just take two seconds to see princess zelda as an actual person and not a fucking object. nintendo made the characters minimal because they wanted us to fill in the blanks, not because they wanted us to assume link was a mute who never talked to zelda about his adventures in the future (because link and zelda wouldn't have gone on to have a close, lifelong friendship, am i right? i mean, they just saved the world together. and are bound together by destiny. they wouldn't have had lots of long, intense conversations about all sorts of things together).  nintendo is a great company that makes amazing games. that's why we keep coming back for more. give them a little breathing room to do their job instead of nitpicking things to death and pretending that the characters wouldn't have had actual (fictional) lives together and have had actual, non-robotic conversations with each other.  edit: typo",1
811629,"the average students are not, actually, ""less comparable"" in terms of ability or need than disabled students. that is a common misconception -- people often don't realize that *within-group variability* is often much greater than *between-group variability*.   to be more concrete: if a student has a disability, such as being intellectually impaired, they are actually *more* like non-disabled children than they are like other disabled children. example: the collection of disabled students at a particular school might consist of, that intellectually impaired child, as well as a child who is deaf, one who is quadraplegic, one who is partially blind, two who are of average intelligence but dyslexic, one who has a severe thought disorder, one who is also intellectually impaired but differs from this student by more than 30 iq points, three who have autism but of various levels of impairment, and one who is epileptic. each of those learners is actually ""more like"" average learners than they are like any of the other disabled learners.   (as an analogy... say you break your arm during the school year. while injured, you are still more like the 'average' (non-impaired) student than you are like other 'temporarily impaired' student, such as students who are sick or who injured a completely different body part than you. as you recover, it makes much more sense to keep you in your class with other non-injured students, than to group you with all of the other sick-or-injured kids in your school, whose needs are likely going to be strikingly different than yours.)  so, it actually makes way more sense for these special education students to be placed with children without special needs, rather than cordoned off with a group of their 'peers'.",1
183543,"god answers prayers of paralyzed little boy: ""no,"" says god  http://www.theonion.com/articles/god-answers-prayers-of-paralyzed-little-boy,475/",1
666306,"you misunderstand, and should probably take time to learn about the perspectives of other human beings before suggesting they are objectively defective.  the issue with “disability” is that it's the result of our idea about “ability,” which changes over time and which some academics argue is a relatively recent cultural construct. the story they tell is this: when statistics came around in the 19th century, people started forming ideas about what was ""normal"" because now we had stats to place people on a bell curve (normal) or off a bell curve (abnormal). this idea then combined with the eugenics of the early 20th, resulting in ideas about how non-disabled people, or the able-bodied, were “normal,” while disabled people were “abnormal.”  the primary issue with this is the whole construct remains dependent upon eugenic ideas, which are inherently flawed because they claim false support in darwin's theory of evolution. in fact, the theory of evolution does not support eugenic ideals because eugenics misunderstands natural selection. eugenics suggests that individuals can be perfectly adapted to an environment, and thus fit an assumed biological ideal (able-bodiedness), but the human environment is neither uniform nor constant, making it impossible for any person to remain “ideal” in such a dynamic environment. also, evolution is about change in populations over time, not individuals, so the entire idea really just falls to pieces.   of course, while it’s helpful to point out the logical fallacies in able-bodiedness and how it’s not actually “normal,” when we see someone who we label disabled struggling in an able-bodied society we tend look as disability theorists and say “you can’t seriously tell me that their situation is preferable to my own.” in fact we can, because such statements come from a misunderstanding about how able-bodiedness changes over time and how this affects the relationship between people and their environment.  we tend to imagine what is “normal” is constant, but this is not so, especially with regards to able-bodiedness in the age of modern medicine. instead, we are in a never ending race to keep up with able-bodiedness. for example, every new drug that treats a disease or disorder raises the bar for the rest of us. you get depressed sometimes? you’re not sad, you’re depressed. you can’t focus? you aren’t flighty, you have adhd. your legs are twitchy? you don’t have muscle spasms, you have restless leg syndrome. let me qualify that criticism by saying that absolutely, these  are real issues that negatively impact the lives of real people, but the way we play them out in our culture, we don’t treat just those who will greatly benefit from the drug. as the bar gets higher, we treat those who will greatly benefit, and then we treat everyone and their mother. in this way, our environment changes and we expect people to change their own bodies to adapt. and as we get better at making new drugs, this standard will change even faster.   this is all complicated by ideas about accommodation of disability. my favorite example is the american athlete and fashion model aimee mullins. aimee is a double amputee who uses prostheses that allow her to run competitively. before prosthetics, aimee would have been wheelchair bound, but with accommodation by her prostheses, she can run. she can also remove her running prosthetics and put of decorative prosthetics formed from materials such as glass, wood, etc. that, in the past, have allowed her to work as a fashion model showing off poses and materials that a person with full length biological legs cannot. that is to say, with regards to the ability to model these materials, aimee can engage in activities that most people cannot. relative to aimee and with regards to her modeling, most of us are disabled.  while that example may seem farfetched, it demonstrates the importance of the idea that whether or not one is able-bodied or disabled is context-specific, and it’s not always black and white. a more everyday example is glasses: a good pair of glasses can act as a class symbol, improving how a person is perceived. personally, i am in graduate school for science and i look older, more serious and frankly more attractive when i wear my glasses, so i wear them often. i’ve also met people who have worn glasses that did not have a prescription, and they were obvious enough for the rest of us to realize, at which point they were made fun of until they took them off. because of a perceived biological disability (bad eyesight), and because of the social stigma against the perceived douchebaggery of non-prescription glasses, my disability, once accommodated, is actually an advantage in my environment.   quite simply, it is extremely difficult to come up with sound arguments for why one combination of biological characteristics is superior to another. increased longevity is one most people agree on, but the real debate is about quality of life. presumably, the ability to do more “stuff” is an increase in quality of life, while the inability is a decrease, but previous examples demonstrate it’s not so black-and-white. in the example of the deaf community (note: “deaf” is what “hearing” people call people who cannot hear, while “deaf” is the culture of “deaf” people), i’ve read of situations in which deaf people with unwanted implants felt that deaf culture’s relatively increased emphasis on both the visual aspects of life as well as the accompanying silence made life without implants preferable, causing me to question the hearing world’s habit of making the decision for hearing impaired children.   tl;dr normal is a social construct, as is disabled. environment changes too much for anyone to be a physical ideal, and in the modern era our dependence on technology is making us into demi-cyborgs, so rather than saying some people are disabled, or biologically dysfunctional, we should consider technological accommodation as a less invasive, diversity-preserving alternative.",1
831925,"* ""babe i'm gonna leave you"" - a folk song by anne bredon, this was originally credited as ""traditional, arranged by jimmy page,"" then ""words and music by jimmy page,"" and then, following legal action, ""bredon/page/plant.""  * ""black mountain side"" - uncredited version of a traditional folk tune previously recorded by bert jansch.  * ""bring it on home"" - the first section is an uncredited cover of the willie dixon tune (as performed by the imposter sonny boy williamson).  * ""communication breakdown"" - apparently derived from eddie cochran's ""nervous breakdown.""  * ""custard pie"" - uncredited cover of bukka white's ""shake 'em on down,"" with lyrics from sleepy john estes's ""drop down daddy.""  * ""dazed and confused"" - uncredited cover of the jake holmes song (see the above ground sound of jake holmes).  * ""hats off to (roy) harper"" - uncredited version of bukka white's ""shake 'em on down.""  * ""how many more times"" - part one is an uncredited cover of the howlin' wolf song (available on numerous compilations). part two is an uncredited cover of albert king's ""the hunter.""  * ""in my time of dying"" - uncredited cover of the traditional song (as heard on bob dylan's debut).  * ""the lemon song"" - uncredited cover of howlin' wolf's ""killing floor"" - wolf's publisher sued zeppelin in the early 70s and settled out of court.      * ""moby dick"" - written and first recorded by sleepy john estes under the title ""the girl i love,"" and later covered by bobby parker.  *  ""nobody's fault but mine"" - uncredited cover of the blind willie johnson blues.  *  ""since i've been lovin' you"" - lyrics are the same as moby grape's ""never,"" though the music isn't similar.  * ""stairway to heaven"" - the main guitar line is apparently from ""taurus"" by spirit.  * ""white summer"" - uncredited cover of davey graham's ""she moved through the fair.""  * ""whole lotta love"" - lyrics are from the willie dixon blues ""you need love.""",0
804692,"yep, a lot of less popular games actually have much more frantic competition than these. the race for sub-29 in ori and the blind forest was amazing, the game was pushed down by 3 full minutes in the span of a year. awesome year for our community.",1
481184,"so what would you do in their situation? they've been trying to sell their house for years, since it was clear that the mother wouldn't be taking custody of the girl again anytime in the foreseeable future. they kept reducing the asking price - it's now priced well below its value, but the housing market is terrible and has been for awhile.  they've got limited income. are they supposed to just abandon their house, and find somewhere else to live with no money? would you be willing to give up your home, which you own fair and square, for nothing, and face trying to find a place to live on a limited income (various articles i've read have listed the grandmother's income at $18-20k, and say the grandfather is unable to work due to disability).  [this article](http://network.nationalpost.com/np/blogs/posted/archive/2009/10/27/tough-u-s-housing-market-complicates-six-year-old-s-eviction.aspx) even says that while they'd be willing to list their house for even less than they are now, the hoa's lawyer discouraged them because it would devalue the whole neighborhood.  what exactly are they supposed to do?",1
643028,"to what degree has your sense of smell changed since you lost your eyesight? i ask because i heard that blind people can smell and taste incredibly well - so is this true and if it is, how does it affect you?  how do you even manouver about the kitchen? decide what ingredients to put in? shit, i can't cook and i got both eyes - you puzzle me, please  level with me.",1
640459,"# a  * autism or autistic, when used as an insult.  ## b  * blind  ## c  * crazy * cretin * cripple  ## d  * daft * ""deaf and dumb"" or ""deaf-mute"" * deformed * delusional * derp * differently-abled * dim or dim-witted * ""the disabled"" or ""disabled people"" * dotard * dumb, especially when preceded by ""the"".  ## e  * epileptic  ## f  * feeble-minded * fit  * freak  ## g  * gimp or gimpy   ## h  * handicapped * hare lip * hysterical  ## i  * imbecile  * incapacitated * idiot  * insane * invalid  ## l  * lame * losing one's mind * lunatic or looney  ## m  * mad * maniac * mental or mentally deficient, defective, disabled, deranged, or ill * midget * mongol, mongoloid, or mongolism for down syndrome. * moron  ## n  * nut, nuts, or nutter  ## p  * patient * psycho(tic)  ## r  * retard/retarded  ## s  * schizo * spastic/spaz/spakka  ## t  * tard, short for ""retard""; see retard above.  ## v  * victim of an ailment. * vegetable  ## w  * wheelchair-bound * window licker  ## y  * ""yuppie flu""",1
554464,"**----u.s. history----**  first, you must understand that 'routine' circumcision became prevalent in the united states not for legitimate medical reasons, but for religiously based pseudo-medicine and superstition.  in particular, circumcision was advocated as a way to curb masturbation, because such ""self-abuse"" was regarded as a sin against god and one of the main causes for all manner of physical and mental illness, including blindness and epilepsy.  in fact, [one of the major proponents of circumcision](http://www.circumstitions.com/kellogg.html) in the u.s. stated that one of the bonuses of the amputation is the pain, because it serves as a corporal reminder of the ills of sexual stimulation.  this is of course all rubbish. as previously mentioned, studies have shown that circumcised men actually masturbate more frequently than intact men--likely, because of the constant (unwanted) stimulation of their exposed glans and remaining inner foreskin and frenulum. also, circumcised men are more likely to participate in more exotic sexual behavior such as anal sex and fellatio, which is perhaps due to a sensory inbalance that requires a more exotic stimulation of the brain (note, this is not to say that anal sex or fellatio are 'deviant').  nevertheless, once routine amputation of the foreskin became prevalent, the medical establishment sought to associate it with legitimate medical benefits.  **----hygiene----**  general ease of hygiene was an early stated benefit of circumcision. however, the intact penis requires no special treatment. because the nascent foreskin of children is fused to the glans (even up to late adolescence), children require only external cleaning. in the adult, the foreskin retracts so easily, that rinsing during a shower is not even a conscious effort.  simply put, hygiene is no reason for circumcision; the majority of the earth's men would find this claim laughable.  **----phimosis/paraphimosis----**  this now pretty much understood to be a result of forced retraction of a child's nascent foreskin; [that is to say, the majority of these cases were caused by poor medical advice or meddling parents](http://www.doctorsopposingcircumcision.org/info/info-forcedretraction.html)  also, many cases of phimosis in children are likely wrongly diagnosed, as indicated in the [british journal of medicine](http://www.cirp.org/library/anatomy/cold-taylor/) (search for 'phimosis').  **----infections----**  (for citations, see http://www.cirp.org/library/disease/uti)  another often listed benefit of circumcision is the prevention of urinary tract infections (utis); like most pro-circumcision talking points, this notion mainly came as the result of dubious studies. however, infants are at a higher risk for uti in the weeks following circumcision, as confirmed by studies in israel. besides the fact that utis are generally easy to cure and infrequent, the incidence of infection are roughly the same between an intact boy and a circumcised boy.  moreover, the intact adult is less likely to suffer from a uti than a circumcised adult male, likely because the meatus of the circumcised penis is constantly and directly exposed to the environment.  some doctors recommend circumcision in cases of recurrent uti. however, there is no medical evidence to support this recommendation. recurrent utis are associated with congenital abnormalities of the upper urinary tract. indeed, the national kidney and urologic diseases clearinghouse (nkudic), a service of the national institutes of health does not suggest circumcision as a prevention or cure of urinary tract infection.  it is also interesting to consider girls. a recent scandinavian study found that girls and boys have about the same incidence of uti in the first year of life. girls have a four times higher incidence of uti in the first six years of life than non-circumcised boys. no special concern is manifested regarding this much higher rate of infection in girls...  why don't we alter the genitalia of girls?  worse, circumcised infants are at an increased risk for mrsa infections, and recent israeli studies confirm that infants are at an increased risk of utis in the weeks after ritual circumcision. (http://www.doctorsopposingcircumcision.org/doc/mrsa.html)  therefore, circumcision is not a suitable reason to provide for reducing the risk of utis or other infections.  **----stds/hiv----**  very recently, hiv/aids has replaced utis as the scare-tactic for promoting amputation of the foreskin. however, safe sexual practices are not only essential, but they are the only reliable and effective means for controlling and avoiding sexually transmitted diseases; even though the un's recent (u.s.-led) studies suggest that circumcision reduces the incidence of hiv infection, the un still acknowledges that only sex education and sexually responsible behavior (such as using condoms) are effective solutions.  in fact, [one meta-study of those un studies](http://www3.interscience.wiley.com/journal/120747249/abstract?cretry=1&amp;sretry=0) suggests that 72 circumcisions are necessary in order to prevent one case of hiv infection. in conclusion, the researches make a half-hearted endorsement of the procedure:  ""male circumcision is an effective strategy for reducing new male hiv infections. its impact on a population level will require consistently safe sexual practices to maintain the protective benefit.""  consider that last sentence again: ""consistently safe sexual practices"" are necessary to be protected from hiv.  more to the point, the circumcised men in the un studies are muslim. no doubt does this cultural affiliation have an effect on their sexual behavior and would explain why these circumcised men are at a reduced risk of hiv.  also, [consider research](http://www.bio-medicine.org/medicine-news-1/role-of-circumcision-in-reducing-hiv-risk-still-unclear-27082-1/) that shows circumcision does not decrease the risk of contracting hiv for gay men. then [consider a study](http://gateway.nlm.nih.gov/meetingabstracts/ma?f=102180172.html) that shows many gay men engage in unsafe sexual practices.  therefore, it is obvious that the un studies are hindered by confounding variables and that the real solution to the spread of hiv (and other stds) is not circumcision, but sexually responsible behavior.  furthermore, the u.s. has the highest rate of circumcision among industrialized nations (not considering, say, israel), and yet the u.s. hiv incidence rate is 3.5 times higher than that of the closest advanced industrialized nation.  **----penile cancer----**  another claim is that circumcision protects boys from penile cancer. however, penile cancer occurs in *old men* and at an extremely small incidence. the national cancer institute of the u.s. expected a 2008 incidence of 1250 cases. for the u.s., that's rougly:      1250 / 305186613 * 100% = 0.00041%  according to [wikipedia (and the sources it lists)](http://en.wikipedia.org/wiki/penile_cancer):  ""penile cancer is very rare in europe and north america, occurring in about one in 100,000 men in the latter. it accounts for 0.2% of cancers and 0.1% of deaths from cancer amongst males in the united states.""  moreover, it is generally thought that carcinoma of the penis is caused by viruses like hpv and other diseases that result from sexually irresponsible behavior and extremely poor hygiene.  **----cervical cancer----**  some studies have linked the presence of the foreskin to an increased risk of cervical cancer for women.  however, this is a problem of causation and correlation. the studies compared statistics of cervical cancer between jewish and gentile populations. while the rates were still relatively low for both, jewish women seemed to be at an advantage.  it was claimed that smegma around an unclean foreskin was to blame, however, this is now known to be false even though it is still disseminated. in particular, women produce smegma too.  today, it is now well understood that cervical cancer is caused mostly by hpv, an std that can be easily avoided with sexually responsible behavior.  is it not possible that, for cultural reasons, the jewish population is more sexually responsible than average? or is it not possible that hpv hadn't yet penetrated to the jewish population as much?  in any case, it is clear that the presence of a foreskin has nothing to do with women's cervical cancer and everything to do with poor sexual responsibility and viruses.  **----conclusion----**  in short, circumcision is derived from the true but misguided insight that removing a body part prevents problems with that body part. yet, these problems are not inherent in the foreskin; in fact, the foreskin is valuable itself.  the american academy of pediatrics (aap) has more or less condemned 'routine' (neonatal) circumcision since 1971; in 1999 the aap strengthened this stance. also, the ama recognizes that medically unnecessary circumcision has no therapeutic benefit. the rest of the world agrees. in fact, none of the following medical societies/associations endorses medically unnecessary circumcision, and they recognize that there is no appreciable prophylactic or therapeutic benefits:  * american academy of pediatrics * american medical association * american cancer society * centers for disease control and prevention * national institutes of health * pediatric urologists association * american college of obstetricians and gynecologists * canadian pediatric society * canadian medical association * australian medical societies * european medical societies (any)  more importantly, circumcision is a slight against human rights, dignity, respect, and personal liberty.  just leave your son the way he was born: healthy and whole. be open with him about how his healthy penis is supposed to function and teach him to be sexually safe and clean. set it and forget it.... it's just that easy.",1
704274,i don't need to walk toward the toilet. i open the door and the toilet is right next to the wall on the side of the door. i take a step and squat. it's so easy a blind person could do it. i don't need to be lined up with the chair to be able to sit and balance my weight on it.,1
182838,"1 and jesus said, ""verily i say unto you, the blind shall see and the deaf shall hear.""  2 and he took the mud into his palms and did fill the eyes of the blind man. 3 and when he wiped the mud away, the lord had restored his sight. 4 and jesus said, ""he who hath ears to hear, let him hear, and he who has eyes to see, let him see what the lord hath done. 5 in addition, let he who resides within the land of gallilee pay unto me five parts of every hundred parts he shall earn in the year, for thou musteth cover mine outrageous medical bills for any services i hath performed unto any of the citizens or non-citizens of gallilee. 6 for every service i perform is authorized and confirmed, and every charge i make is government-approved to be what the service cost 7 and every dianostic image or test shall be billed at the astronomical rate currently charged for such service 8 for mine system shall be instilled into the hearts of all tax-paying citizens of gallilee without any check on hospital or healer fees. 9 also, i am a non-profit organization.  verily.",1
336376,"i have a friend who is blind (and gay) and he is perfectly happy with his life. and he has a boyfriend too. he does a lot better in every area of life than i ever will.   also, i'd love to qualify for ssi and never have to work.  and that other post has nothing to do with this one.",1
389059,"as someone who is coming in completely outside of soccer culture in general, i find ultra culture to be one of the dumbest things in sports. i get the idea of active support and the atmosphere it brings, that is an excellent way to show your passion for your team and the sport. but flares, violence, theft etc? that is stupid, and you ultras should feel stupid. stop it. ultras are lame ass feeble minded thugs and that is it. it isn't cool, it isn't bad ass, it is stupid.  as for impact, everyone always talks about how we want the league to grow, and how it is the kids in the stands who will really affect the future of the a league. if shit like ultras keeps up, there won't be many kids in the stands. i had a post last season i think where i voiced my concern about taking my two boys to a match because i was worried abiut being able to enjoy tye game without having my kids seeing punch ups, hammers and shit being thrown at people, guys stealing stuff from us, etc. i can't imagine i am the only parent who hesitates to bring their kids to a match when every week we hear about violence and dangerous situations.  edit; typo",0
926146,"a  able-bodied, there is an implied value judgement comparing a person with a disability verses one without[8]  abnormal[9]  addict[10]  afflicted[8]  attention-seeking, commonly used to label someone who is suffering emotionally[11] autism or autistic, when used as an insult[12]  b  batty[13]  birth defect[8]  blind, especially when used metaphorically (e.g., ""blind to criticism"") or preceded by ""the"".[4][14][15] (although ""the blind"" is considered acceptable by many blind people, and organizations such as the national federation of the blind).[16]  bonkers[13]  brain damaged[17]  c  challenged[18]  crazy[4][14][19][20]  cretin[21]  cripple used to mean ""a person with a physical or mobility impairment."" its shortened form, ""crip"" has been reclaimed by some people with disabilities as a positive identity.[4][5][15][22]  confined to a wheelchair[5] implies helplessness, and that someone is to be pitied.  d  daft, consider nonsensical or feckless[13][21]  ""deaf and dumb"" or ""deaf-mute""[4][14][15][20] or ""deaf to""[13]  defect, defective[8]  deformed[4]  delusional[23]  demented, use a person with dementia[8]  deranged or mentally deranged[4]  derp is considered by some sites to refer to those with intellectual disabilities.[21]  differently abled[21][5]  dim or dim-witted[23]  dalys/dflys/qalys: disability or quality adjusted (or free) life years - suggests that a nondisabled person's life years are worth more than a disabled person's[24]  ""the disabled"" or ""disabled people"" may be offensive to some,[1][15][20] who may prefer ""person with a disability"" or ""people with health conditions or impairments"" instead.[5] however, many people prefer “disabled person” or “disabled people”, in part due to the social model of disability[25][26][27]  disorder[28]  dotard[29]  dumb, especially when preceded by ""the"".[15][20]  dwarf[8]  e  epileptic, especially when referring to an individual[30]  exceptional[31]  f  feeble-minded[4][14]  fit to refer to an epileptic seizure.[4]  flid to refer to someone with phocomelia from birthmother's use of thalidomide[32]  freak[23][33]  g  gimp or gimpy to describe a limp.[19][20]  h  handicapped, especially when preceded by ""the"" or ""physically"".[5][14][15]  handicapable[18]  hare lip[4]  hearing-impaired[34]  homebound[35]  hyper[18]  hyper-sensitive[36]  hysterical, typically used in reference to women.[37]  i  imbecile was the diagnostic term for people with iq scores between 30 and 50 in the early 1900s.[38] it is no longer used professionally.[4] before to the iq test was developed in 1905, ""imbecile"" was also commonly used as a casual insult towards anyone perceived as incompetent at doing something.[38] incapacitated[4] idiot was the diagnostic term used for people with iq scores under 30 when the iq test was first developed in the early 1900s.[38][39] it is also no longer used professionally. before the iq test was developed in 1905, ""idiot"" was also commonly used as a casual insult towards anyone perceived as incompetent at doing something.[38] inmate (when referring to a psychiatric admission)[10] insane[23] inspirational[40] or inspiring, when used about somebody doing a very ordinary activity (inspirational porn). based on pity. invalid[4][14] j junkie[10] l lame. a reference to difficulty walking or moving. the term has since been adopted into urban slang to generally refer to something or someone as ""meaningless"" or ""without worth"", e.g. ""he told us a lame excuse for why he had not done the work.""[4][19][20] losing one's mind[23] lpc - likely to become a public charge[41] lunatic or looney[4] m mad, madman[4][23][10] maniac[4] mental or mentally deficient, mental case, defective, disabled, deranged, or ill[4][14][20][13] midget[14] mong, mongol, mongoloid, or mongolism for down syndrome.[4][14][42][18] moron, moronic[4][13] mute[18] mutant, referring to someone with an uncommon genetic mutation[43] n narc, narcissist[11] this does not mean the same as abuser[44] nut, nuts, or nutter, nut house, etc.[21][23] p patient[4] paraplegic[8] psycho(tic)[14] psychopath, which is an old term that used to mean a person with a mental illness[45] r retard/retarded[4][5][19][20] although before circa the 1990s this was considered acceptable by most non-disabled people and organizations.[46] also known as the r-word.[47] s scatterbrained[48] schizo especially as an adjective, meaning ""erratic"" or ""unpredictable"" or, for the former two, to refer to an individual.[49][50][51][52] schizophrenic, when referring to an individual[8] senile[8] slow[53] sluggish[48] sociopath[45] spastic/spaz/spakka[4][15][20] — especially in the uk and ireland. previously referred to muscle spasticity or a person with cerebral palsy, which may involve muscle spasms. also used to insult someone uncoordinated or making jerking movements. special[18] special needs[54] stone deaf[55] stricken[9] subnormal[18] supercrip[56] sufferer[5] t tard, short for ""retard""; see retard above.[57] thick[58] tone deaf[55] u unclean[59] unfortunate[36] v victim of an ailment,[4][14][20] vegetable[60] w wacko[9] wheelchair bound or confined, use ""person who uses a wheelchair""[4][5][14][15][20] window licker[61][62] y ""yuppie flu"" used as a pejorative term for chronic fatigue syndrome. this originated from the media stereotype of people with cfs as ambitious, young, and affluent, and not have a genuine illness, neither of which is an accurate portrayal.[63]",1
328373,autism is legally considered a disability.,1
502774,"yes.  this is anecdotal but it appears to be becoming more of an issue in central hamilton.  people with mental health, drug, disability issues are going to be the biggest challenge for hamilton in the future.  i know hamilton has slowly been gentrifying, which means that these people will be seriously effected, but there needs to be a discussion on what can be done to help and make these people as self-sufficient as possible (within reason).",1
443390,"yeah 5 years in prison is fucking stupid unless they have killed or seriously injured someone and then it should probably be more than 5 years. the specific situation should always be evaluated for every case anyways. they are all different. there is a huge difference  between someone with a .09 bac and someone with a .18, both in terms of how drunk they are and their mentality. at .18 you almost certainly realize you are heavily impaired and shouldn't be driving and if you continue to do so anyways it says a lot about your character.   on the other hand there are also people who would be drunk as fuck with only a .08 and other people who barely feel it at that level. it's just an arbitrary number someone came up with and doesn't really mean anything on its own.",1
901226,"how about these people:  [uk welfare reform deaths ~ updated list ~ october 21st 2014](http://blacktrianglecampaign.org/2014/10/21/uk-welfare-reform-deaths-updated-list-october-21st-2014/)  &gt;terry mcgarvey, 48. dangerously ill from polycytheamia, terry asked for an ambulance to be called during his work capability assessment. he knew that he wasn’t well enough to attend his wca but feared that his benefits would be stopped if he did not. he died the following day.  &gt;elaine lowe, 53. suffering from copd and fearful of losing her benefits. in desperation, elaine chose to commit suicide.  &gt;mark wood, 44. found fit for work by atos, against his doctors advice and assertions that he had complex mental health problems. starved to death after benefits stopped, weighing only 5st 8lb when he died.  &gt;paul reekie, 48, the leith based poet and author. suffered from severe depression. committed suicide after dwp stopped his benefits due to an atos ‘fit for work’ decision.  &gt;leanne chambers, 30. suffered depression for many years which took a turn for the worst when she was called in for a wca. leanne committed suicide soon after.  &gt;karen sherlock, 44. multiple health issues. found fit for work by atos and denied benefits. fought a long battle to get placed into the support group of esa. karen died the following month of a heart attack.  &gt;carl payne, 42.   fears of losing his lifeline benefits due to welfare reform led this father of two to take his own life.  &gt;tim salter, 53. blind and suffering from agoraphobia. tim hanged himself after atos found him fit for work and stopped his benefits.  &gt;edward jacques, 47 years old and suffering from hiv and hepatitis c. edward had a history of severe depression and self-harm. he took a fatal overdose after atos found him fit for work and stopped his benefits.  &gt;linda wootton, 49 years old. a double heart and lung transplant patient. died just nine days after the government found her fit for work, their refusal letter arriving as she lay desperately ill in her hospital bed.  &gt;steven cawthra, 55. his benefits stopped by the dwp and with rising debts, he saw suicide as the only way out of a desperate situation.  &gt;elenore tatton, 39 years old. died just weeks after the government found her fit for work.  &gt;john walker, 57, saddled with debt because of the bedroom tax, john took his own life.  &gt;brian mcardle, 57 years old. suffered a fatal heart attack the day after his disability benefits were stopped.  &gt;stephen hill, 53. died of a heart attack one month after being found fit for work, even though he was waiting for major heart surgery.  &gt;jacqueline harris, 53. a former nurse who could hardly walk was found fit for work by atos and her benefits withdrawn. in desperation, she took her own life.  &gt;david barr, 28. suffering from severe mental difficulties. threw himself from a bridge after being found fit for work by atos and failing his appeal.  &gt;david groves, 56. died of a heart attack the night before taking his work capability assessment. his widow claimed that it was the stress that killed him.  &gt;nicholas peter barker, 51. shot himself after being told his benefits were being stopped. he was unable to work after a brain haemorrhage left him paralysed down one side.  &gt;mark and helen mullins, 48 and 59 years old. forced to live on £57.50 a week and make 12 mile trips each week to get free vegetables to make soup. mark and helen both committed suicide.  &gt;richard sanderson, 44. unable to find a job and with his housing benefit cut forcing him to move, but with nowhere to go. richard committed suicide.  &gt;martin rust, 36 years old. a schizophrenic man who killed himself two months after the government found him fit to work.  &gt;craig monk, 43. a vulnerable gentleman and a partial amputee who slipped so far into poverty that he hanged himself.  &gt;colin traynor, 29, and suffering from epilepsy was stripped of his benefits. he appealed. five weeks after his death his family found he had won his appeal.  &gt;elaine christian, 57 years old. worried about her work capability assessment, she was subsequently found at holderness drain, drowned and with ten self inflicted wrist wounds.  &gt;christelle and kayjah pardoe, 32 years and 5 month old. pregnant, her benefits stopped, christelle, clutching her baby son jumped from a third floor balcony.  &gt;mark scott, 46. his dla and housing benefit stopped and sinking into deep depression, mark died six weeks later.  &gt;cecilia burns, 51. found fit for work while undergoing treatment for breast cancer. she died just a few weeks after she won her appeal against the atos decision.  &gt;chris cann, 57 years old. found dead in his home just months after being told he had to undergo a medical assessment to prove he could not work.  &gt;peter hodgson, 49. called to jcp to see if he was suitable for volunteer work. peter had suffered a stroke, a brain haemorrhage and had a fused leg. his appointment letter arrived a few days after he took his own life.  &gt;paul willcoxsin, 33 years old. suffered with mental health problems and worried about government cuts. paul committed suicide by hanging himself.  &gt;stephanie bottrill, 53. after paying £80 a month for bedroom tax, stephanie could not afford heating in the winter, and lived on tinned custard. in desperation, she chose to walk in front of a lorry.  &gt;larry newman suffered from a degenerative lung condition, his weight dropping from 10 to 7 stone. atos awarded him zero points, he died just three months after submitting his appeal.  &gt;paul turner, 52 years old. after suffering a heart attack, he was ordered to find a job in february. in april paul died from ischaemic heart disease.  &gt;christopher charles harkness, 39. after finding out that the funding for his care home was being withdrawn, this man who suffered with mental health issues, took his own life.  &gt;sandra louise moon, 57. suffering from a degenerative back condition, depression and increasingly worried about losing her incapacity benefit. sandra committed suicide by taking an overdose.  &gt;lee robinson, 39 years old. took his own life after his housing benefit and council tax were taken away from him.  &gt;david coupe, 57. a cancer sufferer found fit for work by atos in 2012. david lost his sight, then his hearing, then his mobility, and then his life.  &gt;michael mcnicholas, 34. severely depressed and a recovering alcoholic. michael committed suicide after being called in for a work capability assessment by atos.  &gt;victor cuff, 59 and suffering from severe depression. victor hanged himself after the dwp stopped his benefits.  &gt;charles barden, 74. charles committed suicide by hanging due to fears that the bedroom tax would leave him destitute and unable to cope.  &gt;ian caress, 43. suffered multiple health issues and deteriorating eyesight. ian was found fit for work by atos, he died ten months later having lost so much weight that his family said that he resembled a concentration camp victim.  &gt;iain hodge, 30. suffered from the life threatening illness, hughes syndrome. found fit for work by atos and benefits stopped, iain took his own life.  &gt;wayne grew, 37. severely depressed due to government cuts and the fear of losing his job, wayne committed suicide by hanging.  &gt;kevin bennett, 40. kevin a sufferer of schizophrenia and mental illness became so depressed after his jsa was stopped that he became a virtual recluse. kevin was found dead in his flat several months later.  &gt;david elwyn hughs harries, 48. a disabled man who could no longer cope after his parents died, could find no help from the government via benefits. david took an overdose as a way out of his solitude.  &gt;denis jones, 58. a disabled man crushed by the pressures of government cuts, in particular the bedroom tax, and unable to survive by himself. denis was found dead in his flat.  &gt;shaun pilkington, 58. unable to cope any more, shaun shot himself dead after receiving a letter from the dwp informing him that his esa was being stopped.  &gt;paul ?, 51. died in a freezing cold flat after his esa was stopped. paul appealed the decision and won on the day that he lost his battle to live.  &gt;chris maguire, 61. deeply depressed and incapable of work, chris was summonsed by atos for a work capability assessment and deemed fit for work. on appeal, a judge overturned the atos decision and ordered them to leave him alone for at least a year, which they did not do. in desperation, chris took his own life, unable to cope anymore.  &gt;peter duut, a dutch national with terminal cancer living in the uk for many years found that he was not entitled to benefits unless he was active in the labour market. peter died leaving his wife destitute, and unable to pay for his funeral.  &gt;george scollen, age unknown. took his own life after the government closed the remploy factory he had worked in for 40 years.  &gt;julian little, 47. wheelchair bound and suffering from kidney failure, julian faced the harsh restrictions of the bedroom tax and the loss of his essential dialysis room. he died shortly after being ordered to downgrade.  &gt;miss de, early 50’s. suffering from mental illness, this lady committed suicide less than a month after an atos assessor gave her zero points and declared her fit for work.  &gt;robert barlow, 47. suffering from a brain tumour, a heart defect and awaiting a transplant, robert was deemed fit for work by atos and his benefits were withdrawn. he died penniless less than two years later.  &gt;carl joseph foster-brown, 58. as a direct consequence of the wholly unjustifiable actions of the job centre and dwp, this man took his own life.  &gt;martin hadfield, 20 years old. disillusioned with the lack of jobs available in this country but too proud to claim benefits. utterly demoralised, martin took his own life by hanging himself.",1
707869,this would be ideal for any deaf customer.,1
903005,"michelle obama outraged conservatives when she implied that **parking in handicap spaces while handicap people make handicap faces** maybe wasn't such a bad thing.  members of new york&amp;apos;s social elite are paying thousands of dollars just to experience **parking in handicap spaces while handicap people make handicap faces**.  after months of debate, the occupy wall street general assembly could only agree on ""more **parking in handicap spaces while handicap people make handicap faces**!""  having the worst day ever. #**parking in handicap spaces while handicap people make handicap faces.**  only two things in life are certain: death and **parking in handicap spaces while handicap people make handicap faces**.  james is a lonely boy. but when he discovers a secret door in his attic, he meets a magical new friend: **parking in handicap spaces while handicap people make handicap faces**.  in the new dlc for mass effect, shepard must save the galaxy from **parking in handicap spaces while handicap people make handicap faces**.  i am become **parking in handicap spaces while handicap people make handicap faces**, the destroyer of worlds.  audiences at sundance were traumatized by lars von trier&amp;apos;s controversial new film, ""**parking in handicap spaces while handicap people make handicap faces**"" .  listen gary, i like you. but if you want that corner office, you're going to have to show me **parking in handicap spaces while handicap people make handicap faces**.",1
854526,"after living in calif in a 'mexican' neighborhood i can guarantee that they target mexican kids in far more evil ways as well.    first, many mexican kids who have minor behavior problems are diagnosed as having some sort of mental problem and doped up on a bunch of drugs and medicines they don't need.  why?  because ""special needs"" kids get twice the funding of regular kids and are exempted from any standards.  most mexican parents who don't know any better go off thinking the school system is doing them a huge favor.  second, many of the mexican kids will come home with straight a's on their tests and homework no matter how bad or incorrect the answers are - the teachers and administrators just pass them thru the system for the funding, but then blow them off knowing darn well that their parents will never know the difference.    there is one exception, at standardized test time (where funding is involved) - the schools literally terrorize the kids.  it was so bad, i saw kids coming home crying in fear over those tests.  how dare they call those things schools.  if you ask me they can't shut those fucking things down fast enough.  they should close them down for all kids, not just the mexican ones.",1
479753,"hey! we're buddies: http://i.imgur.com/em5pl.jpg  i'm in the same situation, the amniotic bands is what got me...or so they said at least; ""congenital amputee"" is what has been written on my medical charts.",1
786616,"this always drives me batty, even though it is beautiful. how do you find anything?? i can barely find things in my bookshelves and i have at least a rudimentary subject categorization, but fiction is a whole bookshelf and i look over what i am looking for twenty times before i realize it didn't have a *blue* cover like i thought, but a red one... i guess i am a selectively color-blind woman.",1
261580,"i'm concerned about talking to his parents because when he was a teenager, they forced him to spend a week at a mental hospital. the staff determined that he was normal, and he resented his parents for a long time for it. that incident may have had a big part in worsening whatever mental issues are going on. i'm worried that telling his parents will mean they force him into a hospital and he'll lose his job, be kicked out of college, and end up hating me and his parents even more. i want him to be healthy, not just be angrier.",1
334403,"pretty big talk for a so win in the preliminary round.  why don't you come back and talk shit when the swedes actually win this tournament.  it's been what, 29 years?  even a blind squirrel finds a nut from time to time.",1
353209,"i'm a cashier so people tell me shit that is none of my business regularly. a couple of stories.   when i was fresh out of high school and working at your local big box store of blue and older guy came in, dressed as a cowboy, and playing sad country music through his phone. he wandered around and then came through my line. when i asked him how he was doing that day he replied with ""well i'm impotent so..."" i just told him to have a nice day.   a few weeks ago, different job but still retail, i asked a guy if he was ready for the holidays and he happily replied that his wife had kicked him out and his children wanted nothing to do with him so he was going to spend the holiday getting getting drunk and giving his grandkids money. i stopped asking people about their holiday plans after that.   multiple people have confided in me that they were nervous about their cancer/chemo. those always make me really teary as my younger brother had cancer and my cousin has it now.   i'm sure there's more but i worked all day and my brain is fried",1
359409,"oh, for sure. i’m a speech pathologist and very familiar with characteristics. i took one assessment and it was a solid indicator. i’m not sure there would be any benefit from an official diagnosis, other than the disability status in relation to workplace accommodations. thank you for the suggestions.",1
974066,"the prestige. it isn't just about 2 magicians who constantly try to get back at each other. it's about blind obsession as well. in the case of angier he was blind both with rage and jealousy. first he was obsessed with getting revenge and to getting borden to admit what he did wrong. later in the movie he's blinded and obsessed over borden's incredible trick, so much so that he completely misses the opportunity tesla's machine gave him. angier only needed to use his machine once. once he had a perfect clone of himself he could recreate borden's trick. but he was obsessed with the trick he thought it was in his mind that the option completely escapes him and he resorts to murder, mass murders in fact. his obsession is so potent he walks into that machine every night afraid that he'll be committing suicide each time, but either way being a murderer every time.  borden's own obsession with his trick lead to the downfall of his marriage and his wife's suicide, his brothers girlfriend, and later on his brother himself.  i just love that movie, it plays a trick on the audience in so many ways. everytime i rewatch it i notice something different. it took many viewings to realize the underlying theme of the movie is obsession, not just the endless cycle of revenge. different kinds of obsessions caused all kinds of grief. it's not even like the movie hid that theme much since tesla says it outright basically. but the movie has so much else going on you kind of don't think about it.",1
711939,"yeah, he obviously likes cripple girls instead.",1
988672,"i understand why it's offensive. to the cognitively-deficcient with abilities at least that of a 6 year old, then they're able to understand it as a playground insult. and kids can be very cruel.  here in the uk, when i was a kid, there was a children's tv programme which showed the life of a man, [joey deacon](http://en.wikipedia.org/wiki/joey_deacon), who had severe cerebral palsy. he was, in the language of the time, a ""spastic"". because he had spent his life unable to communicate conventionally he was institutionalised, basically warehoused, thought to be a vegetable, until he met another palsy-sufferer who was able to understand him. with the help of his friends he dictated a book about his life and this was presented by the tv programme as triumph over adversity.  to quote the internet, *""unfortunately, the programme producers had not thought through the consequences of showing lengthy sequences of a drooling, grunting spastic at peak viewing time."" ""did [the bbc] forget how cruel small kids can be?""* at the time, even before this, i think, i was used to being asked ""is your sister a spastic"" and hearing from school acquaintances that their mothers had explained my sister was a ""spastic"". it was not previously a bad word, but it rapidly became one - if you did something stupid you were a ""spasmo"" or a ""joey""; every kid in the class had a joey deacon impression which involved uncontrollable shaking of the arms in a certain manner, facial ticks and so on.  to a disabled adult, today, who was in a wheelchair back then, or who suffered from any kind of muscle-control problems at that time - ""joey"" and ""[spastic](http://en.wikipedia.org/wiki/spastic#evolution_of_the_term_in_the_united_kingdom)"" are absolutely the worst words you can use to them. whilst able-bodied kids used these terms casually with each other, words can't really do justice to how *extremely* offensive and hurtful they were and are to kids who suffered disabilities.  now the thing is that there was a charity at the time called the spastics' society, dedicated to helping those with cerebral palsy and similar disabilities. in 1994 they changed their name to scope - one can imagine a marketing team coming up with such a term because it had no pre-existing connotations or brand associations. overnight, ""scoper"" became a new playground insult.  so i think a few people here have taken offence - or have been shocked - at me describing my sister as a ""retard"". and, you know, that would probably be totally inappropriate and hurtful and i'd probably never do it if she had the cognitive abilities of a 6 year old, had she suffered from teasing or persecution herself. when i was a kid the politically correct term for my sister was ""mentally handicapped""; now the correct term might be ""developmentally impaired"", i don't really know.  but the whole point of telling you the joey deacon story is that it's from misuse and cruelty that these terms become offensive. i spent my childhood explaining that my sister was ""mentally handicapped"" and exactly what that entailed, and feeling ""different"" and uncomfortable about it. why couldn't i just have had a normal family?  so i probably use the term ""retarded"", in real life, if i have occasion to mention my sister or my upbringing, somewhat defensively. i think i first justified using as calling a spade a spade, but i probably also use it to discourage questions and too much prying into a matter i'd rather not discuss too much. i'm sorry if that doesn't come across here on reddit.  for anyone saying that i shouldn't use that term out of sympathy for my sister - you clearly don't understand my sister's disability. there is absolutely no reason for sympathy for my sister, because she is such a happy little vegetable - she loves pop music on tv, the attention of her caregivers and certain foods. she laughs a lot.   perhaps i ought not to use the term, on occasion at least, out of consideration for other retards than my sister, and for their families. i'll consider that now.   i have no doubt that i had an upbringing that was privileged in many ways, and there are plenty of people that had it worse than me, but my childhood was not a particularly happy one. i'll also reiterate that my sister is not one of those who had it worse than me - she's really very happy.  i imagine that those who appear disgusted, offended or shocked by what i wrote before never had to live with ""having a retarded sister"" (as the subtitle of the book expresses it) and all i can say is that the presence of my sister was an aspect of my unhappy childhood, and if this book in any way fulfils its premise and is useful, then i wish i'd had it back then. because i had no idea really how to deal with it back then - it simply *was*, it was just a fact of life and i had to put up with it - and i don't really know that i know now how to deal with it, either. i don't ""hate"" my sister, as one commenter seems to think, but i have no affection for her, either. why should i? it's not possible for us to have any kind of normal sibling relationship, and i can only envy those that do have normal brothers and sisters they can spend time with.",1
946484,"god answers prayers of paralyzed boy; ""no,"" says god",1
921564,autistic  blind  crazy  cretin cripple daft deaf and dumb dumb deformed delusional derp differently abled dim-wit disabled dotard epileptic feebleminded fit freak fucktard gimpy limpy loo handicapped hare-lipped hysterical imbecile incapacitated idiot insane invalid lame lunatic looney mad maniac midget mongoloid moron nutter psychotic retarded schizo stupid spaz tard vegetable wheelchair bound window licker yuppie flu,1
607188,"respectfully, not being able to see and not being able to read are not the same thing, you can still read with braille or some word to speech technology.  to the contrary of what you claim, blind people have lives that are just as fulfilling as those that can see, they’re just fulfilling it in a different matter that sighted people can’t ever experience.  most blind people can certainly be happy having just four senses left. when vision is removed, the vision-impaired tend to focus more on their other senses and find happiness there.  on the other hand, there are many non-blind people who can never be happy. attitude is everything. if you’re dissatisfied with life and you view life as a vale of tears, it doesn’t really matter if your vision is intact or impaired.  personally i feel you’ll really like the medical model, also known as the ""tragedy model,"" looks at disability as tragic, an aversion from the ""norm,"" and something that must be fixed. this view casts people who have disabilities aside, marginalizing them and labeling them as a class beneath those with fully functioning limbs, senses, or other ""less-than-desirable"" traits.  the framing of need is key in the medical model because the aim is to make the disabled person normal, and the reason that they aren’t normal is that there is something wrong with their body. the individual therefore needs society to help them be normal.  the construct of need in the medical model, coupled with the designation of professionals as specialists on disabilities means that many services designed for disabled people are separate from non-disabled services in healthcare, social care, education and most other arenas.  this requires disabled people to be separated from non-disabled peers and services in order to access standard and support services.  under the medical model, people are often perceived not as whole people, but as their impairments or medical conditions first… and all else second.  the perceived need associated with whatever impairment they have is seen as the fundamental aspect of their being that should be engaged with in health services, education services, welfare services, legal services, and often socially too.  the medical model is used widely in the modern world. it underpins most medical and healthcare services globally. it also shapes public policy. even work capability assessments (the assessment for disability and sickness benefits in the uk) is tested by an assessment of the things your body can and cannot do.  interestingly, there’s growing evidence that these assessments bias against particular subsections of disabled people: poor people, women and people with mental health conditions — suggesting that eugenics-model thinking is still at play in medical model practice.  the medical model also exists in the education system, most visibly in the practice of special needs, special educational needs (sen) and special educational needs and disabilities (sen/d).  the construct of special needs fits the medical model in two ways; it suggests that disabled people need help and that said help necessitates specialist support. additionally, the inclusion of disability in the sen/d acronym implies that all disabled people need special educational support, even though many disabled people learn in the same way as their non-disabled peers.  the delivery of sen/ sen/d support in schools is also often separated from mainstream education. while it might be true that a range of students — including disabled students — might need specific support in education, the construct of special needs is derived from medical-model thinking.  it is based on a philosophy of a normative form of education (usually called mainstream) and specialist support for people who need to learn in different ways. it seems to be failing many of the students it classifies as sen/d who are more likely to be excluded, to be unemployed, to end up in prison, or to live in poverty.  in fact, we see similar patterns of eugenicist thinking in education as in social care.  in 2009/10, 84.2% of pupils who were permanently excluded had either special educational needs, were eligible for free school meals or were black caribbean (or a combination therein) in the uk.  this leads us onto the ways that the medical model exists in attitudes as well as practice.  societies and individuals recreate the construct of non-disabled as normal in latent and blatant ways regularly.  language is one way that cultural ideas are practiced in unintentional ways.  a key word from the medical model lexicon was “handicapped”. there are various accounts of the etymology of the phrase, but simply it means that someone has a physical limitation.  other medical model language includes phrases like “the handicapped” or “the blind” to refer to disabled or blind people as whole subsections of society, homogenous and other.  in response to this, many disabled people started to advocate for people first language where they would be seen as a person, where before they were seen as their impairment.  in that way they might be a person with a disability or a person with a visual impairment.  the phrase “able-bodied” is, although commonly used today, also derived from the medical model. in identifying people who aren’t disabled as able-bodied, we understand the opposite of disabled to be abled.  this both infers that disabled people aren’t able and also that disability is located in a person’s body, that disability is physical and that disability is visible.  this thinking is so commonplace that we often assume all disabled people are in wheelchairs or use mobility aids, and that disabled people are most often born disabled. in fact, only 8% of disabled people use a wheelchair and only 17% are born disabled.  there are a number of models which branch off from the medical model, notable offshoots worth looking at are the tragedy or charity models.  these models view disability as tragic and something to be pitied. the charity model encourages non-disabled people to work to support and save disabled people from their personal tragedy of disability.  often disability charities generate funds from supporters by using advertising that represents disabled people as worthy of pity and help in order to find cures or meet the needs of their disability.  however, in the 1970s and 80s, disabled people started responding to what they perceived was disempowering and infantilising attitudes towards them born of the medical model, and they started to develop and advocate for a new way of thinking: the social model.  this shifted the way we conceptualise disability from in the body to thinking of it as constructed by society.",1
520958,"your point being? nothing suggest that man, with his tiny brain, uses less than 100% of it. if he used 10% of his tiny brain he would, again, be a paralyzed vegetable. if anything, such an article proves beyond reasonable doubt that brains must surely be used to their maximum capacity.",1
191194,"&gt; how many medical devices has the canadian government produced?  well...since you asked:  1961 discovery of blood-forming stem cells enabling bone marrow transplants.  1963 the first widely successful surgery to correct the birth defect known as “blue babies” is performed.  1965 first artificial knee joint in the world created.  1969 discovery of a carcino-embryonic antigen, a tumour marker for cancer.  1970 discovery that hereditary metabolic diseases could be treated with vitamins.  1971 developed the world’s first paediatric electric prosthetic arm.   1975 development of software used worldwide for 20 years to control radiation therapy.  1976 identification of p-glycoprotein as a major cause of cancer drug resistance.  1978 developed the internationally-recognized aerochamber  1979 invention of a radically different ventilator  1979 development of “continuous passive motion” (cpm)  1980 real time ultrasounds and detailing biological factors affecting human fetal behavioral activity and breathing movements.  1981 world-first heart operation to correct a life-threatening heart condition known as right ventricular dysphasia.  1983 successful single lung transplant.  1983 the department of nuclear medicine becomes first to use a special imaging agent to diagnose parkinson’s disease.   1984 discovery and cloning of the t-cell receptor genes  1986 discovery of the sh2 domain,  1986 developed first predictive testing for late onset genetic diseases   1987 first aortic valve replacement in the world  1987 world’s first pacemaker cardioverter defibrillator is implanted.  1988 researchers solve the structure of rennin, a key enzyme in the kidney  1988 world’s first successful liver/small bowel transplant is performed.  1989 researchers develop sputum induction techniques and sputum cell analysis.  1989 development of the first oral treatment for hepatitis b,  1989 discovery of the gene which, when defective, causes cystic fibrosis  1990 first measure of neurotransmitter concentration in schizophrenics by magnetic resonance spectroscopy (mrs).  1991 publication of the first paper demonstrating that treatment of obstructive sleep apnea by nasal continuous positive airway pressure (cpap) in patients with congestive heart failure improves cardiac function and symptoms of heart failure.  1992 discovery of the first gene responsible for fanconi   1993 researchers demonstrate that mouse embryonic stem cells are capable of supporting the entire embryonic development and in fact creating completely cell cultured derived mice.  1993 discovery of a novel gene associated with lou-gehrig’s disease.  1994 world’s first three-dimensional (3-d) ultrasound-guided cryosurgery.  1994 solved the 30-year old puzzle of why so many people suffer an allergic reaction when they receive a blood transfusion.  1995 first physical map of the human genome created.   1995 discovery of the gene associated with localized muscular dystrophy.   1996 identification of a human blood cell that regenerates the entire blood system.  1996 identification of a gene that causes colon cancer.  1998 developed the first trophoblast stem cells   1998 discovery of the first gene that causes lafora disease  1999 first islet transplant under the edmonton protocol for type i diabetes.  1999 world’s first closed chest robotic-assisted beating heart coronary artery bypass graft conducted.  1999 identification of abca-1 gene  2000 discovery of the mechanism of formation of amyloid, the basis of alzheimer’s and other diseases, and the subsequent development of drugs to treat this.   2001 discovery of a clinical rule that may reduce use of unnecessary x-rays for low-risk neck injuries  2001 development of the first animal model for hepatitis c in mice,   2001  identified a relevant cellular factor that can mediate tissue factor activity.  2001 identified the emerging role that albuminuria as an important risk factor for both kidney and heart disease.  2002 introduction of revolutionary medication doses for depression and schizophrenia through positron emission tomography (pet) technology.   2002 creation of a simple system to generate t-cells in a petri dish.  2002 discovery that a type of self-destructing “suicide cell” activity, previously believed to only be detrimental, is in fact necessary for the proper formation of muscle tissue.  2002 pioneered the use of botulinum toxin a to reduce upper limb spasticity in children with cerebral palsy.  2003 discovery of a molecular marker to diagnose hepatocellular carcinoma (hcc),   2003 researchers discover a way to make the immune system specifically recognize infectious prions, proteins that cause brain-wasting diseases like mad cow disease and creutzfeldt–jakob disease, its human equivalent.  2003 major international clinical trial provides first alternative treatment to taxol for preventing breast cancer recurrence in survivors five years post diagnosis.  2003 compilation of the complete dna sequence of chromosome 7.   2003 study makes it easier to identify patients with deep vein thrombosis  2003 performed the world’s first deep brain stimulation for depression  2003 identification of a cancer stem cell responsible for brain tumors.   2003 linkage of maternal folic acid intake to a decrease in neuroblastoma, a deadly childhood cancer.  2003 performed the world’s first hospital-to-hospital telerobotic assisted surgery on a patient more than 400 kilometres away.  2003 developed a genetically modified vaccine that can completely prevent the recurrence of metastatic breast cancer  2003 developed first draft dna sequence for coronavirus implicated as cause of sars   2003 found that the vast majority of heart attacks can be predicted by nine easily measurable factors that are the same in virtually every region and ethnic group worldwide.  2004 performed the world’s first simulated underwater surgery during the nasa extreme environment mission operation   2004 development of stembase  2004 discovery of the apelin receptor and design of an analogue that can interfere with and block the actions of apelin  2004 discovery of over 70 novel human receptor genes  2004 provided evidence to suggest that artery grafts from the forearm should be used in place of vein grafts from the leg in heart bypass surgery  2004 a research team finds magnetic resonance imaging detects more breast cancer tumors, earlier, compared with mammography  2004 world’s first use of beads of palladium, a low-dose radioactive material, to treat women with breast cancer  2004 demonstration of an association between pediatric multiple sclerosis (ms) and the epstein-barr virus  2004 developed a virtual instrument that allows children with physical disabilities to make music  2005 developed the world’s first upper respiratory viral panel test that can accurately identify all respiratory viruses  2005 researchers begin treating prostate cancer using a 3-d image-guided radiation therapy device  2005 key discovery in type-1 diabetes proves the repair process is present within the pancreas during disease development.  2005 study determines that a specific enzyme, known as pro-protein convertase 4 (pc4) may be responsible for fetal growth restriction  2005 scientists show that early surgical removal of the spleen combined with antiangiogenic therapy, which arrests the growth of tumour-feeding blood vessels, may stop the progression of leukemia.   2005 researchers accurately predict which study participants will develop alzheimer’s disease within five and 10 years.  2005 identified novel mutations in the gene that causes rett syndrome.   2005 initiation of first human clinical gene therapy trials for lipoprotein lipase deficiency.   2006 discovery of the precise molecular chain of events that initiates the wide-scale immune destruction of “super bug” infections such as flesh-eating disease, toxic shock syndrome and severe food poisoning.   2006 implantation of an antibody-coated stent into the first human patient.   2006 world’s first clinical trial to combine gene and cell therapy to treat a cardiovascular disorder.  2006 first demonstration that children with cystic fibrosis have choline deficiency.   2006 first demonstration that dietary omega-3 fatty acid deficiency impairs neurogenesis in vivo  2006 first curative therapy for huntington disease in a mouse model   http://www.canadianmedicinenews.com/2007/11/canadas-greatest-medical-research.html  that's 21 medical research innovations in the 84 years before universal health care in canada, and 84 innovations in the 52 years that we *have* had universal healthcare.",1
113419,"i live in north van and i'm still waiting to see someone do this live! i thought it was only homeless guys collecting bottles from the nicer homes blue boxes then flying down the hill in their carts.  i once saw i guy flying down the hill in a wheelchair in new west, i don't think that he was crippled, just high on meth.",1
343028,"this is lovely, but where am i going to get $100,000?  i'm a full time student, by the way. :p  by the time i get into working full time i'll probably be 24 (unless i spring for the law degree). let's assume i have only moderate student debt (i'm frugal). at 26-30ish i need to reproduce if i'm going to. now phia jr. going to need investments in its education... so what i can save is halved.  but let's assume i can raise the investment capital by the time i'm forty. fifty years from then i'll be ninety, 11 million richer and probably dead, senile or blind. (if 11 million even buys anything at that point.)  but phia jr. is going to inherit plenty of cash to squander. ^_^",1
290344,"$100.   i'm sorry, but i'm poor and disabled. in the us, we know disability barely pays the bills. i'm living in affordable housing. with this kind of money, i can probably get a good down payment on a house. i could pay off my car. i could pay off my loans. i could take care of myself minimally for life. and, i could take care of my family. i know other people need help, but even some donation to charity just goes to the ceo and the actual donations can be pennies on the dollar. better i help myself and my family than having to scout for a charity that actually donates most to the affected communities. but, i do guess charities have to keep the lights over their heads too...",1
177788,"first, i'm sorry for the difficult time you are going through.  rest assured, many of us have been there.  as for advice, when you talk with him about his drinking, realize that bargains and ultimatums won't work.  they may for a short time but the resentments will come back.  i gave my wife many ultimatums and she'd stop for a while.  then when she would start again (and she always would because she stopped for me, not her) it would be worse.    i'd think, ""if she really loved me, she'd stop.""  i never recognized the disease for what it is.  a disease.  it's like saying, ""if you love me, you'll stop having cancer.""  this isn't to excuse it.  the alcoholic doesn't have a choice in the fact that they are an alcoholic.  they have **all** the choice in treating it.  when i finally talked to my wife, and kept the focus on me - *i feel, i worry, i'm scared.* i could tell her what i was experiencing without pointing any fingers, and i think she listened.    in my case, i was extremely lucky, she entered recovery shortly after and has been in recovery ever since.  we both have.  but i have to realize thet her recovery is her own and may or may not last.  we measure recovery in time since the last drink, but it probably ought to be measured in time to the next one.    we have to remember that we can find serenety whether the alcoholic is drinking or not by accepting that we can't control whether they do or not.    i hope that youreach out to your higher power, work the serenety prayer, and find some peace.  keep coming back.",1
340223,"i had little boobs for a while too... but when i got my braces off and a proper haircut i was on my way to having better self esteem... i was also ""nerdy/academic/artsy"" and the guy i liked was a ""jock"" and didn't like me back and dated another sports girl instead...  then in high school i got a better look even though i was always naturally skinny, and from junior year through my first year of college, i dated a guy after giving him my virginity. he ended up being kind of verbally abusive... and when i confessed depression and suicidal thoughts to him, he told me i was weak and needed to grow up... and in my distraught state, i'm not proud, but i cheated on him and dumped him.  i'm not proud of how it played out, but it ended up getting me to a safer place. after dropping out of college, i went through rigorous depression treatment and an epilepsy diagnosis. i'm doing much better now...  and you know what, i'm not afraid to seem vain when i say it, i've grown into a nice figure, and i'm a confident, smart, sexy blonde bombshell.  time heals, after all.  so stay strong, friend. keep growing confident and years from now when you run into your old high school peers, you'll make heads turn.",1
428125,"**welcome to this broadcast!** this is a broadcast on r/theyoushow by u/blindeyes_.   *i am a bot, and this action was performed automatically. please [contact the moderators of this subreddit](/message/compose/?to=/r/theyoushow) if you have any questions or concerns.*",1
558941,"at times like these, i'm thankful i'm deaf and more movies are being released with captions in the theaters.  but i feel your pain, i really do. :(",1
987163,"its worth reading the actual report.  this is an update stated from jan 2017   the american college of pediatricians urges healthcare professionals, educators and legislators to reject all policies that condition children to accept as normal a life of chemical and surgical impersonation of the opposite sex. facts – not ideology – determine reality.  1. human sexuality is an objective biological binary trait: “xy” and “xx” are genetic markers of male and female, respectively – not genetic markers of a disorder. the norm for human design is to be conceived either male or female. human sexuality is binary by design with the obvious purpose being the reproduction and flourishing of our species. this principle is self-evident. the exceedingly rare disorders of sex development (dsds), including but not limited to testicular feminization and congenital adrenal hyperplasia, are all medically identifiable deviations from the sexual binary norm, and are rightly recognized as disorders of human design. individuals with dsds (also referred to as “intersex”) do not constitute a third sex.1  2. no one is born with a gender. everyone is born with a biological sex. gender (an awareness and sense of oneself as male or female) is a sociological and psychological concept; not an objective biological one. no one is born with an awareness of themselves as male or female; this awareness develops over time and, like all developmental processes, may be derailed by a child’s subjective perceptions, relationships, and adverse experiences from infancy forward. people who identify as “feeling like the opposite sex” or “somewhere in between” do not comprise a third sex. they remain biological men or biological women.2,3,4  3. a person’s belief that he or she is something they are not is, at best, a sign of confused thinking. when an otherwise healthy biological boy believes he is a girl, or an otherwise healthy biological girl believes she is a boy, an objective psychological problem exists that lies in the mind not the body, and it should be treated as such. these children suffer from gender dysphoria. gender dysphoria (gd), formerly listed as gender identity disorder (gid), is a recognized mental disorder in the most recent edition of the diagnostic and statistical manual of the american psychiatric association (dsm-v).5 the psychodynamic and social learning theories of gd/gid have never been disproved.2,4,5  4. puberty is not a disease and puberty-blocking hormones can be dangerous. reversible or not, puberty- blocking hormones induce a state of disease – the absence of puberty – and inhibit growth and fertility in a previously biologically healthy child.6  5. according to the dsm-v, as many as 98% of gender confused boys and 88% of gender confused girls eventually accept their biological sex after naturally passing through puberty.5  6. pre-pubertal children who use puberty blockers to impersonate the opposite sex will require cross-sex hormones in late adolescence. this combination leads to permanent sterility. these children will never be able to conceive any genetically related children even via artificial reproductive technology. in addition, cross-sex hormones (testosterone and estrogen) are associated with dangerous health risks including but not limited to cardiac disease, high blood pressure, blood clots, stroke, diabetes, and cancer.7,8,9,10,11  7. rates of suicide are nearly twenty times greater among adults who use cross-sex hormones and undergo sex reassignment surgery, even in sweden which is among the most lgbtq – affirming countries.12 what compassionate and reasonable person would condemn young children to this fate knowing that after puberty as many as 88% of girls and 98% of boys will eventually accept reality and achieve a state of mental and physical health?  8. conditioning children into believing a lifetime of chemical and surgical impersonation of the opposite sex is normal and healthful is child abuse. endorsing gender discordance as normal via public education and legal policies will confuse children and parents, leading more children to present to “gender clinics” where they will be given puberty-blocking drugs. this, in turn, virtually ensures they will “choose” a lifetime of carcinogenic and otherwise toxic cross-sex hormones, and likely consider unnecessary surgical mutilation of their healthy body parts as young adults.  michelle a. cretella, m.d. president of the american college of pediatricians  quentin van meter, m.d. vice president of the american college of pediatricians pediatric endocrinologist  paul mchugh, m.d. university distinguished service professor of psychiatry at johns hopkins medical school and the former psychiatrist in chief at johns hopkins hospital  originally published march 2016 updated august 2016 updated january 2017  clarifications in response to faqs regarding points 3 &amp; 5:  regarding point 3: “where does the apa or dsm-v indicate that gender dysphoria is a mental disorder?”  the apa (american psychiatric association) is the author of the diagnostic and statistical manual of mental disorders, 5th edition(dsm-v). the apa states that those distressed and impaired by their gd meet the definition of a disorder. the college is unaware of any medical literature that documents a gender dysphoric child seeking puberty blocking hormones who is not significantly distressed by the thought of passing through the normal and healthful process of puberty. from the dsm-v fact sheet:  “the critical element of gender dysphoria is the presence of clinically significant distress associated with the condition.” “this condition causes clinically significant distress or impairment in social, occupational, or other important areas of functioning.”  regarding point 5: “where does the dsm-v list rates of resolution for gender dysphoria?”  on page 455 of the dsm-v under “gender dysphoria without a disorder of sex development” it states: “rates of persistence of gender dysphoria from childhood into adolescence or adulthood vary. in natal males, persistence has ranged from 2.2% to 30%. in natal females, persistence has ranged from 12% to 50%.”  simple math allows one to calculate that for natal boys: resolution occurs in as many as 100% – 2.2% = 97.8% (approx. 98% of gender-confused boys)  similarly, for natal girls: resolution occurs in as many as 100% – 12% = 88% gender-confused girls  the bottom line is this: our opponents advocate a new scientifically baseless standard of care for children with a psychological condition (gd) that would otherwise resolve after puberty for the vast majority of patients concerned.  specifically, they advise:  affirmation of children’s thoughts which are contrary to physical reality; the chemical castration of these children prior to puberty with gnrh agonists (puberty blockers which cause infertility, stunted growth, low bone density, and an unknown impact upon their brain development), and, finally, the permanent sterilization of these children prior to age 18 via cross-sex hormones. there is an obvious self-fulfilling nature to encouraging young gd children to impersonate the opposite sex and then institute pubertal suppression. if a boy who questions whether or not he is a boy (who is meant to grow into a man) is treated as a girl, then has his natural pubertal progression to manhood suppressed, have we not set in motion an inevitable outcome? all of his same sex peers develop into young men, his opposite sex friends develop into young women, but he remains a pre-pubertal boy. he will be left psychosocially isolated and alone. he will be left with the psychological impression that something is wrong. he will be less able to identify with his same sex peers and being male, and thus be more likely to self identify as “non-male” or female. moreover, neuroscience reveals that the pre-frontal cortex of the brain which is responsible for judgment and risk assessment is not mature until the mid-twenties. never has it been more scientifically clear that children and adolescents are incapable of making informed decisions regarding permanent, irreversible and life-altering medical interventions. for this reason, the college maintains it is abusive to promote this ideology, first and foremost for the well-being of the gender dysphoric children themselves, and secondly, for all of their non-gender-discordant peers, many of whom will subsequently question their own gender identity, and face violations of their right to bodily privacy and safety.  for more information, please visit this page on the college website concerning sexuality and gender issues.  a pdf version of this page can be downloaded here: gender ideology harms children",1
695318,"yeah -- i understand. just changing a character name can be a wrench -- hurting them for anything in what you're trying to show feels cruel. when i say held me back, it's internal rather than external. with all the support and understanding i genuinely get now for mental health and that my husband gets for his cancer, it's still in and of itself an internal limitation. disability isn't just cosmetic -- it's real and internal. other people can make life easier for you, they can help you rather than see you as an object of pity or derision, and you can adapt to being in certain situations, but the problem still remains and i feel it as an internal handicap rather than a lack of external support.  look up spoon theory -- my husband has wrestled with that since his diagnosis. the theory goes that an able-bodied/well person has infinite 'spoons' -- an arbitrary unit of measurement based on the person explaining the theory being in a restaurant -- and is able to cope with anything. people with certain disabilities or illnesses have limited spoons: they have finite resources of energy and not only have to apportion them out over the day to do the things they want to do and have to do, but have to reserve some to deal with a crisis.   in my case, my spoons aren't infinite, but the number is very large. a lot are used up by my husband being ill, so i have less than what is necessary to sustain normal life. at times like christmas, i'm using many more spoons, and to add to the burden my aspergers and anxiety latch on to party politics in the uk, and things have hit the roof recently :d with this stupid brexit crisis. (think carrie in *homeland*, but without the job in the secret service.)  also maybe look at the chapters about jaime from asoiaf. many disabilities are hereditary or people are born with them, but a lot simply happen to people through accidents, serious illnesses such as cancer and so on. people who are born blind have usually adapted and never known anything else. people who go blind probably miss having their sight, and although some born-blind or born-deaf people feel that their disability gives them a different perspective on life, almost like a gender or racial identity, people who suffer a life-altering illness or accident later in life take a long time to adjust (my husband was diagnosed 15 months ago and still hasn't come to terms with his condition).   then there's people like me who were born with mental handicaps (i was actually born asleep and had to be woken up; my mum always explained it as just giving me a puff of oxygen to get me going, but my dad remembers it as a full-scale medical intervention; we're also relatively certain i have dyspraxia but it wasn't a 'thing' when i was a child and could have benefitted from a diagnosis), but still find their incapacities come from within rather than without.   also remember advances in medical science have rendered many diseases curable. put it this way: twelve years ago a family friend, damien, died of a similar cancer to what my husband has. damien wasn't diagnosed as quickly as my hubby was, but he was actually a researcher at a lab working on the drugs my husband is taking now. d reckoned he would have benefitted from those pills -- but he developed his disease two or three years too early even for trials. even now, the drug my hubby is on is still at the stage of testing different doses to see which level gives the right effect for the right cost in terms of side effects. although my hubby is through the worst (an ineffective treatment caused a brain lesion that could be removed, but cost him six months off work and a lot of anxiety and chaos and stress etc) he is still badly shaken and depressed because in three years he's gone from a healthy young man with a keen interest in sports to a wreck and who's contemplating selling off his cricket kit because he can't stand up for very long without fatigue setting in.  so yeah. to mean anything, disability has to be just that -- anything from a condition that makes it harder to adjust to life, particularly in a society which isn't as advanced as ours in terms of attitude and accommodation, to something that wrecks physical ability and triggers profound depression and frustration. i liked the way jaime lannister was portrayed because although war wounds are going to be very common in a martial society, and probably understood a lot better than something like cancer or autism, that doesn't mean he doesn't feel the loss of his sword-hand keenly in himself. he was shown as having to relearn everything with his left hand, and that's kinda what it's like for many people who acquire disabilities.   battles matter as well. my friend, who is a keen crafter and has fibromyalgia lost the use of one hand for a while 18 months ago; she didn't know whether it was going to be permanent or not. when she finally recovered this spring, she knit herself a kaftan just because she could, to stick two fingers up to her physical handicap. it's an achievement for me to be at work while the political storm rages outside. after ten years of sick leave i finally managed to overcome that anxiety and hold down a job. i'm not where i should be -- i have a degree and a masters and work on reception -- but i have a job that i love and which doesn't stress me too much, feel supported by others and i find that i can switch my political brain off from  time to time, whereas for about six years out of my most decade i was 'always on'. (it took about 18 months playing world of warcraft to distance myself from that state, then i went back to uni to do a masters in ...political law.)  combatting ableism is the outside situation -- the way society understands disability and makes accommodation for issues. but all the paid sick leave, crisis hotlines, cancer awareness, people not using the word 'spaz' (a word which has disappeared here because of its roots in ableism towards those with cerebral palsy and other brain disorders) and so on don't make up for the personal crippling of a dyspraxic mind or a grand mal seizure at 2 in the morning. my aunt is coeliac and a caterer and finds it really hard when she smells freshly-baked bread and then (up until recently when gluten-free bread and so on became a thing) had to eat rice-cakes. just because you've lived with it all your life and mostly adapted to it doesn't make it *effing* hard sometimes.  it's not just an identity; it's something very real and very internal and it makes life hell. *homeland* portrayed carrie's bipolar condition extremely well. it handicapped her, but not only in the eyes of her colleagues -- in her ability to act rationally and still put her brilliant mind to work. i'd love to be able to do that but my condition gets in the way of putting my mental resources to better use.  you have to hurt your characters. but showing them being frustrated by their disability will, i promise, tell people like us we're not alone.",1
452390,"&gt;honestly, that figure was from a lecture i attended by the head of if american knew. i imagine it can be backed up by their site, and i trust that she spoke truthfully. they're good journalists.  yes, ""good journalists"" who are dedicated to changing minds about israel. i am so glad you ""trust"" them.  &gt;you don't kick half of a nation out of their homes and make them refugees for the sake of other refugees.   who was kicked out before the war? and what about those who were just refugees? or who left to make it easier for the arab armies to kill the jews?  &gt;as if they didn't have a state already before it was taken away from them arbitrarily by the un and handed over to jewish refugees.  they didn't. seriously, what state was taken from the palestinians?     &gt;it has nothing to do with them being jews   you really might want to look up dhimmi and the fall of the ottoman empire. that notion that jews would dare to see themselves as equals of muslims was one of the core issues. that some non-muslim would dare to have control over any part of dar al islam infuriates a large number of muslims. if it was not religious the terrorists would not target synagogues, they would not toss a handicapped man off a ship.   &gt;and has been since 1948.  so what about the violence before that?  &gt;but keeping a nation hostage at gunpoint is no way to foster peace;  so what about the arab guns? what about the palestinian vest bombs?  &gt;the palestinians who want to say ""fuck it, just keep the land you took and we'll live here in peace"" continue to be shot at with all of the others when israel breaks the ceasefire.  any idea how israel can figure out how to distinguish between hamas and the civilians they hide among?",1
463970,"&gt;""differently abled"" is something you made up  i wish.  you want a real-life example.  take a look at [this](http://www.toysrus.com/category/index.jsp?categoryid=2257808).  that's right, *toys ""r"" us* has a guide for toys for ""differently abled"" kids.  &gt;if you could do or say anything that would not make another person feel a little less miserable about themselves, why not just do it?  because some people feel miserable for stupid reasons?  i don't mean to be an asshole to anyone, but, as an example, if a deaf person feels miserable when someone says (or writes, if they don't lipread) ""deaf"" instead of ""hearing impaired"", should i change the phrasing i use?  it's not like ""deaf"" is an insult.  it's a description of their particular handicap.  or can't i say ""handicap"" anymore?  should that be ""disability"", or maybe ""challenge""?  i don't even know anymore, because different people decide that they're going to be offended no matter what i say.  &gt;and why should anyone be derided for doing so?  because many pc terms are completely idiotic.  i demand that people no longer refer to be as ""white"" or ""caucasian"".  from now on, i demand to be called ""pigmentally challenged"".  see how stupid that is?  i'm not going to use new, made-up phrases simply to appease the small minority that are actually offended by the standard terminology.  as another example, most blind people are fine with being called blind.  should i call them ""visually impaired"" to appease a handful of them?  ""visually impaired"" doesn't even mean the same thing as ""blind"".  it means you can see, but with difficulty, and ""blind"" means you can't see at all.  i'm *certainly* not going to use less precise terminology because a few people are unreasonably offended.",1
829284,"whilst i am all for equality i dont think that:  1.  you should have to hire a person **despite the fact their disability makes it impossible for them to do the job**.  2.  you should have to pay your female employees the same as your male employees (or vis versa) **irrespective of the jobs or hours they are actually doing**  3.  that *private* clubs should not be permitted to discriminate as to their memberships  4.  that ""voluntary positive action"" should be allowed (thats ""positive"" discrimination for those who dont know...)  the rest of the bill seems fine but the above all seem not like equality and freedom so much as the opposite to them.",1
226200,"remembered another one thx to u/herbie53101   halfrunner: he's paralyzed from his hips down due to a rock fall and is shadowlcans lead medicine cat 😺  rosepaw: a premature baby gorl with a heavy speech impairment, she has a hard stutter and slurs her words, she's also extremely small and behind developmentally, she was premature, malnourished, almost drowned and got pneumonia in the first week of her life   mumblecall: broke her jaw in the same rock fall as halfstep and now has a speech impairment, she slurs and part of her face is paralyzed  cloverheart & rockpaw: brother and sister from different litters, both have some type of mental issue, similar to (possibly is) autism so neither of them think normally  and rockpaw is non-verbal   flamespirit*: supper old cat that developed dementia/parkinson's and passed due to white cough  flowerpaw: blind and hearing impaired she-cat, given her name with her siblings but lives in the medicine den (she isn't able to get around really on her own)  stumpyfoot: windclan elder with extremely short legs (some form of dwarfism)  silentear: deaf windclan cat, his hearing was blown out in the two leg war  fallentail: he's super capable (like nightclaw) his tail was chopped off as an apprentice in the twoleg war  cloudypebble: small white deaf tomcat with blue eyes, he lives in the medicine (a snowkit tribute)  dunno if this counts but daisygaze: she was neutered  cloudedgaze*: blinded in the twoleg war and later went deaf from age  yeah i have a lot lol",1
490942,"as a 20-something with a mild and life long disability (spastic diplegia cerebral palsy, from birth) i deal with a lot of things that most people wouldn't and don't think of. i'm off balance so walking in crowds even with my cane is very stressful and people just don't watch where they're going. whenever i walk on stairs in public it never fails that i get a cutesy or inspiring comment from a well meaning stranger, like ""woah there speed racer,"" ""good job!"" or, *to my parents* ""wow, she's doing better than me on those stairs!"" i know people are generally well meaning so i just smile and get on with my life, but it says a lot about how people think toward me and people like me. it just reminds me that i'm different or that on some level people think less of me than they do someone ""normal"".   it's hard enough to get jobs these days, but every time i *actually* get interviewed for a job and they see me, and then i don't hear back, i have to wonder if it's because of the palsy.  luckily i'm trying my hand at higher education (even though i will be in debt forever) in a field that serves people with disabilities, so having one myself may come at an advantage that my able peers do not have, but honestly, what in the world is someone like me supposed to do if they can't afford college? it's not like someone leg disabled can wait tables, or stand for 8-12 hrs at a time flipping burgers or cashiering (it's a miracle i last my pt 6hr shifts at the school cafeteria during the semester, even with taking breaks), and try getting a cushy desk job as a 20 something disabled person with no higher ed. or work experience.  as it is i have to cross my fingers to even get into grad school, and if i don't i'll be pretty much screwed, as my current job is the only one out of dozens i've applied for to give me a chance and they don't hire many full time workers even if i could handle that.   another thing that is difficult and royally screwed up is the hoops that you must jump through and extra cost you must deal with to get around  if you can't drive a normal car with foot pedals. they want you to undergo a ~$200 evaluation for what kind of adaptation you would need and then ~$200/hr  lessons  with a special car until they think you're ready to pass a drivers test. and then they prescribe you whatever hand gears or modified breaks or steering you would need and you have to go out and buy it, and have it installed in a car.  none of this is covered under medical insurance because driving is not a medical necessity. i neither have a car which i could fix up, nor the money for any of this stuff so i take para transit/shared ride to university/work 5 days a week. shared ride is a mini bus service that picks me up at my house and drops me off in front of whatever building i need to be at. sounds good right? not really. they charge $4.50 each way for a 20-25 minute ride. that is most of my paycheck. also, they have too many clients and are terrible at making the routes to begin with, so i've been picked up at 5:45am for an 8am class, and had to wait around in the dark for janitors to open up the buildings. also, i finish work/classes at either 3 or 4:30, and usually don't get home in time for dinner. i sit out on the curb waiting for hours, and then sit on the bus while they pick up and drop off others for hours. the latest i've been dropped home was a quarter to 8, and they say they stop running at 5:30. ha! i have to also keep calling and checking with them because there have been times where they screwed up and forgot me, and i get stranded for hours until one of my parents can get to me. it's hard to function in school or have a social life when i have to get up so early and have to squeeze everything i need to do on campus between 8 and 5:30, but i have no choice.   i tried once to see if i am eligible for ssi, because they could help me get out on my own and with that low of an income i'd get help paying for all of these things and probably school as well, but they say that because i am not in unmanageable pain or on wheels, i'm not *really* disabled. i'm too disabled for employers to not be scared to hire me to do the few jobs i might be able to handle, but not disabled *enough* for any help getting on my feet and taking care of myself seeing as i am limited. i'm in handicapable limbo here.  it's not just legally, but socially. to other disabled people its almost like i don't count because i can walk and do my own personal care, but i don't feel like i fit in with able-bodied people either. there are just things that they do and enjoy that i'll never relate to (running, biking, dancing, playing sports) i try to do normal college girl things like go out to clubs, sometimes i end up getting tipsy enough that i'm okay with wobbling around like an asshat to music and getting stared at because without the cane i just look really drunk. most of the time i'm just standing there watching the other girls in envy. they are all wearing cute shoes that i can't even stand up in, dancing with guys that won't even look at me even though i'm prettier than them, and they make moving to the music look so easy and fun. there's something graceful about the way they move, even if they're being total sluts about it, because for them it's fluid and effortless. i feel like a cross between the tin man and a wet noodle. stiff, yet not controlled. so dancing, no.   it's also hard to feel sexy when i'm stuck in a body that isn't, and when i have to deal with being patronized, or felt sorry for. it's hard to feel attractive when you know the reason people stare is not because of your stunning beauty. or when the only people who ever asked you out were special ed students in high school when you used to help out in their class during free period. it was really sweet to get handmade valentines written in crayon though :3   it just boggles my mind that you guys can just walk. you don't have to consciously try. your body just knows the right way to move. every step i have to try extra hard not to drag my toes, to remind myself to stand up straighter, to worry that i'm stomping disturbing someone who isn't awake yet, or that i'm going to splash someone walking next to me outside when there are puddles.  and when i fall, everyone loses their minds! it's why i carry the cane so i can just pull myself back up again if i do somehow derp hard and land on my face. i fall a lot so to me it's no big deal, but people act like they just watched me break every bone in my body if i take a tumble off a curb. would you make a big deal of some girl who wore stillettos that were a bit too high and tripped? no you'd probably laugh at her, maybe help her up, and go on with your lives. you wouldn't freak out, try to pick her up without asking, keep asking over and over if she's okay even after she's obviously standing back up and nothing's bleeding, or try to call an ambulance. i've had all of those things happen. the label i fall under usually means more to people than what i actually present. people know i am disabled, and they have subtly been taught that disabled = frail, child-like, incapable, whether they realize it or not. i deal with the implications of that every day.  and then there is the other side of that same coin, that disabled people are ""inspirational"", even when they're just doing every day normal people things. if i studied neuroscience and figured out how to rewire my own brain so that i wouldn't have to deal with all of this nonsense, that would be pretty inspirational. don't say i'm inspirational for making  he dean's list or taking the stairs. normie pls.  edit: alien blue is being weird and it isn't letting me reply to op :( sorry",1
383172,"#####&amp;#009;  ######&amp;#009;  ####&amp;#009; section 10. [**terminology**](https://en.wikipedia.org/wiki/intellectual_disability#terminology) of article  [**intellectual disability**](https://en.wikipedia.org/wiki/intellectual%20disability): [](#sfw)   ---  &gt;  &gt;  &gt;   &gt;   &gt;  &gt;terms that denote mental deficiency have been subjected to the [euphemism treadmill.](https://en.wikipedia.org/wiki/euphemism_treadmill) the several traditional terms that long predate [psychiatry](https://en.wikipedia.org/wiki/psychiatry) are simple forms of abuse in common usage today; they are often encountered in such old documents as books, academic papers, and [census](https://en.wikipedia.org/wiki/census) forms (for example, the british census of 1901 has a column heading including the terms *imbecile* and *[feeble-minded](https://en.wikipedia.org/wiki/feeble-minded)*).  &gt;negative connotations associated with these numerous terms for intellectual disability reflect society's attitude about the condition. some elements of society seek neutral medical terms, while others want to use such terms as weapons of abuse.  &gt;today, new words like *special* or *challenged* are replacing the term *retarded*. the term *developmental delay* is popular among caretakers and parents of individuals with intellectual disability because *delay* suggests that a person is slowly reaching his or her full potential rather than being disabled. [*[citation needed](https://en.wikipedia.org/wiki/wikipedia:citation_needed)*]  &gt;usage has changed over the years and differed from country to country. for example, *mental retardation* in some contexts covers the whole field but previously applied to what is now the mild mr group. *feeble-minded* used to mean mild mr in the uk, and once applied in the us to the whole field. ""[borderline intellectual functioning](https://en.wikipedia.org/wiki/borderline_intellectual_functioning)"" is not currently defined, but the term may be used to apply to people with iqs in the 70s. people with iqs of 70 to 85 used to be eligible for special consideration in the us public education system on grounds of intellectual disability. [*[citation needed](https://en.wikipedia.org/wiki/wikipedia:citation_needed)*]  &gt;   &gt;* __cretin__ is the oldest and comes from a dialectal french word for christian.  the implication was that people with significant intellectual or developmental disabilities were ""still human"" (or ""still christian"") and deserved to be treated with basic [human dignity](https://en.wikipedia.org/wiki/human_dignity). individuals with the condition were considered to be incapable of sinning, thus ""christ-like"" in their disposition. this term is not used in scientific endeavors since the middle of the 20th century and is generally considered a term of abuse. although *cretin* is no longer in use, the term *[cretinism](https://en.wikipedia.org/wiki/cretinism)* is still used to refer to the mental and physical disability resulting from untreated [congenital hypothyroidism](https://en.wikipedia.org/wiki/congenital_hypothyroidism).  &gt;* __amentia__ has a long history, mostly associated with dementia. the difference between amentia and dementia was originally defined by time of onset. *amentia* was the term used to denote an individual who developed deficits in mental functioning early in life, while *dementia* included individuals who develop mental deficiencies as adults. during the 1890s, *amentia* meant someone who was born with mental deficiencies. by 1912, ament was a classification lumping ""idiots, imbeciles, and feeble minded"" individuals in a category separate from a dement classification, in which the onset is later in life.  &gt;* __[idiot](https://en.wikipedia.org/wiki/idiot_(usage\))__ indicated the greatest degree of intellectual disability, where the [mental age](https://en.wikipedia.org/wiki/mental_age) is two years or less, and the person cannot guard himself or herself against common physical dangers. the term was gradually replaced by the term __profound mental retardation__ (which has itself since been replaced by other terms).  &gt;* __[imbecile](https://en.wikipedia.org/wiki/imbecile)__ indicated an intellectual disability less extreme than idiocy and not necessarily inherited. it is now usually subdivided into two categories, known as __severe intellectual disability__ and __moderate intellectual disability__.  &gt;* __[moron](https://en.wikipedia.org/wiki/moron_(psychology\))__ was defined by the american association for the study of the [feeble-minded](https://en.wikipedia.org/wiki/feeble-minded) in 1910, following work by [henry h. goddard](https://en.wikipedia.org/wiki/henry_h._goddard), as the term for an [adult](https://en.wikipedia.org/wiki/adult) with a [mental age](https://en.wikipedia.org/wiki/mental_age) between eight and twelve; __mild intellectual disability__ is now the term for this condition. alternative definitions of these terms based on iq were also used. this group was known in uk law from 1911 to 1959/60 as *feeble-minded*.  &gt;* __mongolism__ was a medical term used to identify someone with [down syndrome](https://en.wikipedia.org/wiki/down_syndrome). the [mongolian people's republic](https://en.wikipedia.org/wiki/mongolian_people%27s_republic) requested that the medical community cease use of the term as a referent to intellectual disability. their request was granted in the 1960s, when the world health organization agreed that the term should cease being used within the medical community.  &gt;* in the field of [special education](https://en.wikipedia.org/wiki/special_education), __educable__ (or ""educable intellectual disability"") refers to id students with iqs of approximately 50–75 who can progress academically to a late elementary level. __trainable__ (or ""trainable intellectual disability"") refers to students whose iqs fall below 50 but who are still capable of learning [personal hygiene](https://en.wikipedia.org/wiki/hygiene) and other living skills in a sheltered setting, such as a group home. in many areas, these terms have been replaced by use of ""moderate"" and ""severe"" intellectual disability. while the names change, the meaning stays roughly the same in practice.  &gt;* __retarded__ comes from the latin *retardare*, ""to make slow, delay, keep back, or hinder,"" so *mental retardation* meant the same as *mentally delayed*. the term was recorded in 1426 as a ""fact or action of making slower in movement or time."" the first record of retarded in relation to being mentally slow was in 1895. the term *retarded* was used to replace terms like *idiot*, *moron*, and *imbecile* because *retarded* was not then a derogatory term. by the 1960s, however, the term had taken on a partially derogatory meaning as well. the noun *retard* is particularly seen as pejorative; as of 2010, the [special olympics](https://en.wikipedia.org/wiki/special_olympics), [best buddies](https://en.wikipedia.org/wiki/best_buddies) and over 100 other organizations are striving to eliminate the use of the ""r-word"" (analogous to the ""[n-word](https://en.wikipedia.org/wiki/nigger#the_n-word_euphemism)"") in everyday conversation.   the term *mental retardation* was a diagnostic term denoting the group of disconnected categories of mental functioning such as *[idiot](https://en.wikipedia.org/wiki/idiot)*, *[imbecile](https://en.wikipedia.org/wiki/imbecile)*, and *[moron](https://en.wikipedia.org/wiki/moron_(psychology\))* derived from early iq tests, which acquired [pejorative](https://en.wikipedia.org/wiki/pejorative) connotations in popular discourse. the term *mental retardation* acquired negative and shameful connotations over the last few decades due to the use of the words *retarded* and *retard* as insults. this may have contributed to its replacement with euphemisms such as *mentally challenged* or *intellectually disabled*. while *[developmental disability](https://en.wikipedia.org/wiki/developmental_disability)* includes many other disorders (see below), *developmental disability* and *developmental delay* (for people under the age of 18), are generally considered more polite terms than *mental retardation*.  &gt;   &gt;* in [north america](https://en.wikipedia.org/wiki/north_america) intellectual disability is subsumed into the broader term *[developmental disability](https://en.wikipedia.org/wiki/developmental_disability)*, which also includes [epilepsy](https://en.wikipedia.org/wiki/epilepsy), [autism](https://en.wikipedia.org/wiki/autism), [cerebral palsy](https://en.wikipedia.org/wiki/cerebral_palsy) and other disorders that develop during the developmental period (birth to age 18). because service provision is tied to the designation 'developmental disability', it is used by many parents, direct support professionals, and physicians. in the united states, however, in school-based settings, the more specific term *mental retardation* or, more recently (and preferably), *intellectual disability*, is still typically used, and is one of 13 categories of disability under which children may be identified for special education services under public law 108-446.  &gt;* the phrase *intellectual disability* is increasingly being used as a synonym for people with significantly below-average cognitive ability. these terms are sometimes used as a means of separating general intellectual limitations from specific, limited deficits as well as indicating that it is not an emotional or psychological disability. *intellectual disability* may also refer to the outcome of [traumatic brain injury](https://en.wikipedia.org/wiki/traumatic_brain_injury), [lead poisoning](https://en.wikipedia.org/wiki/lead_poisoning), or [dementing](https://en.wikipedia.org/wiki/dementing) conditions such as [alzheimer's disease](https://en.wikipedia.org/wiki/alzheimer%27s_disease). it is not specific to congenital disorders such as [down syndrome](https://en.wikipedia.org/wiki/down_syndrome).  &gt;the ""american association on mental retardation"" continued to use the term *mental retardation* until 2006.  in june 2006 its members voted to change the name of the organization to the ""[american association on intellectual and developmental disabilities](https://en.wikipedia.org/wiki/american_association_on_intellectual_and_developmental_disabilities),"" rejecting the options to become the aaid or aadd. part of the rationale for the double name was that many members worked with people with [pervasive developmental disorders](https://en.wikipedia.org/wiki/pervasive_developmental_disorder), most of whom do not have intellectual disability.   &gt;in the uk, *mental handicap* had become the common medical term, replacing *mental subnormality* in scotland and *mental deficiency* in england and wales, until [stephen dorrell](https://en.wikipedia.org/wiki/stephen_dorrell), [secretary of state for health](https://en.wikipedia.org/wiki/secretary_of_state_for_health) for the united kingdom from 1995–97, changed the [nhs](https://en.wikipedia.org/wiki/national_health_service)'s designation to *[learning disability](https://en.wikipedia.org/wiki/learning_disability).*  the new term is not yet widely understood, and is often taken to refer to problems affecting schoolwork (the american usage), which are known in the uk as ""learning difficulties."" british [social workers](https://en.wikipedia.org/wiki/social_work) may use ""learning difficulty"" to refer to both people with mr and those with conditions such as [dyslexia](https://en.wikipedia.org/wiki/dyslexia).  in education, ""learning difficulties"" is applied to a wide range of conditions: ""specific learning difficulty"" may refer to [dyslexia](https://en.wikipedia.org/wiki/dyslexia), [dyscalculia](https://en.wikipedia.org/wiki/dyscalculia) or [developmental coordination disorder](https://en.wikipedia.org/wiki/developmental_coordination_disorder), while ""moderate learning difficulties"", ""severe learning difficulties"" and ""profound learning difficulties"" refer to more significant impairments.    &gt;in england and wales between 1983 and 2008 the [mental health act 1983](https://en.wikipedia.org/wiki/mental_health_act_1983) defined ""mental impairment"" and ""severe mental impairment"" as ""...a state of arrested or incomplete development of mind which includes significant/severe impairment of intelligence and social functioning and is associated with abnormally aggressive or seriously irresponsible conduct on the part of the person concerned.""  as behavior was involved, these were not necessarily permanent conditions: they were defined for the purpose of authorizing detention in hospital or guardianship. the term *mental impairment* was removed from the act in november 2008, but the grounds for detention remained. however, english statute law uses *mental impairment* elsewhere in a less well-defined manner—*e.g.* to allow exemption from taxes—implying that intellectual disability without any behavioral problems is what is meant.  &gt;a [bbc](https://en.wikipedia.org/wiki/bbc) poll conducted in the united kingdom came to the conclusion that 'retard' was the most offensive disability-related word.  on the reverse side of that, when a contestant on [celebrity big brother](https://en.wikipedia.org/wiki/celebrity_big_brother_2010_(uk\)) live used the phrase ""walking like a retard"", despite complaints from the public and the charity [mencap](https://en.wikipedia.org/wiki/mencap), the communications regulator [ofcom](https://en.wikipedia.org/wiki/ofcom) did not uphold the complaint saying ""it was not used in an offensive context [...] and had been used light-heartedly"". it was however noted that two previous similar complaints from other shows were upheld.   &gt;in the past, australia has used british and american terms interchangeably, including ""mental retardation"" and ""mental handicap"". today, ""intellectual disability"" is the preferred and more commonly used descriptor.   &gt;  ---  ^interesting: [^disabilities ^affecting ^intellectual ^abilities](https://en.wikipedia.org/wiki/disabilities_affecting_intellectual_abilities) ^| [^paralympic ^sports](https://en.wikipedia.org/wiki/paralympic_sports) ^| [^x-linked ^intellectual ^disability](https://en.wikipedia.org/wiki/x-linked_intellectual_disability) ^| [^journal ^of ^intellectual ^disabilities](https://en.wikipedia.org/wiki/journal_of_intellectual_disabilities)   ^parent ^commenter ^can [^toggle ^nsfw](http://www.np.reddit.com/message/compose?to=autowikibot&amp;subject=autowikibot nsfw toggle&amp;message=%2btoggle-nsfw+cjggu70) ^or[](#or) [^delete](http://www.np.reddit.com/message/compose?to=autowikibot&amp;subject=autowikibot deletion&amp;message=%2bdelete+cjggu70)^. ^will ^also ^delete ^on ^comment ^score ^of ^-1 ^or ^less. ^| [^(faqs)](http://www.np.reddit.com/r/autowikibot/wiki/index) ^| [^mods](http://www.np.reddit.com/r/autowikibot/comments/1x013o/for_moderators_switches_commands_and_css/) ^| [^magic ^words](http://www.np.reddit.com/r/autowikibot/comments/1ux484/ask_wikibot/)",1
462652,add these terms for a permaban :d   autistic blind crazy cretin cripple daft deaf and dumb dumb deformed delusional derp differently abled dim-wit disabled dotard epileptic feebleminded fit freak fucktard gimpy limpy loo handicapped hare-lipped hysterical imbecile incapacitated idiot insane invalid lame lunatic looney mad maniac midget mongoloid moron nutter psychotic retarded schizo stupid spaz tard vegetable wheelchair bound window licker yuppie flu,1
144888,"sometimes - but i find that it's more a person to person issue than a service / specialty issue. often if you just communicate like adults you can decide together what is actually best for the patient.  also, i think patients get better care if i take them rather than the service that has made it clear they don't want them, even if i think the reasoning behind that decision on the specialist's part has more to do with their patient load than their clinical judgement.  a few specific scenarios i absolutely hate are the following:  1) admitting every person over 70 who falls and breaks their hip; even if there are no medical problems i can manage. sure, i'm happy to take an ortho patient if they have diabetes or hypertension the ortho resident doesn't feel comfortable handling; whatever. i'm talking truly isolated surgical problems, like a broken hip with nothing else going on; it just feels like i'm being taken advantage of. also, i can rarely answer any of the questions the patient cares about, so i'm just going to have to page the surgical service a bunch to get those answers for my patient.  2) for some reason, our urology service thinks that our medicine residents are better at placing foleys than our nurses. insisting that i attempt to place a foley when the nurses fail or meet more resistance than they are comfortable with or whatever is just idiocy. counting med school and residency i've personally placed less than 10 foleys ever. there are nurses that probably place 20-30 in a week. if my nurse tells me they need a urology resident, i'm going to page the urology resident.  3) at least run your attempt to turf patients past your attending. so many times i've admitted someone because the surgical resident overnight said they weren't appropriate for a surgical floor and then we both get yelled at by a surgery attending in the am, me for not providing the same care the surgical attending would have, and you for turfing a surgery patient.",1
144905,"i think it would work itself out if the kid were wailing... the mom wouldn't want to continue the arrangment, either.  it's like any other type of work accomodation - adults get together and work things out.  for example, we have a telecommute option at our office, but it's not a blanket guarantee; you actually have to prove that you can do it and that you're reliable.  could be the same with this -- you actually have to prove it doesn't decrease productivity.  imho, kids who can walk or crawl are old enough for daycare, and it would be too hard to have this kind of arrangment for a mobile kid.  but when kids are slugs and just eat, sleep, poop, and yes, occasionally cry, what's the harm in trying?  but as i'm seeing in this thread, it's just a totally alien idea.  the reason it's a totally alien idea is that the modern american workplace is primarily geared toward childless men.",1
923592,"cut his toe or cut his toe off?  the rule:  57) the section consisting of thirty-two cases when the going forth is not to be given on one occasion the monks gave the going forth to someone without a hand … to someone without a foot … to someone without a hand and a foot … to someone without an ear … to someone without nose … to someone without an ear and nose … to someone without a finger or toe … to someone without a tendon … to someone with joined fingers … to a hunchback … to a dwarf … to someone with goiter … to someone who had been branded … to someone who had been whipped … to a wanted criminal … to someone with elephantiasis … to someone with a serious sickness … to someone with abnormal appearance … to someone blind in one eye … to someone with a crooked limb … to someone lame … to someone paralyzed on one side … to someone crippled … to someone weak from old age … to someone blind … to a mute … to someone deaf … to someone blind and mute … to someone blind and deaf … to someone mute and deaf … to someone blind, mute, and deaf. they told the buddha. soon afterwards he had the sangha gathered and said,  “you should not give the going forth to someone without a hand, to someone without a foot, to someone without a hand and a foot, to someone without an ear, to someone without nose, to someone without an ear and nose, to someone without a finger or toe, to someone without a tendon, to someone with joined fingers, to a hunchback, to a dwarf, to someone with goiter, to someone who has been branded, to someone who has been whipped, to a wanted criminal, to someone with elephantiasis, to someone with a serious sickness, to someone with abnormal appearance, to someone blind in one eye, to someone with a crooked limb, to someone lame, to someone paralyzed on one side, to someone crippled, to someone weak from old age, to someone blind, to a mute, to someone deaf, to someone blind and mute, to someone blind and deaf, to someone mute and deaf, or to someone blind, mute, and deaf. if you do, you commit an offense of wrong conduct.”  https://suttacentral.net/pli-tv-kd1/en/brahmali?layout=plain&amp;reference=main&amp;notes=asterisk&amp;highlight=false&amp;script=latin#71.1.1",1
633471,...and blind people *still* can't read them!,1
707352,"* i read something else and decided to edit/rewrite this reply.(using bulleted form to try to make it easier to see.  i realize it's long.)  * first off the disability tax credit has two categories.  one is [home renovation](https://www2.gov.bc.ca/gov/content/taxes/income-taxes/personal/credits/seniors-renovation) and it is for adapting your home with things like wheelchair ramps, stair lifts, and such.  it is aimed at people with high physical needs.  the second [tax credit](https://www.canada.ca/en/revenue-agency/services/forms-publications/forms/t2201.html) is aimed at people with high care needs even if it isn't from physical alone.[(globalbc news article on how hard it is to get.)](https://globalnews.ca/news/3956042/cra-disability-tax-credit-canada/)    * the home renovation the people may be fairly independent in their daily living skills.  such as a paraplegic, someone with dwarfism, blindness, hearing impaired, etc.  the other category is people that are totally physically dependant like quadriplegics, severe mental retardation, etc.    * some people with ""moderate"" conditions may apply.  that tax credit takes into consideration you might have to stay home with them, and they may require a full time nurse.  moderate people might not need a full time nurse but have serious health issues and vulnerabilities.  mild autism probably shouldn't be receiving it, unless they have a complex situation with other health conditions, etc.    * if you do qualify they will back date up to 10 years on both renovation and regular tax credit.  though renovation isn't usually allowed every year.(unless they changed something since i last read it.)  * if a doctor is caught filling out the forms wrong.  any form he did will come under suspicion.  they will review all the forms he's done of that nature(for services or taxes).  he may face fines and professional consequences.  anyone that benefitted from his forms might be asked to repay everything.  * now as to how i know how these forms work.  my daughter was diagnosed with terminal brain cancer at 8 and died when she was 12.  she needed a walker and a wheelchair at different times, she was on tube feedings, needed pullups, etc.  she developed vision problems and a learning disability as the result of a very large tumor(5 inches in diameter) being removed from the back of her head.  i helped get her put on the at home program as she was living with her father(we separated right before her diagnoses, and then after her death divorced).  * my son was born with two abdominal birth defects.  he had bruises on his head that lasted about 4 months from forceps delivery.  he underwent some genetics for autism related conditions such as fragile x, marfans, etc.  he was also screened at [sunny hill children's hospital](http://www.bcchildrens.ca/our-services/sunny-hill-health-centre/about) by a developmental pediatrician.  he was seen at a [mental health unit](https://www2.gov.bc.ca/gov/content/health/managing-your-health/mental-health-substance-use/child-teen-mental-health) by a psychologist for pervasive developmental disorder not otherwise specified.    * he does have spinal muscular atrophy, chimerism, adhd, dysgraphia, expressive receptive language disorder, 69 iq and later as a teen 80 iq, hypotonia, fine motor issues, etc.  he was suspected of pddnos and fox gene anomalies.    * he is now 26 years old and lived with me until he was 15.  then moved in with his father who immediately tried to get the second type of disability credit.  this despite him denying our child had any problem until my daughter had cancer.  * if you do go to sunny hill or for genetic assessment.  you will need copies of your child's birth records and information on your pregnancy.  also any prior report copies from other assessing doctors.  * i'm a person with asd diagnosis.  in 1970s hfa and in 1980s asperger's.  again seen in 1998 same diagnosis.  by i also have more than 3 traumatic brain injuries, several strokes, prior quadrapelgia, prior paralysis, kennedy disease(spinal muscular atrophy type 4), spinal injuries, disk damage, arthritis, etc.  i was blind and hearing impaired at one point due to injuries.    * i used to have a dog(in the 70s).  which by the way they do give autistic kids here too and qualify for [subsidy](https://www2.gov.bc.ca/gov/content/governments/policies-for-government/bcea-policy-and-procedure-manual/general-supplements-and-programs/guide-dog-and-service-dog-supplement) for food and health care.[(social therapy dogs)](https://pads.ca/)  my extensive health issues probably does qualify me.  but i don't work so don't bother with the credit, i get transportation help, and my home has ground access, and railings in the halls/bathtub/toilet.  * my children had iep's(can also be used for adult aka over 19 yrs old education), foster respite(overnight disability respite), counselling(disability, marriage breakup, their father being abusive to me and his prior criminal record.  also my son got raped at 4 by another disabled child.)    * my children had adaptive equipment.  my daughter had a walker and wheelchair, my son splints for his legs and things to help him with writing.  both had educational aids though my daughter got hers only after cancer.  my daughter also got cancer camp funding.  language funding was offered by variety club and one other.  my son also had a child care worker that took him out once a week to help with social skills.  the government also covered transportation costs of handydart to special education preschool where he got occupational, speech, and physiotherapy.(they used to pay $180/mo)  * i've been helped with counselling, educational funding, funding for adaptive equipment, and other coverages.  they helped me get a walker but now i'm looking at back and neck braces again.  possibly a wheelchair in time.  i was helped with moving expenses and live in disabled housing.  * some programs were funded on child's iq alone.  they need an 80 iq or less.  some things require physical dependence due to physical limitations of the child.  others simply require an autism diagnosis while others need neurologist, psychologist, geneticist or other specialist reports.    * when i say programs i don't just mean provincial but the private funding organizations.  some organizations just have a quick sheet that takes 5 minutes or less for your family physician to fill out.  [doctors here will bill you or the government directly for $10-150 to fill out your forms.](https://www.doctorsofbc.ca/resource-centre/physicians/managing-practice/patient-info-non-covered-fees)  the government doesn't always cover the cost of them.  * i used to attend meetings of the learning disabilities association, developmental disabilities association, and rare conditions group for my children.  i also for a little while went to a cancer bereavement group.  i survived 4 types of cancer myself.  as for my daughter she was helped by the canucks foundation and died at canuck place.  here are some helpful links:  * [bc 211](http://www.bc211.ca) * [government of bc services to the disabled](https://www2.gov.bc.ca/gov/content/family-social-supports/services-for-people-with-disabilities/supports-services) * [tash:  the association for the severely handicapped](https://tash.org/)(they used to have a vancouver branch) * [cord:  canadian organization of rare disorders](https://www.raredisorders.ca/) * [canadian foundation for rare diseases](https://www.rarediseasefoundation.org/) * [anca:  naturally autistic](https://www.naturallyautistic.com/) * [laurel group:  behavioral therapy](http://www.laurelbc.ca/our-team/) * [ani:  autism network international](http://www.autismnetworkinternational.org/)(they have message boards and a yearly camp/seminar) * [learning disability association of bc](http://www.ldabc.ca/) * [pacific autism center](http://pacificautismfamily.com/)(this is a relatively new center offering a variety of things) * [developmental disabilities association](https://www.develop.bc.ca/) * [bc community living](http://www.communitylivingbc.ca/) * [shriners bc](https://www.bcshriners.com/) * [lions club international](http://www.lionsclubs.org/en/index.php) * [variety club](http://www.variety.bc.ca/) * [canuck foundation](https://www.nhl.com/canucks/community/canucksforkids) * [bc lions easter seals](https://www.eastersealsbcy.ca/) * [disability alliance](http://disabilityalliancebc.org/)(they help with taxes, tax credits, filing for disability, etc) * [find an advocate - british columbia - disability](http://www.povnet.org/find-an-advocate/bc/disability) * [autism society of bc](https://www.autismbc.ca/)(i really dislike them.  services change if your over 19.  so they aren't always friendly to children turning 19 and they have been rude, etc to several adults on the spectrum.  few adults i know like them.  there are adult meetup groups, etc and online forums.  some of us also have mixed feelings to the group autism speaks.)  i used to run a disability website for adhd and autism.  at the time i also knew some of the people setting up sites for mental health.  we all kept track of resources for the usa and canada.  which is how i found out about tash which was primarily in the usa.  years ago i was in the usa and went to the school in fremont for the blind and deaf.    after experimental treatment i recovered vision and hearing.  it's also why i'm able to walk and externally mostly pass for normal.  some of my issues are also from explosion, plane crash, and exposure to a nerve agent.  if you were ever in the military or government.  you might qualify for specialized programs they offer their employees.  even if it has been many years since you worked for them.  the government will cross check if you qualify before approving funding.  sometimes they jointly fund programs or only one of the two covers something.  coverage is given on a sliding income scale.",1
606048,"lol. obviously i meant on accessible vehicles. they have to set a certain standard within in the adaption phase of the act and complete modernization by a certain date.   as for who qualifies for protections under the act, the definition is below. for the ttc aspect of it they list certain conditions that meet the need for the designated seating.  “disability” means,  (a) any degree of physical disability, infirmity, malformation or disfigurement that is caused by bodily injury, birth defect or illness and, without limiting the generality of the foregoing, includes diabetes mellitus, epilepsy, a brain injury, any degree of paralysis, amputation, lack of physical co-ordination, blindness or visual impediment, deafness or hearing impediment, muteness or speech impediment, or physical reliance on a guide dog or other animal or on a wheelchair or other remedial appliance or device,  (b) a condition of mental impairment or a developmental disability,  (c) a learning disability, or a dysfunction in one or more of the processes involved in understanding or using symbols or spoken language,  (d) a mental disorder, or  (e) an injury or disability for which benefits were claimed or received under the insurance plan established under the workplace safety and insurance act, 1997; (“handicap”)",1
860543,"one of the girls who works at my 3 year old's day care has a deformed face.  i'm not sure what it is exactly but its highly noticeable.  anyway, he has never asked me about it.  the reason is because he is 3 years old and does not know what is normal and different at this point.  in fact, i think this is a great thing for children to learn at such a young age.  not all people look the same and there is nothing wrong with that.",1
582842,"you can prosecute and imprison the leaders just like anybody else. they do not have criminal immunity because they are bishops, cardinals, or whatever. their property and financial assests can be seized just like anyone else. their financial records can be audited. their tax exempt status can and should be revoked.   people can worship as they please. the ""church"" is a business like any other, and is subject to the same laws as any other. so yeah, ""banned"" was a poor word choice. but they should be subject to the same laws and consequences as any other pedo organization.   an argentinian priest just got forty years for molesting deaf kids for decades. who else knew about this and looked the other way? he gets time, but life goes on for his superiors.  an ar",1
797982,"either way, sounds like a good time to look into disability insurance just in case.",1
795651,"[avoiding ableist language](http://web.augsburg.edu/english/writinglab/avoiding_ableist_language.pdf)  edit: full paper pasted as text w/o formatting:  avoiding ableist language purpose: disability metaphors are abound in our culture, and they exist almost entirely as pejoratives. as rachel cohen-rottenberg wrote on disabilityandrepresentation.com, “if a culture’s language is full of pejorative metaphors about a group of people, that culture is not going to see those people as fully entitled to the same inclusion as people in a more favored group.” this handout’s primary purpose is to serve as a reference for linguistic microaggressions and everyday, casual ableism. barren refers to people who are infertile and carries sexist connotations as well as ableist ones. blind to ____ / turn a blind eye to ____ / blinded by ignorance/bigotry/etc. refers to blind people or people with visual impairments. bound to a wheelchair (wheelchair bound) refers to people with physical or mobility disabilities. confined to a wheelchair refers to people with physical or mobility disabilities. crazy refers to people with mental or psychiatric disabilities. cretin refers to people with intellectual disabilities. cripple/crippled (by ____) refers to people with physical or mobility disabilities. daft refers to people with mental or psychiatric disabilities. deaf-mute refers to deaf people or people with hearing impairments. deaf to ____ / turn a deaf ear to ____ / etc. refers to deaf people or people with hearing impairments. derp (also herp-derp and variations) refers to people with intellectual disabilities.  diffability can refer to any person with a disability. differently abled can refer to any person with a disability. dumb refers to deaf people or people with hearing impairments, people with speech impairments, or people with linguistic or communication disorders or disabilities. feeble-minded refers to people with mental, psychiatric, intellectual, or developmental disabilities. handicap(ped) refers to people with physical or mobility disabilities. handicapable usually refers to people with physical or mobility disabilities, but can also mean any person with a disability. harelip refers to people with cleft-lip palette or similar facial deformities. hearing-impaired refers to d/deaf and hard-of-hearing people. idiot(ic) refers to people with intellectual disabilities. imbecile refers to people with intellectual disabilities. insane or insanity refers to people with mental or psychiatric disabilities. lame refers to people with physical or mobility disabilities. loony/loony bin refers to people with mental or psychiatric disabilities. lunatic refers to people with mental or psychiatric disabilities.  madhouse/mad/madman refers to an institution housing people with mental or psychiatric disabilities. maniac refers to people with mental or psychiatric disabilities. mental/mental case refers to people with mental or psychiatric disabilities. mental defective refers to people with mental, psychiatric, intellectual, or psychiatric disabilities. mongoloid refers to people with intellectual disabilities and specifically down syndrome. derives from a double-whammy of racism and ableism, from the belief that people with down syndrome look like people from mongolia. moron(ic) refers to people with intellectual disabilities. nuts refers to people with mental or psychiatric disabilities. psycho refers to people with mental or psychiatric disabilities. psychopath(ic) refers to people with mental or psychiatric disabilities. psycho(tic) refers to people with mental or psychiatric disabilities. retard(ed)/[anything]-tard refers to people with intellectual disabilities. [you belong on the] short-bus/ that's short-bus material/etc. refers to people with intellectual, learning, or other mental disabilities. simpleton refers to people with intellectual disabilities. spaz(zed) refers to people with cerebral palsy or similar neurological disabilities.  specially abled can refer to any person with a disability. special needs usually refers to people with learning, intellectual, or developmental disabilities, but can mean any person with a disability. stupid refers to people with intellectual disabilities (i.e. ""in a stupor""). suffers from ____ can refer to any person with a disability. wacko/whacko refers to people with mental or psychiatric disabilities. instead of an ableist word, perhaps you actually meant to say... (more invective replacements that use profanity/swears are included at the very bottom in a separate list) asinine bad bleak boring bullish callous careless confusing contemptible coward dense devoid of _____ disgusting dull enraged evil extremist furious gross half-hearted horrible ignoramus ignorant impolite   incomprehensible inconsiderate inconsistent infuriating insensible irrational jerk lacking in _____ livid mean nasty nefarious nonsense nonsensical obtuse outrageous overwrought paradoxical pathetic petulant putrid rage-inducing reckless ridiculous rude scornful self-contradictory shameful solipsistic spurious terrible tyrannical unbelievable unconscionable unheard of uninspired unoriginal unthinkable unthinking useless vapid vile vomit-inducing without any _____ whatsoever  wretched for describing people with disabilities/disabled people in general: disabled has a disability with a disability with a chronic health condition has a chronic health condition neuroatypical neurodivergent for describing people on the autism spectrum: on the autism spectrum autistic with autism [if preferred by individual] aspie [if preferred by individual] for describing people with intellectual disabilities: with an intellectual disability has an intellectual disability with a cognitive disability has a cognitive disability for describing people with sensory disabilities or impairments: blind low vision deaf hard of hearing for describing people with physical or mobility disabilities: with a physical disability with a mobility disability uses a wheelchair in a wheelchair uses crutches uses a cane uses a walker has [specific condition here] thanks to the following websites: http://www.autistichoya.com/p/ableist-words-and-terms-to-avoid.html http://www.disabilityandrepresentation.com/2013/09/14/ableist-language/",1
648297,"my younger brother has cerebral palsy (he's 14) and i did a year-long internship on cp in high school. the only decent news i can tell you is that cerebral palsy is an umbrella term. it encompasses a lot of different motor disabilities. my brother, for instance, is a spastic quadriplegic (different doctors describe him differently though...). he is and will always be in a wheelchair. however, your daughter sounds very young, and though i obviously don't know the specifics, you really won't know how severe her cp is until later. it's also possible it's a false diagnosis- cp gets commonly diagnosed for minor motor developmental issues. it's unfortunate that cp comes with brain damage. it can happen at birth or after a traumatic incident at a very young age, and obviously with brain damage other complications can come hand in hand, but that **isn't** always the case. my brother's cognitive abilities are completely undamaged. he's just nonverbal and has to use a communication device, called a vantage. he's a bright, young individual. as for quality of life, it's not always easy. financially, the strain is definitely there. medicaid is his primary health insurance because of his disability but they're always being cheap asses. at the beginning of this year- as a perfectly annoying example- they stopped covering compounded medications (baclofen in his case) at nearly every pharmacy we've ever used. also, when he entered middle school, the school district here in the lovely state of north carolina challenged his- colin's- position in a normal classroom. my mother tried with all her might to fight it, but a psychologist came in to *evaluate* him, and when i say i evaluate i mean she walked in the room, didn't acknowledge his existence, and never looked at him. she had made up her mind before even meeting him. fucking bitch. excuse me. anyways, she deemed him ""cognitively impaired"" and he was transferred to a special education classroom. he will never get a high school diploma. that has probably been the hardest thing on my family. being told he is mentally retarded when we can clearly tell he isn't. there isn't a thing we can do about it either, the county school system is such a joke and handles nothing professionally. he's behind in school because from kindergarten to 3rd grade his teachers would speak louder and slower if he didn't answer right away, and he would sit there laughing at their stupidity, which they must have taken for deftness. also, using his vantage via a head-stick takes him 10x longer to write something than it would for another child to simply say it. the fatigue wears on him when his most useful muscles are the ones in his neck, which at that aren't very strong. i know this isn't a very positive story but i'm just trying to convey that it isn't going to be easy. colin, even being in a special ed classroom where he doesn't belong, is the happiest kid i've ever met. he loves the food network and playing video games. he has a pet chinchilla that he would die for. all i can say is you *have* to be there for her. it's essential that you're strong. you're her support system, her guardian, everything. i wish nothing for the best for you. it sounds scary now but i'm sure it will all work out in the end for you and your family.",1
757918,"rochester as in, in ny...if so and if i get home, i'll buy you a beer.   i got laid off once namely because i couldn't cut it, lost my unemployment for reasons unknown twice. walked away from a girl i knew i liked because i couldn't seal the deal.  got ripped off by a shit landlord and ended up squatting in my apartment for a week. moved back to rochester, did stupid things like drink too much and quit a contact as i was moving to the northwest, moved to seattle, got tossed from the first place i moved into days later, got turned down for every job i went up for, almost got raped by a taxi driver last weekend and a few different people at other times (i'm guy btw it does happen) i spent thanksgiving alone, have been racially insulted which never even registered before but that pisses me off to no end, (i mean yes i am black and yes i like fucking cellos there is no fucking discrepancy here). i've pawned my laptop several times just get it back as  i thought it would be a bright idea to move here on a limited income and try to live normal life at same time.  and now on new years eve, after surfing hostels and couches, i might be stuck with no where to go. i've got 20 days to either find a job here or toss a coin and go back to philly and try there(and chase after that girl and that's never a good idea ever) or go back to rochester and hope something shows, at least rochester has monty's. but first i wish i a place to sleep at least until wednesday so i can take back my laptop.  the worst part is that this is all my fault, i had it all and i walked away because i thought i could do better.  actually it's been a shit decade.",0
182111,"it is charitable, but helping fund a football team (let's be realistic about where this money went) is not the same as helping cancer victims.",1
