random_id,text,relevance
642831,can someone explain the heel hook for me? i'm tired of it being the boogey man of bjj and i just want to be more aware of what it is. i'm not going to do it in practice (since i'm a whitey) but i just want to know more about the bio mechanics of the submission.,1
266621,children of the revolutionary former black revolutionary watani stiner turned himself in to san quentin so his children could come to america. was it worth it?,1
647880,"iama black person. ama i can't say i'll be able to answer everything accurately, since i don't speak for all black people, but i'll answer honestly from my point of view.   also i'm not offended easily and take this as an opportunity to understand and learn about people. so... ask away- anything you've ever wanted to ask a black person, but were hesitant to for various reasons.   edit: i am a female.",1
742219,"35 [m4a] - i'm big, old, white and want an asian girl to use. anyone else? [deleted]",1
831928,slut wife finally admits to husband she fucked his black friends big cock and she cums hard,1
658465,white trash wine rack,1
108909,"loner, white, abused, handy with a knife: portrait of an australian serial killer [deleted]",1
251411,18 [m4r] showing off big white dick [removed],1
500782,"us census disproves stereotypes, one blue dot at a time. black people can most definitely swim.",1
787397,"23 [m4f] deep dive into interracial, white guy discovered bbc [deleted]",1
340622,"life without black people... very humorous and revealing story is told about a group of people who were fed up with african americans, so they joined together and wished themselves away. they passed through a deep dark tunnel and emerged in sort of a twilight zone where there is an america without black people.  	at first these people breathed a sigh of relief. at last, they said, ""no more crime, drugs, violence and welfare!!  all of the blacks have gone!"" 	 then suddenly, reality set in. the ""new america"" is not america at all-only a barren land.  1) there are very few crops that have flourished because the nation was built on a slave-supported system.  2) there are no cities with tall skyscrapers because alexander mils, a black man, invented the elevator,  and without it, one finds great difficulty reaching higher floors.  	 3) there are few if any cars because richard spikes, a black man, invented the automatic gearshift, joseph  gambol, also black, invented the super charge system for internal combustion engines, and garrett a. morgan,  a black man, invented the traffic signals. 	 4) furthermore, one could not use the rapid transit system because its procurer was the electric trolley,  which was invented by another black man, albert r. robinson.  5) even if there were streets on which cars and a rapid transit system could operate, they were cluttered  with paper because an african american, charles brooks, invented the street sweeper.  6) there were few if any newspapers, magazines and books because john love invented the pencil  sharpener, william purveys invented the fountain pen, and lee barrage invented the type writing machine and w.  a. love invented the advanced printing press. they were all, you guessed it, black.  7) even if americans could write their letters, articles and books, they would not have been transported  by mail because william barry invented the postmarking and cancelling machine, william purveys invented the  hand stamp and philip downing invented the letter drop. 	 8) the lawns were brown and wilted because joseph smith invented the lawn sprinkler and john burr the lawn mower. 	 9) when they entered their homes, they found them to be poorly ventilated and poorly heated.  you see, frederick jones invented the air conditioner and alice parker the heating furnace. t heir homes were also dim.. but of   course, lewis lattimer later invented the electric lamp,michael harvey  invented the lantern and granville t. woods invented the automatic cut off switch. 	 their homes were also filthy because thomas w. steward invented the mop &amp; lloyd p. ray the dust pan.  	 10) their children met them at the door-barefooted, shabby, motley and unkempt. but what could one  expect? jan e. matzelinger invented the shoe lasting machine, walter sammons! invented the comb,  sarah boone invented the ironing board and george t. samon invented the clothes dryer.   11) then, they were resigned to at least have dinner amidst all of this turmoil. but here again,  the food had spoiled because another black man, john standard invented the refrigerator. 	 12) finally, they were struggling to make more than 2 computers to communicate with one another at a  supersonic speed. but then why shouldn't they be surprised at the marvels of one african- american from  nigeria named philip emeagwali who changed the course of supercomputing by creating a processor that  compute 3 billion per second. this man is still alive and like my other hero nelson mandela, is the most sought after african  man on the internet. check this out: www.emeagwali.com &lt;http://www.emeagwali.com/&gt;    now, isn't that something? what would this country be like without the contributions of blacks, as african-americans?  	  martin luther king, jr. said, ""by the time we leave for work, americans have depended on the inventions  from the minds of blacks.""  black history includes more than just slavery, frederick douglass, martin luther king, jr., malcolm x, and  marcus garvey &amp; w.e.b.. dubois.",1
607427,"population growth, climate change degrade african soil, threaten millions with starvation: worldwatch",0
974154,"tips from the devils book of life on the value of eating broccoli and drinking coffee while on earth. oh, you fuckers think god's leprosy is funny? enjoy you hiv. here are all the black epithets i know w/o using the nword: spade, coon, jigaboo, nigra, blackamoor, negro, negroid. so i'm not racist,!",1
898107,"[tdih] april 6th **1712** - us: new york city slave revolt begins: slaves set fire to their masters' outhouse. they then ambush the whites who arrive to put out the blaze, killing nine.   **1767** - voltaire writes ""doubt is not a pleasant condition, but certainty is an absurd one.""   **1781** - peru: túpac amaru captured after being denounced by a traitor.  of dust &amp; pain — these are the ways of peru. túpac amaru is brought into cuzco on the back of mule, covered with chains that drag on the pavement. the traitor does not look for a rope to hang himself, but instead receives his reward of 2,000 pesos &amp; a title of ""nobility.""   **1820** - photographer, caricaturist nadar (félix tournachon) lives, paris france. pioneered the use of artifical lighting in photography&amp; the first person to take aerial photographs, etc. a close friend of the young jules verne (he helped inspire verne's five weeks in a balloon). displays a special eye for the personalities of his friends — the notables of paris, the literati, musicians, poets, critics, &amp; political radicals (baudelaire, courbet, doré, kropotkin, liszt, verne, bernhardt, etc.).   **1832** - us: black hawk war begins when sauk/fox return to plant traditional corn fields &amp; are repulsed by whites.   **1878** - france: andré mournier (aka ""the agronomist"") lives, in joigny, yonne. member of the anarchist colony of aiglemont founded by fortuné henry.   **1878** - germany: erich muhsam [muehsam; mühsam], poet &amp; anarchist militant, lives, berlin. assassinated by the nazis during the night of july 9 / 10, 1934 (orianenburg concentration camp).   der deutsche schriftsteller erich mühsam lebte in den jahren von 1878 bis 1934. er starb in einem national-sozialistischen kz (konzentrationslager).  mühsam gilt als vertreter eines radikalen anarchismus. von ihm stammen expressionistische gedichte und dramen.   **1894** - italy: in chieti, camillo di sciullo, responsible for publishing the anarchist newspaper ""il pensiero,"" goes on trial. defended by the lawyer pietro gori, also an anarchist; di sciullo is acquitted.   **1895** - england: after acquittal of the marquis of queensberry for libel, oscar wilde is arrested. during the trial wilde denies writing the priest &amp; the acolyte.  &gt;""was that story immoral?""   asks the court.   &gt;""it was much worse than immoral,""   wilde replies.   &gt;""it was badly written.""  **1898** - us: ""patriotism"" is among the five lectures red emma goldman presents in st. louis, april 6-10; she encounters no interference by hizzoner or the police(!). emma is here as part of her speaking tour of february-june, addressing 66 meetings. local comrades note an increase of young women in attendance.  **1900** - italy: il governo ritira il disegno di legge sul cosiddetto ordine pubblico (cioè il disordine repressivo attuato dallo stato).   **1903** - holland: general strike begins.  **1904** - us: deportation of the british anarchist john turner is argued before the us supreme court, in turner v. williams; rules may 16, that congress has unlimited power to exclude aliens &amp; deport those who have entered in violation of the laws, including philosophical anarchists.   **1908** - canada: emma goldman leaves winnipeg; she is temporarily detained &amp; interrogated at the border by us immigration officials.   **1909** - robert e. peary is the first person credited to reach the north pole. he was accompanied in this sixth attempt by matthew henson (a black guide) &amp; four eskimos.   **1911** - us: emma goldman scheduled to speak in kansas city, missouri, april 6-7. early this month emma also speaks to law students in lincoln, nebraska &amp; lawrence, kansas. she is also scheduled to participate in a debate &amp; speak before a jewish audience in chicago, illinois.  **1914** - us: emma goldman begins an expanded afternoon lecture series on the modern drama in chicago.   playwrights analyzed include british dramatist st. john hankin, welsh author john o. francis, &amp; american dramatists eugene walter &amp; george middleton.  her longtime interest in modern drama results in the book, the social significance of the modern drama, also published this year (boston: richard g. badger, 1914; see also her essay ""the modern drama: a powerful disseminator of radical thought"").  other lectures presented in chicago, april 6-12, include ""our moral censors,"" ""the individual &amp; society,"" ""the hypocrisy of charity,"" ""beyond good &amp; evil,"" ""anarchism &amp; labor"" (in german), &amp; ""the mother strike.""  here emma also befriends margaret anderson, editor of the literary magazine ""little review.""  **1917** - us enters wwi, declares war on germany.   woodrow wilson, elected on an anti-war platform, does an about face.   thousands of americans are suddenly declared ""anti-american.""   thousands of americans are now considered ""traitors"" for opposing a slaughter which leaves 10 million dead.   thousands are now jailed, harassed, tarred &amp; feathered, lynched, forced to get on their knees &amp; kiss the american flag, castrated or killed, etc, by outstanding ""patriots"" — basically for maintaining the original anti-war position which got wilson elected president.   in the name of ""freedom"" the government, police, &amp; vigilantes across the nation destroy printing presses, labor halls &amp; offices, burn books &amp; papers... this, of course, is the war that will ""end all wars.""  **1918** - russia: the french captain jacques sadoul, on a mission here, writes in a report today:  ""the anarchist party is the most active, the most militant of the opposition groups &amp; probably the most popular.... the bolsheviks are anxious.""  voline notes:   &gt;""this influence became so great that the bolsheviks, who could not accept criticism, still less opposition, became seriously disturbed....  &gt;they did their best first to prevent, &amp; then to forbid, any manifestation of libertarian ideas &amp; finally suppressed them by brute force.""  **1919** - bavarian raterepublik declared in opposition to the provisional government. the central council of workers', soldiers' &amp; farmers' councils includes ernst toller, anarchists erich muhsam, gustav landauer &amp; one 'richard maurhut' — the man who became famous as b. traven.   &gt;""what is fame after all? it stinks to hell &amp; heaven. today i am famous. tomorrow perhaps fifty people can still spell my name correctly. day after tomorrow i may starve to death &amp; nobody cares. that's what you call fame.""  **1924** - germany: ""butcher of hanover"" fritz haarmann, with the help of accomplice hans grans, lures his 20th (of 28 victims), a 17-yr. old boy, to his apartment to be killed &amp; possibly butchered for resale, in hanover.   **1928** - bigoted jason compson begins his day (in faulkner's the sound &amp; the fury. ).   &gt;""once a bitch always a bitch, what i say. i says you're lucky if her playing out of school is all that worries you. i says she ought to be down there in that kitchen right now, instead of up there in her room, gobbing paint on her face &amp; waiting for six niggers that can't even stand up out of a chair unless they've got a panful of bread &amp; meat to balance them, to fix breakfast for her.""   **1931** - us: first of the ""scottsboro boys"" trials begins in alabama.   the great crowd assembled before the courthouse, surrounded by state troopers, staged a demonstration of approval with the band playing, ""there'll be a hot time in the old town tonight.""   **1939** - albania: l'esercito dello stato italiano invade. on april 12, una assemblea di notabili albanesi offre la corona di albania a vittorio emanuele iii.   **1942** -  ukraine: the germans murder 1,600 jews of piryatin.   **1949** -  us: truman says he would use a-bombs in defense of us &amp; other democracies.   **1952** - south africa: mass meetings of non-whites to protest against apartheid.   **1953** - us: hot springs, arkansas professional baseball team is voted out of the class c cotton states league after the club refuses to cancel contracts with two black pitchers whose services it had obtained.   **1954** -  us: sen. joseph r. mccarthy (r-wis.) charges newsman edward r. murrow has spread communist propaganda for 20 years.   **1958** -  england: bertrand russell introduces the peace symbol, aldermaston.   **1959** - shooting begins for guy debord's film *on the passage of a few persons through a rather brief period of time.*  **1963** - us: birmingham civil rights demonstrations began on a small scale.... at first there were a few sit-ins at lunch counters &amp; a few arrests.... on saturday, april 6, a group of carefully selected demonstrators marched on city hall.... today about 45 demonstrators are arrested.   &gt;well, i said, ""there must be some man around, there can't be only you dogs in town."" they said, ""sure, we have old bull connor, there he goes, walkin' yonder, throwin' some raw meat to the mayor, feedin' bones to the city council!""  — phil ochs, *talking birmingham jam* (1963)  **1965** - president ""hey, hey! lbj"" johnson authorizes the use of us ground combat troops for offensive operations.   tomorrow he offers north vietnam aid in exchange for peace. north vietnam rejects the offer.  **1967** - germany: tens of thousands protesting vietnam war jeer vice president hubie humphrey in west berlin, west germany.    [continued](http://www.reddit.com/r/anarchism/comments/bmzrc/tdih_april_6th/c0nkiml)",1
179144,"what is it like to teach at an all black school? i will tell you.    until recently i taught at a predominantly black high school in a southeastern state.   the mainstream press gives a hint of what conditions are like in black schools, but only a hint. expressions journalists use like “chaotic” or “poor learning environment” or “lack of discipline” do not capture what really happens. there is nothing like the day-to-day experience of teaching black children and that is what i will try to convey.   one of the most immediately striking things about my students was that they were loud. they had little conception of ordinary decorum. it was not unusual for five students to be screaming at me at once.   it did no good to try to quiet them and white women were particularly inept at trying. i sat in on one woman’s class as she begged the children to pipe down. they just yelled louder so their voices would carry over hers.   they seemed to have no conception of waiting for an appropriate time to say something. they would get ideas in their heads and simply had to shout them out. i might be leading a discussion on government and suddenly be interrupted: “we gotta get more democrats! clinton, she good!” the student may seem content with that outburst but two minutes later, he would suddenly start yelling again: “clinton good!”   anyone who is around young blacks will probably get a constant diet of rap music. blacks often make up their own jingles, and it was not uncommon for 15 boys to swagger into a classroom, bouncing their shoulders and jiving back.   they were yelling back and forth, rapping 15 different sets of words in the same harsh, rasping dialect. the words were almost invariably a childish form of boasting: “who got dem shine rim, who got dem shine shoe, who got dem shine grill (gold and silver dental caps)?” the amateur rapper usually ends with a claim—in the crudest terms imaginable—that all womankind is sexually devoted to him. for whatever reason, my students would often groan instead of saying a particular word, as in, “she suck dat aaahhhh (think of a long grinding groan), she f**k dat aaaahhhh, she lick dat aaaahhh.”   so many black girls dance in the hall, in the classroom, on the chairs, next to the chairs, under the chairs, everywhere. once i took a call on my cell phone and had to step outside of class. i was away about two minutes but when i got back, the girls had lined up at the front of the classroom and were convulsing to the delight of the boys.   many black people, especially women, are enormously fat. some are so fat i had to arrange special seating to accommodate their bulk. i am not saying there are no fat white students—there are—but it is a matter of numbers and attitudes. many black girls simply do not care that they are fat. there are plenty of white anorexics, but i have never met or heard of a black anorexic.   “black women be big mr. jackson,” my students would explain.   “is it okay in the black community to be a little overweight?” i ask. two obese girls in front of my desk begin to dance, “you know dem boys lak juicy fruit, mr. jackson.” “juicy” is a colorful black expression for the buttocks.   blacks, on average, are the most directly critical people i have ever met: “dat shirt stupid. yo’ kid a bastard. yo’ lips big.” unlike whites, who tread gingerly around the subject of race, they can be brutally to the point. once i needed to send a student to the office to deliver a message. i asked for volunteers, and suddenly you would think my classroom was a bastion of civic engagement. thirty dark hands shot into the air. my students loved to leave the classroom and slack off, even if just for a few minutes, away from the eye of white authority. i picked a light-skinned boy to deliver the message. one very black student was indignant: “you pick da half-breed.” and immediately other blacks take up the cry, and half a dozen mouths are screaming, “he half-breed.”   for decades, the country has been lamenting the poor academic performance of blacks and there is much to lament. there is no question, however, that many blacks come to school with a serious handicap that is not their fault. at home they have learned a dialect that is almost a different language. blacks not only mispronounce words; their grammar is often wrong. when a black wants to ask, “where is the bathroom?” he may actually say “whar da badroom be?” grammatically, this is the equivalent of “where the bathroom is?” and this is the way they speak in high school. students write the way they speak, so this is the language that shows up in written assignments.   it is true that some whites face a similar handicap. they speak with what i would call a “country” accent that is hard to reproduce but results in sentences such as “i’m gonna gemme a coke.” some of these country whites had to learn correct pronunciation and usage. the difference is that most whites overcome this handicap and learn to speak correctly; many blacks do not.   most of the blacks i taught simply had no interest in academic subjects. i taught history, and students would often say they didn’t want to do an assignment or they didn’t like history because it was all about white people. of course, this was “diversity” history, in which every cowboy’s black cook got a special page on how he contributed to winning the west, but black children still found it inadequate. so i would throw up my hands and assign them a project on a real, historical black person. my favorite was marcus garvey. they had never heard of him, and i would tell them to research him, but they never did. they didn’t care and they didn’t want to do any work.   anyone who teaches blacks soon learns that they have a completely different view of government from whites. once i decided to fill 25 minutes by having students write about one thing the government should do to improve america. i gave this question to three classes totaling about 100 students, approximately 80 of whom were black. my white students came back with generally “conservative” ideas. “we need to cut off people who don’t work,” was the most common suggestion. nearly every black gave a variation on the theme of “we need more government services.”   my students had only the vaguest notion of who pays for government services. for them, it was like a magical piggy bank that never goes empty. one black girl was exhorting the class on the need for more social services and i kept trying to explain that people, real live people, are taxed for the money to pay for those services. “yeah, it come from whites,” she finally said. “they stingy anyway.”   “many black people make over $50,000 dollars a year and you would also be taking away from your own people,” i said.   she had an answer to that: “dey half breed.” the class agreed. i let the subject drop.   many black girls are perfectly happy to be welfare queens. on career day, one girl explained to the class that she was going to have lots of children and get fat checks from the government. no one in the class seemed to have any objection to this career choice.   surprising attitudes can come out in class discussion. we were talking about the crimes committed in the aftermath of hurricane katrina, and i brought up the rape of a young girl in the bathroom of the superdome. a majority of my students believed this was a horrible crime but a few took it lightly. one black boy spoke up without raising his hand: “dat no big deal. they thought they is gonna die so they figured they have some fun. dey jus’ wanna have a fun time; you know what i’m sayin’?” a few black heads nodded in agreement.   my department head once asked all the teachers to get a response from all students to the following question: “do you think it is okay to break the law if it will benefit you greatly?” by then, i had been teaching for a while and was not surprised by answers that left a young, liberal, white woman colleague aghast. “yeah” was the favorite answer. as one student explained, “get dat green.”   there is a level of conformity among blacks that whites would find hard to believe. they like one kind of music: rap. they will vote for one political party: democrat. they dance one way, speak one way, are loud the same way, and fail their exams in the same way. of course, there are exceptions but they are rare.   whites are different. some like country music, others heavy metal, some prefer pop, and still others, god forbid, enjoy rap music. they have different associations, groups, almost ideologies. there are jocks, nerds, preppies, and hunters. blacks are all— well—black, and they are quick to let other blacks know when they deviate from the norm.   one might object that there are important group differences among blacks that a white man simply cannot detect. i have done my best to find them, but so far as i can tell, they dress the same, talk the same, think the same. certainly, they form rival groups, but the groups are not different in any discernible way. there simply are no groups of blacks that are as distinctly different from each other as white “nerds,” “hunters,” or “goths,” for example.   how the world looks to blacks one point on which all blacks agree is that everything is “racis’.” this is one message of liberalism they have absorbed completely. did you do your homework? “na, homework racis’.” why did you get an f on the test? “test racis’.”   i was trying to teach a unit on british philosophers and the first thing the students noticed about bentham, hobbes, and locke was “dey all white! where da black philosophers’?” i tried to explain there were no blacks in eighteenth century britain. you can probably guess what they said to that: “dat racis’!” one student accused me of deliberately failing him on a test because i didn’t like black people.   “do you think i really hate black people?” “yeah.” “have i done anything to make you feel this way? how do you know?” “you just do.” “why do you say that?”   he just smirked, looked out the window, and sucked air through his teeth. perhaps this was a regional thing, but the blacks often sucked air through their teeth as a wordless expression of disdain or hostility.   my students were sometimes unable to see the world except through the lens of their own blackness. i had a class that was host to a german exchange student. one day he put on a power point presentation with famous german landmarks as well as his school and family.   from time to time during the presentation, blacks would scream, “where da black folk?!” the exasperated german tried several times to explain that there were no black people where he lived in germany. the students did not believe him. i told them germany is in europe, where white people are from, and africa is where black people are from. they insisted that the german student was racist and deliberately refused to associate with blacks.   blacks are keenly interested in their own racial characteristics. i have learned, for example, that some blacks have “good hair.” good hair is black parlance for black-white hybrid hair. apparently, it is less kinky, easier to style, and considered more attractive. blacks are also proud of light skin. imagine two black students shouting insults across the room. one is dark but slim; the other light and obese. the dark one begins the exchange: “you fat, ridario!” ridario smiles, doesn’t deign to look at his detractor, shakes his head like a wobbling top, and says, “you wish you light skinned.”   they could go on like this, repeating the same insults over and over.   my black students had nothing but contempt for hispanic immigrants. they would vent their feelings so crudely that our department strongly advised us never to talk about immigration in class in case the principal or some outsider might overhear.   whites were “racis’,” of course, but they thought of us at least as americans. not the mexicans. blacks have a certain, not necessarily hostile understanding of white people. they know how whites act, and it is clear they believe whites are smart and are good at organizing things. at the same time, they probably suspect whites are just putting on an act when they talk about equality, as if it is all a sham that makes it easier for whites to control blacks. blacks want a bigger piece of the american pie. i’m convinced that if it were up to them they would give whites a considerably smaller piece than whites get now, but they would give us something. they wouldn’t give mexicans anything.   what about black boys and white girls? no one is supposed to notice this or talk about it but it is glaringly obvious: black boys are obsessed with white girls. i’ve witnessed the following drama countless times. a black boy saunters up to a white girl. the cocky black dances around her, not really in a menacing way. it’s more a shuffle than a threat. as he bobs and shuffles he asks, “when you gonna go wit’ me?”   there are two kinds of reply. the more confident white girl gets annoyed, looks away from the black and shouts, “i don’t wanna go out with you!” the more demure girl will look at her feet and mumble a polite excuse but ultimately say no.   there is only one response from the black boy: “you racis’.” many girls—all too many—actually feel guilty because they do not want to date blacks. most white girls at my school stayed away from blacks, but a few, particularly the ones who were addicted to drugs, fell in with them.   there is something else that is striking about blacks. they seem to have no sense of romance, of falling in love. what brings men and women together is sex, pure and simple, and there is a crude openness about this. there are many degenerate whites, of course, but some of my white students were capable of real devotion and tenderness, emotions that seemed absent from blacks—especially the boys.   black schools are violent and the few whites who are too poor to escape are caught in the storm. the violence is astonishing, not so much that it happens, but the atmosphere in which it happens. blacks can be smiling, seemingly perfectly content with what they are doing, having a good time, and then, suddenly start fighting. it’s uncanny. not long ago, i was walking through the halls and a group of black boys were walking in front of me. all of a sudden they started fighting with another group in the hallway.   blacks are extraordinarily quick to take offense. once i accidentally scuffed a black boy’s white sneaker with my shoe. he immediately rubbed his body up against mine and threatened to attack me. i stepped outside the class and had a security guard escort the student to the office. it was unusual for students to threaten teachers physically this way, but among themselves, they were quick to fight for similar reasons.   the real victims are the unfortunate whites caught in this. they are always in danger and their educations suffer. white weaklings are particularly susceptible, but mostly to petty violence. they may be slapped or get a couple of kicks when they are trying to open a bottom locker. typically, blacks save the hard, serious violence for each other.   there was a lot of promiscuous sex among my students and this led to violence. black girls were constantly fighting over black boys. it was not uncommon to see two girls literally ripping each other’s hair out with a police officer in the middle trying to break up the fight. the black boy they were fighting over would be standing by with a smile, enjoying the show he had created. for reasons i cannot explain, boys seldom fought over girls.   pregnancy was common among the blacks, though many black girls were so fat i could not tell the difference. i don’t know how many girls got abortions, but when they had the baby they usually stayed in school and had their own parents look after the child. the school did not offer daycare.   aside from the police officers constantly on campus, security guards are everywhere in black schools—we had one on every hall. they also sat in on unruly classes and escorted students to the office. they were unarmed but worked closely with the three city police officers who were constantly on duty.   there was a lot of drug-dealing at my school. this was a way to make a fair amount of money but it also gave boys power over girls who wanted drugs. an addicted girl—black or white—became the plaything of anyone who could get her drugs.   one of my students was a notorious drug dealer. everyone knew it. he was 19 years old and in eleventh grade. once he got a score of three out of 100 on a test. he had been locked up four times since he was 13.   one day, i asked him, “why do you come to school?”   he wouldn’t answer. he just looked out the window, smiled, and sucked air through his teeth. his friend yidarius ventured an explanation: “he get dat green and get dem females.”   “what is the green?” i asked. “money or dope?” “both,” said yidarius with a smile.   a very fat student interrupted from across the room: “we get dat lunch,” mr. jackson. “we gotta get dat lunch and brickfuss.” he means the free breakfast and lunch poor students get every day. “*****, we know’d you be lovin’ brickfuss!” shouts another student.   some readers may believe that i have drawn a cruel caricature of black students. after all, according to official figures some 85 percent of them graduate. it would be instructive to know how many of those scraped by with barely a c- record. they go from grade to grade and they finally get their diplomas because there is so much pressure on teachers to push them through. it saves money to move them along, the school looks good and the teachers look good.   many of these children should have been failed but the system would crack under their weight if they were all held back.   how did my experiences make me feel about blacks? ultimately, i lost sympathy for them. in so many ways they seem to make their own beds. there they were in an integrationist’s fantasy—in the same classroom with white students, eating the same lunch, using the same bathrooms, listening to the same teachers—and yet the blacks fail while the whites pass.   one tragic outcome among whites who have been teaching for too long is that it can engender something close to hatred. one teacher i knew gave up fast food—not for health reasons but because where he lived most fast-food workers were black. he had enough of blacks on the job. this was an extreme example but years of frustration can take their toll. many of my white colleagues with any experience were well on their way to that state of mind.   there is an unutterable secret among teachers: almost all realize that blacks do not respond to traditional white instruction. does that put the lie to environmentalism? not at all. it is what brings about endless, pointless innovation that is supposed to bring blacks up to the white level. the solution is more diversity—or put more generally, the solution is change. change is an almost holy word in education, and you can fail a million times as long as you keep changing. that is why liberals keep revamping the curriculum and the way it is taught. for example, teachers are told that blacks need hands-on instruction and more group work.   teachers are told that blacks are more vocal and do not learn through reading and lectures. the implication is that they have certain traits that lend themselves to a different kind of teaching.   whites have learned a certain way for centuries but it just doesn’t work with blacks. of course, this implies racial differences but if pressed, most liberal teachers would say different racial learning styles come from some indefinable cultural characteristic unique to blacks. therefore, schools must change, america must change. but into what? how do you turn quantum physics into hands-on instruction or group work? no one knows, but we must keep changing until we find something that works.   public school has certainly changed since anyone reading this was a student. i have a friend who teaches elementary school and she tells me that every week the students get a new diversity lesson, shipped in fresh from some bureaucrat’s office in washington or the state capital. she showed me the materials for one week: a large poster, about the size of a forty-two inch flat-screen television. it shows an utterly diverse group—i mean diverse: handicapped, muslim, jewish, effeminate, poor, rich, brown, slightly brown, yellow, etc.—sitting at a table, smiling gaily, accomplishing some undefined task. the poster comes with a sheet of questions the teacher is supposed to ask. one might be: “these kids sure look different, but they look happy. can you tell me which one in the picture is an american?”   some eight-year-old, mired in ignorance, will point to a white child like himself. “that one.”   the teacher reads from the answer, conveniently printed along with the question. “no, billy, all these children are americans. they are just as american as you.”   this is what happens at predominately white, middle-class, elementary schools everywhere. elementary school teachers love all of the colors of the race, by award-winning children’s poet arnold adoff.   these are some of the lines they read to the children: “mama is chocolate … daddy is vanilla … me (sic) is better … it is a new color. it is a new flavor. for love. sometimes blackness seems too black for me, and whiteness is too sickly pale; and i wish every one were golden. remember: long ago before people moved and migrated, and mixed and matched … there was one people: one color, one race. the colors are flowing from what was before me to what will be after. all the colors.”   teaching as a career it may come as a surprise after what i have written, but my experiences have given me a deep appreciation for teaching as a career. it offers a stable, middle-class life but comes with the capacity to make real differences in the lives of children. in our modern, atomized world children often have very little communication with adults—especially, or even, with their parents—so there is potential for a real transaction between pupil and teacher, disciple and master.   a rewarding relationship can grow up between an exceptional, interested student and his teacher. i have stayed in my classroom with a group of students discussing ideas and playing chess until the janitor kicked us out. i was the old gentleman, imparting my history, culture, personal loves and triumphs, defeats and failures to young kinsman. sometimes i fancied myself tyrtaeus, the spartan poet, who counseled the youth to honor and loyalty. i never had this kind intimacy with a black student, and i know of no other white teacher who did.   teaching can be fun. for a certain kind of person it is exhilarating to map out battles on chalkboards, and teach heroism. it is rewarding to challenge liberal prejudices, to leave my mark on these children, but what i aimed for with my white students i could never achieve with the blacks.   there is a kind of child whose look can melt your heart: some working-class castaway, in and out of foster homes, often abused, who is nevertheless almost an angel. your heart melts for these children, this refuse of the modern world.   many white students possess a certain innocence; their cheeks still blush. try as i might, i could not get the blacks to care one bit about beethoven or sherman’s march to the sea, or tyrtaeus, or oswald spengler, or even liberals like john rawls, or their own history. they cared about nothing i tried to teach them. when this goes on year after year it chokes the soul out of a teacher, destroys his pathos, and sends him guiltily searching for the bell curve on the internet.   blacks break down the intimacy that can be achieved in the classroom, and leave you convinced that that intimacy is really a form of kinship. without intending to, they destroy what is most beautiful—whether it be your belief in human equality, your daughter’s innocence, or even the state of the hallway.   just last year i read on the bathroom stall the words “f**k whitey.” not two feet away, on the same stall, was a small swastika.   the national council for the social studies, the leading authority on social science education in the united states, urges teachers to inculcate such values as equality of opportunity, individual property rights, and a democratic form of government. even if teachers could inculcate this milquetoast ideology into whites, liberalism is doomed because so many non-whites are not receptive to education of any kind beyond the merest basics.   it is impossible to get them to care about such abstractions as property rights or democratic citizenship. they do not see much further than the fact that you live in a big house and “we in da pro-jek.” of course, there are a few loutish whites who will never think past their next meal and a few sensitive blacks for whom anything is possible, but no society takes on the characteristics of its exceptions.   once i asked my students, “what do you think of the constitution?” “it white,” one slouching black rang out. the class began to laugh. and i caught myself laughing along with them, laughing while pompeii’s volcano simmers, while the barbarians swell around the palatine, while the country i love, and the job i love, and the community i love become dimmer by the day.   i read a book by an expatriate rhodesian who visited zimbabwe not too many years ago. traveling with a companion, she stopped at a store along the highway. a black man materialized next to her car window. “job, boss, (i) work good, boss,” he pleaded. “you give job.”   “what happened to your old job?” the expatriate white asked. the man replied in the straightforward manner of his race: “we drove out the whites. no more jobs. you give job.”   at some level, my students understand the same thing. one day i asked the bored, black faces staring back at me. “what would happen if all the white people in america disappeared tomorrow?”   “we screwed,” a young, pitch-black boy screamed back. the rest of the blacks laughed.   i have had children tell me to my face as they struggled with an assignment. “i cain’t do dis,” mr. jackson. “i black.”   the point is that human beings are not always rational. it is in the black man’s interest to have whites in zimbabwe but he drives them out and starves. most whites do not think black americans could ever do anything so irrational. they see blacks on television smiling, fighting evil whites, embodying white values. but the real black is not on television, and you pull your purse closer when you see him, and you lock the car doors when he swaggers by with his pants hanging down almost to his knees.    i have been in parent-teacher conferences   that broke my heart: the child   pleading with his parents to take him   out of school; the parents convinced   their child’s fears are groundless. if you   love your child, show her you care—   not by giving her fancy vacations or a   car, but making her innocent years safe   and happy. give her the gift of a not-heavily black   school.      i now teach at a majority-white school.",1
114820,white supremacist sentenced in okc killing,1
122029,"how the ny times covered white, male vp’s before kamala harris",1
667639,the family carries on the legacy of 'the man in black': johnny cash's family tells white supremacists to get johnny's name out of their mouth,1
668198,"second **a list of every racial slur:**  abbie, abe, abie  abc  abcd  abid/abeed  abo/abbo  afro engineering, african engineering or nigger rigging  ali baba  alligator bait / gator bait  ang mo  ann  annamite  ape  apple  arabush **(ערבוש)**  armo  aseng  aunt jemima / aunt jane / aunt mary / aunt sally  ayrab/a-rab  bamboula  balija  banana  beaner / beaney  bluegum  boche / bosche / bosch  boeotian  boerehater / boer-hater / boer hater  bog irish / bogtrotter / bog-trotter  bohunk  boong / bong / bung  boonga / boong / bunga / boonie  bootlip  bougnoule  bounty bar  bozgor  brownie  buddhahead  buckra, bakra  bule  burrhead / burr-head / burr head  cabbage eater  camel jockey  carcamano  chankoro  charlie  chee-chee, chi-chi  cheesehead  cheese-eating surrender monkey  chefur (čefur)  chernozhopy  chilote  ching chong  chinaman  chink  chinky  chonky  christ-killer  choc-ice  cholo  chug  chukhna   churka чурка  ciapaty or ciapak  cina/cokin  **coconut**  coolie  coon  coonass, or coon-ass  cracker  crow  curry-muncher  cushi, also spelled kushi (כושי)  dago, dego  dalit  dal khor  darky / darkey / darkie  dink  dogan, dogun  dothead, dot  dune coon  eight ball  eyetie  farang  fenian  feuj  flip  fritz  frog, froggy, frogeater  fuzzy-wuzzy  gabacho  gaijin   gammon   gans   gin  gin jockey  golliwog  gook, gook-eye, gooky  goy, goyim, goyum  grago or gragok (shrimp)  greaseball, greaser  gringo  groid  gub, gubba  guiri  guizi  guido  guinea, ginzo  gweilo, gwailo, or kwai lo (鬼佬)  gyopo, kyopo (교포)  gypsy, gyppo, gippo, gypo, gyppie, gyppy, gipp  hairyback  hajji, hadji, haji  half-breed  haole  heeb, hebe  hick  hike  hillbilly  honky also spelled ""honkey"" or ""honkie""  hori  hun  hunky, hunk  hymie  ikey / ike / iky  ikey-mo / ikeymo  indon  indognesial / indonesial  inyenzi  injun  jakun  jap  japie, yarpie  jerry  jewboy  jigaboo, jiggabo, jigarooni, jijjiboo, zigabo, jig, jigg, jigga, jigger  jim crow  jock, jocky, jockie  jungle bunny  kaffir, kaffer, kaffir, kafir, kaffre, kuffar  kaffir boetie  kalar  kalia, kalu, kallu  kanaka  kanake  kano  katsap or kacap or kacapas  kaouiche or kawish  kebab  keling  kharkhuwa  khokhol   kike or kyke  kimchi  knacker  kolorad  kraut  labas  laowai 老外  lebo, leb  limey  locust (蝗蟲)  lubra  lugan  mabuno/mahbuno  madrasi  mayonnaise monkey  macaca  majus (مجوس)  malakh-khor (ملخ خور)  malaun  malon  malingsia / malingsial / malingsialan  mangal / mango / mangasar   mau-mau  mayate  mick  momo/momos  moon cricket/mooncricket  mormon  moskal  mountain turk  mulignan/mulignon/moolinyan  munt  mzungu  nawar  nere   niakoué  niglet  nig-nog or nignog  nigger / niger / nig / nigor / nigra / nigre (caribbean) / nigar / niggur / nigga / niggah / niggar / nigguh / niggress / nigette  nip  nitchie / neche / neechee / neejee / nichi / nichiwa / nidge / nitchee / nitchy  non-pri, from non-pribumi  northern monkey  nusayri  ofay  oláh  oreo  oven dodger  overner  paddy  paki, pakkis, pak  palagi  paleface  pancake face, pancake  pastel de flango  peckerwood  pepper or pepsi  petrol sniffer  pickaninny  piefke  pikey / piky / piker  plastic paddy  pocho / pocha  polack, polak, polock  polaco  polentone  pom, pohm, pommy, pommie, pommie grant  porch monkey  portagee  potet  prairie nigger  prod  pshek  quashie  raghead  rastus  razakars  redlegs  redneck  redskin  rosuke, roske  rooinek  roto  roundeye  russki  rusnya  sambo  sand nigger  sassenach  sawney  scandihoovian  seppo, septic  schvartse, schwartze  sheeny  sheep shagger  shegetz  shelta  shiksa (yiddish)  shine  shiptar (šiptar)  shkije  shkutzim (yiddish, plural)  shylock  sideways vagina/pussy/cooter  skinny  skopianoi  skip, skippy  slant, slant–eye  slope, slopehead, slopy, slopey, sloper  snow nigger  smoked irish / smoked irishman  soosmar-khor  sooty  lizard eater  southern faerie, southern fairy  soutpiel  spade  spearchucker  spic, spick, spik, spig, or spigotty  spook  squarehead  squaw  swamp guinea  tacohead  taffy or taff  taig (also teague, teg and teig)  tar-baby  teapot  terrone  teuchter  thicklips  timber nigger  ting tong  tinker / tynekere / tinkere / tynkere, -are / tynker / tenker / tinkar / tyncar / tinkard / tynkard / tincker  toad  towel head  touch of the tar brush  turco-albanian  turk  twinkie  ukrop  uncle tom  vatnik  wagon burner   wasi'chu or wasichu  west brit  white ears  white interloper  west islander  wetback  wigger / whigger / wigga (white nigger)  white trash  whitey  wog  wop  xiao riben  yam yam  yanacona  yank  yankee  yellow  yellow bone  yid  yuon  zip, zipperhead",1
796830,"filter racism and slurs to modqueue. ---          # slur removal x2         type: any         title+body (regex): [""(?!homo\\w?sapien)homosb?\\"", ""(dot|rag|towel)\\w?heads?"", ""(p[0o]rch|sand)\\w?m[0o]nk(ey|ie|y)s?"", ""(p[0o]rch|sand)\\w?nigg(er|r|a|let)s?"", ""(ph|f)[@a]gg?([e0aio]t|oted|otry)?s?"", ""(re|fuck|jerk|lib|republi)?(?&lt;!bas)tard(s|ed(ly)?)?"", ""(shit|mud)\\w?skins?"", ""ape\\w?fricans?"", ""beane[ry]s?"", ""beetusbehemoths?"", ""boot\\w?lips?"", ""bundle of (billets|sticks|wood)"", ""chimpires?"", ""china\\w?m[ae]n"", ""chinks?"", ""christ\\w?killers?"", ""cock\\w?suckers?"", ""coons?(y|i?e?s?|er)"", ""cuck(old)?s?"", ""cunts?y?"", ""dark(e?y|ies?)"", ""dind[ou]s?"", ""dune\\w?coone?r?s?"", ""fag(g?[ioe]tt?)?(ry|s)?"", ""fat\\w?fucks?"", ""femi\\w?nazis?"", ""fuck\\w?(wit(?!h)s?|tards?)"", ""fuck\\w?boys?"", ""fucking\\w?(whores?)"", ""fupas?"", ""g(ooks?|00ks?)"", ""gays?(est|ly|er)"", ""gaywads?"", ""ghey"", ""gooks?"", ""goy(im)?s?"", ""groids?"", ""h[i!¡y]mies?"", ""half\\w?breeds?"", ""happy\\w?merchants?"", ""heebs?"", ""high\\w?yellows?"", ""holo\\w?hoaxe?s?"", ""honk(ie|ey|y)s?"", ""j[!i]gg?[aer]+(boo?s?|b00?s?)"", ""jew\\w?(tubes?|nited)"", ""jig\\w?apes?"", ""jigg?[aer]+(b[0o]ing)"", ""juden"", ""jungle\\w?bunn(y|ie)?s?"", ""k[iy]+kes?"", ""kkk"", ""klan"", ""lady\\w?boys?"", ""lesbos?"", ""mignorants?"", ""mongoloids?"", ""moon\\w?crickets?"", ""mud\\w?(child(ren)?|skin)s?"", ""muslimes?"", ""n[1!i]gs?-?(?!ht)"", ""n[i!j1e]+gg?(rs?|ett?e?s?|lets?|ress?e?s?|r[a0oe]s?|[ie@ao0!]rs?|r[o0]ids?|ab[o0]s?|erest)"", ""n[i1][g6][g6]?(?!ht)([e3]r)?(n[o0]g|l[e3]t|r[e3][s5][s5])?([e3]?[s5])?"", ""nambla"", ""nig\\w?town"", ""nigg(er|r|r?a|lett?)s?z?(?!ht)"", ""nigg?[aeoi]s?"", ""nig(gs?|s)"", ""obeasts?"", ""paki(?!stan)"", ""pike?(ys?|ies)"", ""puss(y|ies?)"", ""queer\\w?bags?"", ""shee?\\w?boons?"", ""shemales?"", ""shit\\w?(bag|dick|lord)s?"", ""shoahs?"", ""spear\\w?chuckers?"", ""suspooks?"", ""tarbab(ys?|ies?)"", ""wet\\w?backs?"", ""whore\\w?mouth""]         ~title+body (includes-word): [""sp[ii]c"", ""despicable"", ""spoon"", ""suspicion"", ""suspiciously"", ""spike"", ""spikes"", ""inconspicuous"", ""spicy""]         action: filter         action_reason: ""slur: [{{match}}]""     ---     type: any     title+body(includes): [clogwog, darkie, darky, datnigga, fuckwhore, fudgepacker, japcrap, jigaboo, jiggabo, jiggy, jijjiboo, jimfish, junglebunny, kaffer, kaffir, kaffre, kafir, kanake, kigger, kike, heeb, hindoo, kyke, koon, kraut, nastyho, nastyslut, nastywhore, nigga, niggah, niggards, niggaz, nigger, niggerhead, niggerhole, niggers, nigger's, niggor, nigguh, niggur, niglet, nignog, nigr, nigra, ontherag, poon, poontang, poorwhitetrash, popimp, porchmonkey, pornprincess, kkk, polack, pom, pommie, pommy, sandnigger, whitenigger, whop, whorefucker, wigger, wop, zigabo, zipperhead, trisexual, whigger, skankbitch, skankfuck, skankwhore, skanky, skankybitch, skankywhore, mulatto, fuckpig, cockcowboy, cameljockey, carpetmuncher, nudger, shitdick, sooty, spaghettibender, spaghettinigger, twobitwhore, towelhead, tuckahoe, unfuckable, spermherder, spic, spick, spig, spigotty, spik, hymie, roundeye, raghead, russki, russkie, slopehead, slutting, slutwear, cockqueen, piker, pikey, piky, wetback, snownigger, puntang, tarbaby, timbernigger, mufflicker, muncher, cuntlick, cuntlicker, cuntlicking, fannyfucker, dyke, faggot, fag, fagot, fag0t, fatfuck, fatfucker, wetback]     ~title+body: [suspicious, despicable, suspicion, spoon, spike, spikes, inconspicuous, lampooning, spicy]     action: filter     action_reason: ""racism: [{{match}}]""     ---",1
305533,racism needs to stop!! this is disgusting and disrespectful.. i am a white person my self and think that this is ridiculous for someone to have the audacity to say things like this. [deleted],1
224607,white and black girls for sex here sn_9_j7me8x_,1
578936,"a list of every racial slur, according to wikipedia abbie   abe   abie   abc   abcd   abeed   abid   abbo   abo   african engineering   afro engineering   ali baba   alligator bait   ann   annamite   ape   apple   a-rab   arabush   armo   aunt jane   aunt jemima   aunt mary   aunt sally   ayrab   bamboula   banana   beaner   beaney   bluegum   boche   boeotian   boerehater   boer hater   boer-hater   bog irish   bogtrotter   bog-trotter   bohunk   bong   boong   boonga   boonie    bootlip     bosche   bosch   bougnoule   bounty bar   bozgor   brownie   buddhahead   bule   bung   bunga   burrhead   burr head   burr-head   cabbage eater   camel jockey   chankoro   charlie   chee-chee   cheese-eating surrender monkey   cheesehead   chefur   chernozhopy   chi-chi   chilote   chinaman   ching chong   chink     choc-ice   cholo   chonky   christ-killer   chug   chunger   chunky   churka   ciapak   ciapaty   cina   coconut   cokie   coolie   coon   coonass   coon-ass   cracker   crow   curry-muncher   cushi   dago   dal khor   darkey   darkie   darky   dego   dink   dogan   dogun   dot   dothead   dune coon   eight ball   eyetie   farang   fenian   feuj   flip   fob   fritz   frog   frogeater   froggy   fuzzy-wuzzy   gaijin   gammon   gans   gator bait   gin   ginzo   gipp   gippo   golliwog   gook   gook-eye   gooky   gora   goy   goyim   goyum   greaseball   greaser   gringo   groid   gub   gubba   guido   guizi   guinea   gwailo   gweilo   gyopo   gyp   gypo   gyppie   gyppo   gyppy   gypsy (sometimes)   hairyback   hadji   haji   hajji   half-breed   haole   hebe   heeb   hike   hillbilly   honkey   honkie   honky   hori   hun   hunk   hunky   hymie   ike   ikey   ikeymo   ikey-mo   iky   indon   injun   jakun   jap   japie   jerry   jewboy   jig   jigaboo   jigarooni   jigg   jigga   jiggabo   jigger   jijjiboo   jim crow   jock   jockie   jocky   jungle bunny   kacap   kacapas   kafer   kaffer   kaffir   kaffir boetie   kaffre   kalar   kanaka   kanake   kano   katsap   kebab   keling   kharkhuwa   khokhol   kike   kimchi   knacker   kolorad   kraut   kuffar   kushi   kwai lo   kyke   kyopo   labas   laowai   lebo   limey   lubra   lugan   mabuno   macaca   mahbuno   majus   malakh-khor   malaun   malon   malingsia   malingsial   malingsialan   mau-mau   mick   moolinyan   mooncricket   moon cricket   moskal   mulignan   mulignon   munt   mzungu   nawar   neche   neechee   neejee   nere   niakoué   nichi   nichiwa   nidge   nig   nigar   niger   nigette   nigga   niggah   niggar   nigger   nigger rigging   niggress   niggur   niglet   nignog   nig-nog   nip   nitchee   nitchie   nitchy   non-pri   northern monkey   nusayri   oláh   oreo   oven dodger   overner   paddy   pak   paki   palagi   paleface   pancake   pancake face   peckerwood   pepper   pepsi   pickaninny   piefke   piker   pikey   piky   plastic paddy   pocha   pocho   pohm   polack   polak   polaco   polentone   pom   pommie   pommie grant   pommy   porch monkey   portagee   prairie nigger   pshek   quashie   raghead   rastus   razakars   redlegs   redneck   redskin   roske   rosuke   rooinek   roto   roundeye   russki   rusnya   sambo   sand nigger   sassenach   sawney   scandihoovian   schvartse   schwartze   seppo   septic   sheeny   sheep shagger   shegetz   shelta   shiksa   shine   shiptar   shkije   shkutzim   shylock   sideways cooter   sideways pussy   sideways vagina   skinny   skip   skippy   skopianoi   slant   slant-eye   slope   slopehead   sloper   slopey   slopy   smoked irish   smoked irishman   soosmar-khor   sooty   southern faerie   southern fairy   soutpiel   spade   spearchucker   spic   spick   spig   spigotty   spik   spook   squarehead   squaw   swamp guinea   tacohead   taff   taffy   taig   tar baby (when used against black people, can also refer to a sticky situation)   teague   teapot   teg   teig   tenker   terrone   teuchter   thicklips   timber nigger   tincker   ting tong   tinkar   tinkard   tinker   tinkere   toad   tork-e khar   towel head   touch of the tar brush   turco-albanian   turk   turkalvanoi   twinkie   tyncar   tynekere   tynkard   tynkare   tynker   tynkere   ucrop   uncle tom   vatnik   wasp   west islander   wetback   whigger   wigga   wigger   white trash   whitey   wog   wop   xiao riben   yam yam   yank   yankee   yarpie   yellow   yid   yuon   zigabo   zip   zipperhead    ^^^^^don't ^^^^^report ^^^^^me, ^^^^^please.",1
872805,23. [selling]. white girl. let's enjoy this new year together. sext. lingerie. vids. cam. findom. sc britanybrach23. telegram/kik bribrach. ready to be my boy?,1
767586,"there is a movement to ""create new hong kong's"" in developing countries. isn't that colonialism? wouldn't such places deep down be recreating the racist hitlercaust that was the british empire? [xpost r/chartercities]",1
143281,"a list of every racial slur **a list of every racial slur:**  abbie, abe, abie  abc  abcd  abid/abeed  abo/abbo  afro engineering, african engineering or nigger rigging  ali baba  alligator bait / gator bait  ang mo  ann  annamite  ape  apple  arabush **(ערבוש)**  armo  aseng  aunt jemima / aunt jane / aunt mary / aunt sally  ayrab/a-rab  bamboula  balija  banana  beaner / beaney  bluegum  boche / bosche / bosch  boeotian  boerehater / boer-hater / boer hater  bog irish / bogtrotter / bog-trotter  bohunk  boong / bong / bung  boonga / boong / bunga / boonie  bootlip  bougnoule  bounty bar  bozgor  brownie  buddhahead  buckra, bakra  bule  burrhead / burr-head / burr head  cabbage eater  camel jockey  carcamano  chankoro  charlie  chee-chee, chi-chi  cheesehead  cheese-eating surrender monkey  chefur (čefur)  chernozhopy  chilote  ching chong  chinaman  chink  chinky  chonky  christ-killer  choc-ice  cholo  chug  chukhna   churka чурка  ciapaty or ciapak  cina/cokin  **coconut**  coolie  coon  coonass, or coon-ass  cracker  crow  curry-muncher  cushi, also spelled kushi (כושי)  dago, dego  dalit  dal khor  darky / darkey / darkie  dink  dogan, dogun  dothead, dot  dune coon  eight ball  eyetie  farang  fenian  feuj  flip  fritz  frog, froggy, frogeater  fuzzy-wuzzy  gabacho  gaijin   gammon   gans   gin  gin jockey  golliwog  gook, gook-eye, gooky  goy, goyim, goyum  grago or gragok (shrimp)  greaseball, greaser  gringo  groid  gub, gubba  guiri  guizi  guido  guinea, ginzo  gweilo, gwailo, or kwai lo (鬼佬)  gyopo, kyopo (교포)  gypsy, gyppo, gippo, gypo, gyppie, gyppy, gipp  hairyback  hajji, hadji, haji  half-breed  haole  heeb, hebe  hick  hike  hillbilly  honky also spelled ""honkey"" or ""honkie""  hori  hun  hunky, hunk  hymie  ikey / ike / iky  ikey-mo / ikeymo  indon  indognesial / indonesial  inyenzi  injun  jakun  jap  japie, yarpie  jerry  jewboy  jigaboo, jiggabo, jigarooni, jijjiboo, zigabo, jig, jigg, jigga, jigger  jim crow  jock, jocky, jockie  jungle bunny  kaffir, kaffer, kaffir, kafir, kaffre, kuffar  kaffir boetie  kalar  kalia, kalu, kallu  kanaka  kanake  kano  katsap or kacap or kacapas  kaouiche or kawish  kebab  keling  kharkhuwa  khokhol   kike or kyke  kimchi  knacker  kolorad  kraut  labas  laowai 老外  lebo, leb  limey  locust (蝗蟲)  lubra  lugan  mabuno/mahbuno  madrasi  mayonnaise monkey  macaca  majus (مجوس)  malakh-khor (ملخ خور)  malaun  malon  malingsia / malingsial / malingsialan  mangal / mango / mangasar   mau-mau  mayate  mick  momo/momos  moon cricket/mooncricket  mormon  moskal  mountain turk  mulignan/mulignon/moolinyan  munt  mzungu  nawar  nere   niakoué  niglet  nig-nog or nignog  nigger / niger / nig / nigor / nigra / nigre (caribbean) / nigar / niggur / nigga / niggah / niggar / nigguh / niggress / nigette  nip  nitchie / neche / neechee / neejee / nichi / nichiwa / nidge / nitchee / nitchy  non-pri, from non-pribumi  northern monkey  nusayri  ofay  oláh  oreo  oven dodger  overner  paddy  paki, pakkis, pak  palagi  paleface  pancake face, pancake  pastel de flango  peckerwood  pepper or pepsi  petrol sniffer  pickaninny  piefke  pikey / piky / piker  plastic paddy  pocho / pocha  polack, polak, polock  polaco  polentone  pom, pohm, pommy, pommie, pommie grant  porch monkey  portagee  potet  prairie nigger  prod  pshek  quashie  raghead  rastus  razakars  redlegs  redneck  redskin  rosuke, roske  rooinek  roto  roundeye  russki  rusnya  sambo  sand nigger  sassenach  sawney  scandihoovian  seppo, septic  schvartse, schwartze  sheeny  sheep shagger  shegetz  shelta  shiksa (yiddish)  shine  shiptar (šiptar)  shkije  shkutzim (yiddish, plural)  shylock  sideways vagina/pussy/cooter  skinny  skopianoi  skip, skippy  slant, slant–eye  slope, slopehead, slopy, slopey, sloper  snow nigger  smoked irish / smoked irishman  soosmar-khor  sooty  lizard eater  southern faerie, southern fairy  soutpiel  spade  spearchucker  spic, spick, spik, spig, or spigotty  spook  squarehead  squaw  swamp guinea  tacohead  taffy or taff  taig (also teague, teg and teig)  tar-baby  teapot  terrone  teuchter  thicklips  timber nigger  ting tong  tinker / tynekere / tinkere / tynkere, -are / tynker / tenker / tinkar / tyncar / tinkard / tynkard / tincker  toad  towel head  touch of the tar brush  turco-albanian  turk  twinkie  ukrop  uncle tom  vatnik  wagon burner   wasi'chu or wasichu  west brit  white ears  white interloper  west islander  wetback  wigger / whigger / wigga (white nigger)  white trash  whitey  wog  wop  xiao riben  yam yam  yanacona  yank  yankee  yellow  yellow bone  yid  yuon  zip, zipperhead",1
114120,"today, we drunkenly celebrate a new year and five national holidays. thank you so much, cuba, haiti, slovakia, sudan, and taiwan! ***psa - polandball events can only be viewed on the [old reddit desktop site.](https://old.reddit.com/r/polandball/comments/eib00w/today_we_drunkenly_celebrate_a_new_year_and_five/#red-text)***  ---  ##welcome to the new year!  ---  today is well known as the first day of the new year in the gregorian calendar, in which countries around the globe host a variety of celebrations to signal the coming of 365 (or in this year's case, 366) days under a new annual label: 2020. however, january 1st is also a time of national celebration for not one, not two, but **five different countries!** each has their own national days with distinct celebrations of particular events important to their national history.  here are those five countries and their respective national days:  * **cuba** celebrates **liberation day**, which commemorates **the overthrow of the bautista regime in 1959 and the subsequent establishment of the communist government in the wake of the cuban revolution.** the communist government still rules the country to this day, albeit with changing constitutions.  * **haiti** celebrates **haitian independence day**, which commemorates **the declaration of independence from france in 1804 and the end of the haitian revolution.** the revolution was the most widely successful slave revolt, and the only successful one in the western hemisphere.  * **slovakia** celebrates **slovakian independence day**, which commemorates **the dissolution of czechoslovakia and the establishment of slovakia as an independent country in 1993.** known as the velvet divorce, it was by far the most peaceful split of a country during the 1990s when the ussr and yugoslavia also had dissolved at similar times.  * **sudan** celebrates **sudanese independence day**, which commemorates **the declaration of independence from both the united kingdom and the republic of egypt in 1956.** sudan's independence would make it the largest african country until south sudan's independence in 2011.  * **taiwan** celebrates **the founding day of the republic of china,** which commemorates **the establishment of the provisional government during the xinhai revolution in the year 1912.** taiwan uses its own calendar, with months and days still numbered according to the gregorian calendar but the year is based on the years since the founding of the republic, meaning it is now year 109 in taiwan.  so alongside the new year celebrations, these five countries—all with distinct cultures, histories, and celebrations—will observe the dates significant to their country the most as well, where the foundations for their modern presence were laid.  ---  many thanks go to...  /u/jackson_games_cb   /u/thesnipenieer   /u/stopinfidel   /u/battlepig101   /u/hexcodeblue   /u/pomik108   /u/moveelit   /u/callum25000   /u/pescavelhotheidle   /u/bluesydinosaur  ...for carrying out this event, and a very special thanks to /u/barskie for using their powerful css skills to make this event possible!  ---  for a special gift, everyone has been given a resolution added to their username. you must comply to complete those resolutions, no questions asked.  to join in on the new year and national celebrations, simply add two hashes (##) at the beginning of the row, like this:  ##have a very happy 2020!",1
708142,vines: nigga shut the fuck up,1
232546,"your career: racist novelist *i don't know what a chimpout is and i cannot figure out how/why this kind of thinking is still apparently thriving in a subculture somewhere in the united states. is the story made up or real? to me it sounds like some racist adolescent fantasy.*  http://www.chimpout.com/forum/showthread.php?166378-i-witnessed-a-chimpout  i witnessed a decent coontact and the thorough ass whipping of two she-boons this morning in the wal-mart parking lot.   as i was leaving, i noticed two gorgeous cowgirls neither of whom i bet weighed more than a hundred pounds, (they did their wranglers justice). well the annoying booming of a nigger stereo system in a hoopty interrupted the view.  out steps one huge blaaack she-boon, who weighs no less than three hundred pounds. it walks over and grabs the cart from which the humans are still unloading. you could tell by the look on the nigresses prognathic face that it intended conflict.  this was a huge contrast in aesthetics, the beauty of the human female and the absolute gruesomeness of the nigger brood sow.  if you are familiar with the wrath of the human woman when an error has been committed against her you would have known that the change on their faces was not that of folks about to take flight.   the first human says to the groid, “you cannot have my bananas”, (pretty clever i thought), the spook chimpsout, from what i could make out it says  “whachu oo’ said white bitch, ook eek…”  the other she-boon gets out of the car, which i notice, rises about six inches when she unloads her fat ass and begins a hurried waddle toward the cowgirls. the offending sow takes a swing at the cowgirl. now what sticks in my mind is this brightly colored ark created by her overly long painted claws supported by triceps fat.  now the cool part,   the cowgirl steps up to meet the punch, catches the sow by the wrist, and assists the follow through with a pull. wham-o nigger face plant into the cart rack, the sow is down but still running her sewer.  i then hear this familiar zip and click followed by groid speak which i could not make out, sorry as i am sure it was amusing; the second she-boon whips open a collapsible baton and heads for the first cowgirl.  the second cowgirl moves swiftly and lithely (these gals really did look great in their jeans and boots) around the truck and intercepts the second sow with a well placed stomp to the knee, i felt the pop.   the first is bleeding from a cut from her lip or neck fat…i dunno from some fold of damaged fat in her head neck area and the second is on the ground grunting and hollering.  just then a nigger loving security guard comes tear assing up to the scene jumps out of his truck and starts accusing the humans of all sorts of shit.  i intercede  i ask him if he saw the assault  he says “no”  i tell him to “shut the fuck up and call the cops”  he does, they show up, as does an ambulance   everyone is questioned and surprise, surprise one of the she-boons has warrants.   the cops told me that the chimpout was on tape and that the occurrence was not uncommon especially during “nigger mumf” (his words)   what was kind of neat about this was since both gals had been riding they still had on their spurs (and drove) while the ass whooping was under way you could hear the jiggling and jangling of the rawls like tiny bells accompanying a vigorous dance in which niggers provided the floor material.",1
464894,"white people going crazy in thier church, i really don't know what else to say...",1
315570,ebony milf fucked by two white boys brazzers - horny yoursexybella perfect morning before breakfast mmm very wet pussy,1
272033,people on the left are perfectly fine with accusing someone of being racist or sexist just because their white males or because they made a simple joke but then celebrate an evil dictators life ( fidel castro ) [removed],1
952558,"one of my favorite scriptures the big league interceptor commonly known as tyrone smooth made unjust advances in council reunification. he slowly, a gradual pace, began to produce several manuscripts of hard-glaze significance, and at which he proceeded to bend over and plop each manuscript violently down his pants, and into his very own paper-thin panties, all the way up his asshole pipe. this action was enough for all council members within the room to immediately attack the fucklet joe and smash his skull through a near-by fireplace mantle. good riddens, and bring the glaze back! you want a fucking guarillas hands to surround your ass-cheeks as you ride ontop of the hairy motherfucker, he slapping his massive rod of justice into your assring of chocolate proportions? i'm just ur average joe, plowing nigger hoes and shooting freethrows in basket holes. making sweet dough and so in control. i'm so dope. ""i be fucking smashing the hoes face in like casseroles and eating that hoes holes while she brains be draining from her other hole."" - a disturbing description of a fucker joe account discovered by hardglaze investigators in a torn up journal. ""i be glidin me pole into the mans butthole and tasting the shithole toilet bowl gloryhole. it a fine thing to seek."" -- a confession of fucker joe in the interrogation room, heard by investigators later that evening. ""my pole be collecting up this black ol stuff like coal and ne instinct to taste it like creampops auntie would serve in the farmhouse."" k be making em nigger hoes shit up and get low, get all in control and start the powerpumper pole. them nigger hoes be squirming like whole tadpoles. hoes be hoes i guess... on the totem pole of societal stance, negroes by jurisdiction in over 200 residencies, are from here on, illegal partakers in professional business like settings, thus marking a new age of stabilizing stupid fucking apes from eating the berries on my lawn! ""instinctually i warm up the ass depth pole, practice on em gentle folklings ballers, then enter his home with equally or bigger dome. she a bastards shit hole but i love her! start milking her good for flavor on the platter and taste for a rewarding coco with table salt."" ""ahh, the eroma of a bitter sweet ol thing like relish on me dropdown ovations is like a gangsters honeydipped saccharine with a lil hint of juicy mon pussy. she a fine ol specimen, and with grease job like no other, u crank em seedlingz in and out like chain reaction consistency. oh wa-weeee!"" ""bobby all proud an cool with that ol apparatus back in the truck that lay him out with sweet social status, and far from junior status. it be the saddest machine but nice with molasses in the power gauge, as well as the mathematics and administrative tactics."" - l.c pooper man, nicknamed the big oil popper, high ranked official in preparing a demonstration of new toys on negroes of weaker servitude. location: hardglaze school of sociology on important negro studies, the capitol district. date of proof: 4/21/5 e. ""all the dream team label her as the poopermans raptor, a madly fast and repetitive weapon for dehydration of ass ovals and some serious and mean destruction. named after the head man himself, the raptor is reluctant enough to rip you an ugly ass pipe!"" i pushed a fucking nigger in a full tank of berries and watched that hoe suffic-ate. them niggers be eatin all de goodies but not today! i want ur soup skills so i may overwork u in a small kitchen. then i feed u lil spoonfulls of powdery cocaine so.u work faster and faster. increase powder unnoticeably every day, unill ur so lit that u start killing fuckers in.the kitchen with pots.     ""departing out from the ghostly place, he became self aware of the all powerful gore, and how they even stomped the seat of power. the magistrate had windows busted out, and gunpowder residue the proof of what happened. tiny holes, atleast fifty or more had penetrated the front doors like a cheese grateor. these motherfuckers used grapeshot on the mayor"" ""cap'n ordered a bunch of fat blackies to eat giant tofu meals, then tie them colossal fucks in pillowcases and push em down cliffs into marching enemies. quite a sight!"" ""hundred or so stretched pillows came crashing into a wagon and men afoot. the enemy general peeled back one, revealing a huge fucker nigger inside. 'so they inhumanely feed niggers then use them as fodder?'"" ""is there still time to reverse the predicted blow? certified study under untainted authority has foreseen major catastrophe in a mere two years advance. theres going to be a government shut down, and white collar workers of caucasian descent will be replaced with nigger. is there still time? or are these omens telling a world without light?"" -- ph.d will h. proviche, co-founder, hard-glaze political analyst. location: the capitol district. two years prior to the historic government shutdown. ""this country was pulled from times of taxation in name of fixing starvation, but creating starvation regardless. like the affections for a child in a death arena without structure, we pulled closer and aspirated a moments fruitful breaths. so then why do black titled evils persevere through consistent purification? do we accept these truths for what they are? is it actually our wrong doing, due to inadequate treatment on niggers who merit ape roles? then these social graces we long strived to correct are simply tarnished, and like that, dark hides taint all who oppose."" ""these niggers shared nothing but the surface. like a pose, that inhuman force contested values that brought them from a peasant lacking cultivation. 'cultureless,' 'pissers,' together words forming stupid. no conjunction to noble breed! wenches, or simply fowls of society. discern them all! they are gone. no return!"" ""so who are you? an ape without predilection of his prior advances? or simple folks soaked milk that use nigger faggots as their pawns for a more deliberate, higher agenda?! answer fucker."" she have no fortune condition, but she wakes tribal injustices for a rather good cock soak. she a puny nigger, hands a couple lengths long, and standing a mere 4 feet! its a fucking midget, and her ability for anal and good head makes these long ones go limp. ""so who are you to line niggers strong?! but a pretty old sailor without grace or distaste. you deserve good chastise on thee arse crease, for plenty of cocks go hard like pumpers in plymouth. now fetch off ol boy, or disobey!"" ""good fruit flies collide, make butthole magic, lay orgies of maggots, build mountains of never ending anus texture, for all the sickly fucked peckers deeming hard entry of a facility waxed damp, like dirty old toilet poopies."" ""i do acknowlege this sentiment, so heat her package in microwave and feed a delightful exotic poop. god bless, god bless!"" ""feel structure, and all her elements guiding five sole shit builds out warm, from a dirty fat mans blubbery asspipe. my lord dictates she's a smelly one. but like smells, taste decide truth. so then what? well to pillage her and consume without reason, but to see flavor of the tongue, to see if she's a promise, and to see from judgement of flavor amongst these false idols chained society's conventional path. be yourself. so...... go on, taste!"" ""first and foremost, what is the criteria for this so called 'powerful pumper,' because testiments linked bare and bone in hard-glaze almanac, part 6 - pg 6099, it fucking swears several prominent oaths, 1 of which concluding ""fucking niggers cannot be pumpers, their cocks too fat, too big, too bulk. itll break off. what good if no pumper at all? hence making 'pumper' null. invalid testiment. get facts right. i will kill.""     invalid testiment. get facts right. i will kill."" ""impeccible dooms upon us! the niggers chained free like rabbid apes in sex. they eating john sycamores berries in the open plantations! them berries strength for apes gone weak! grab the fucking rifles boys. wars hitting home."" ""then who the fuck are you? ape nigger of condescending nature, forthcoming a brutal past gripped messily out from swimming pools dipped ape faggots lathered in their own piss and shit fluids?! god deems unparalled evils in store. i deem good balls launched precisely to end tortures on good doers, consistent of fucked ramifications. four score, seven years prior to the fucking apes screwing hot lads, breaking brothers free of their cages. help thee. help thee."" ""he slapped two cold coins, ample moistures worth, indeed a pricey duo, knowing 'good coins' are cold coins. untampered. kings men searched 'bad coins' and pressed 'good blades' to each close skin, crisp swift. the valor boys called ""false."" and like boys done wrong, the king of sweets authorized 'bad boys' a sweet one. hot shots spending nice balls to each mans small balls. one after another, a body slumped over holding their gems painfully.  ""get good coins, or i get bad. dead niggers will sprinkle down from a rooftop.""  ""aye, aye..."" and so they crossed paths for only a short notice, scarred mentally, emotionally, physically. doomed souls for sweets to enslave."" ""conners downed two sweet liquors without bicker. the hard coins downed, not found. the stupid nigger gone super lubed in his crotch and ass tube. conners sought a sweet tease, the big one deep inside, with a black hide already tied."" ""the confides spread the grooves of two nastier motherfuckers ape-riding a fairly thick log, the night prior. the bell gone super huge. small cocks altered solidified. worldwide, always unjustified. acts of cruelty on holes for smaller bros? but the truths breathed diversified, with each subject having a unique sized hole. but regardless, it begged more truth, in that to ""override a tighter hole would be to compromise and fortify poop and bloodslide. out on the cock deemed persistent in these gross affairs. so choose a better hole!"" ""early scholars beg unanswered truths: how can one human manifest into contractable filth? but with modern anti-septics to slow disease, why is it appalling to so many that dark essential reeks sustained folly? it's a delicate study to discuss, actualizing the paradox of nigger behavior, and how difficult it is to wipe it clean. surely it's something we can atleast attempt to unlock however, given their traits do not reshape or distort our unprecedented workings, one ass creamed hard, ten thousand years into a grimace of uncertainty."" ""ranson cooper anus trainer"" - went in civil war memorial, saw that random name. feel happier knowing hes not just a casket in the ground, but an anus device for niggers he hated. now hardglaze honors a real life hero! ""aye, what an immaculate display of orgies. crimson tinted chocolates wrapped beautifully on cocks gone strong. the wettest juicies compiled out from assholes, these nude bodies forged out of adam and eve testiment. now the enmassed ape fucks are chewing with the white seekers of purity. i can't fucking witness these satanic episodes. then bring forth strong shots to lessen strong bitches?"" ""aye, and 'good coins' taught rewards for good lessons."" ""the threshold of niggers gone super human? probability 1 in 5,000. scientific schematics chain correlation of niggers gone super, to correlation of niggers gone super human. only in biblical readings of course, clear and cut with niggers deemed dumbest fucking apes in our rock called home. flingin shits at treasure hunters and the brightest of so-deemed 'cracker whores..' but yet we surpass all odds, dumb fucking niggers!. well simply sought sweet blissful words, we popper boys call em niggers gone radical, the fucked lil soup niggers chompin pickles strong from dirty old toilet bowls. get fucked. thx.""   bowls. get fucked. thx."" ""lucy got anus experiences, but nigger called plymbo simble calls a real anus blow the dope exerpt off my lil chrismas story, and into present day glimpse of niggers stone cold™... its only two out of three reflections however, from these princess dilemma retellings, that niggers got beef in white mans stew, which is plentiful chew for niggers morphed glue -- given that the cannon is loaded efficiently that is."" ""the tank ran hot, next thing certain the niggers came smack and crack all over the basement floor. with motherfuckers screaming that oldie niggers babble, with lips amok laced lollypop juices and spit, the whores prepped high and wide to wrap good on cocks called ""wood."" but the niggers too late for fun and games. the machines were in full throttle, picking up gravitational pull and sending blackies in the air, then headplanting into the floor, over and over, like beautiful bounce and play."" ""richard ordered the good seeds spent vigorously, with no time to lose; an ass face ruby red, and the asshole all super shred. this motherfucker an inbred nigger, with grapesized head. our spears went ahead in that darkness until each helmet layered coco pudding on steriods. raisin texture with dynamic duos going on and off, sucking one after the other until it was as glossy as oysters dead. rich was our white knight, leaving hot for last. each mans eggs as large as a demigod figurine, spread thoroughly like class a jews gone south, with their fun little orgies to tell in sickening stories. that hoes face look porky the pig, the cocks so nice all horny. perks for all them works, and atlas the creampops let loose their final sprays, the shit combined to make a messy thick starch. the nigger payed 500 good coins, and off he went, satisfied with booty fucking destroyed. more cocks deployed. other room. ready for many."" ""fix gleet and fast new to thee. raise shots high and brine and corpse whores, for quenched chocolates are no speck of gold, but full flatbeds to dump nigger wench hoes into bottomless pits.. no desertion to a coin, for bridled desires 'set bitches free.'"" carnage on the canal. 'hard white harness' - the elimination event. date of proof: 4/9/l.h.h.w.s. black blankets tonight. a whole ant farm of tarded niggers off fir my berries. tracter picked up 5 mph constant. 9 yards until the cocos were but black carpets ""that're night niggster just shat a fucking arkansas black delight! crispy apples no bigger than plastered ass bowls dipped sriracha and cheese. ol timer!"" i'm no bloos bandit but fucking axed noger nigsters best truths to date. gammys bank lit 10 up but not nearly adding to charlies tank corps, uptown 440, taking the lead by 17 points. a whole fucking river on fire and chocolate bitches all farmers an shit. dark in the white, taking flight until tu-95s low-glided in a v. they hoes formed crispies on ice. good glory to napalm sprees. damn was that hot hot hot! ""it was a fucking powder keg in that mess. bareass niggers destructing from nuclear bombers in pursuit. ill say it made me hard!"" jacks dipped ass and ralphs carrying the saber swords against the door. i got big sisters, he got the ram and we're all for holes to slam. start. ""you sick fucking monkies"" cried jeffery johnsteen. he wanted big revenge with all the fat nigsters up in the candy aisle. so he loaded up the bombs in a shopping cart. boom. ratta tatta tat. bitches all up in the gasoline. the candies smoking a flavorful blueberry delight and thirty thirsty fuck-o-los spent less than 30 seconds expressing orgasmic white fantasy. death to chocolate candies!  god send. god send them more candies!"" ""i sing along just fine. now niggers dine on wine. but niggers fucking whine, for melons and ass slime. so give the nigger his slime, but poison it so fine. we'll call this a nigger reign. the terror of fifty slain."" ~ roobys sing-along diaries, hard-stature pt 1.     ""its an awesome will to drag, that niggers cant come back. life or death thats that. but niggers fight like trash. so win the duel or else, and begin to plague their wells. good god i love my spell. niggers always fall."" ""adjascant to the path, a trail of wicked blacks. theres niggers rumbling by. they stole the makers pie. so make that niggers time, begin the popes sign. no niggers take my life. we will not stop tonight."" the voices of the green and so a labrynth of branches, woodwork and the avoidance of light stole beauty out from the grasps of the land. the emergence of a new foe. black beauty, or so called nigger fagghot. so precious. so delicate the shift of seasons marks beautiful rosemary blossoms thorned elegantly across his skull. the master of fight and defence fortei. lord senior officer--maxxum maximus the 3rd of his stature. and with honorary status builds fragrance of the women who cling to that fucking steed! he steps across a blackened bitchling without remorse. his calling? glazic stripes and fireball the hides villages. turn chocolate bastards to dirty tainted asshole flavors. and on and on again. do it. ""clocks tickin, i watched keen on these fucking wanking nigger brothers and ballers, the long sticks all rad and tip glazed with wicked kiwi salt flavors. them balls precisely ape sized and hairs prickled. but a god damn pumpers action packed sequence it was. cockfucking monkies. felt it in my bones. haunted me like a ghost. fat apes humping donkies assholes in the jail cell. even bitching motherfuckers they were juggling senator sweets nuts in a wet wrinkly cup of a hand. so i shotgunner iced them fucking hoes like a rocketship goes. end of discussion."" --nigster prodigy tale: 3rd novel. 'deep flight' up the ass stash! get ass fucked pony ""boosy fucking cunt fags. i shoot a god damn nigger and spice him for the dinner pit. no excuses!"" lmao ""jonny loves niggers with speed."" said jixon ricky. he wanted old faggots with great cocks to settle theirs too. ""bam hoes goes! holes tight as goats getting ass rampaged by islam priests. good fucking id say!"" baldies got vibrations across the rectal 'cocksters' shit shaft. a devilish insight on why cocks are moist and rods try hardest to fuck the shit out of midgets. ""friday night heights. dipped steeds in tons of colors to cherish. fat dead niggers beneath the church chamber . but the steeds were puppies so bright in paints. the balls deep in a fragrant sauce. the hairs prickled like beauties on red fire. the cock itself a moment of ancient desire. the forward gesture like pennies out loose in a poverty stricken nigger faggot neighborhood, circa 1940."" ""it was up to the roofies to slip away that fat hoe like a juicy latin asshole. the niggsters rresponsible gave firm oaths not to eat or taste the pole. oh well. they did it anyways. dirty fucksters."" ""i feel him i really do. he was as wide as a troll. i wanted to widen it more but laws an legislation state no to holes. so i shot him instead and ate his hole in bed. "" -- feathers &amp; treats. the holes for trolls, season ii ""niggers want head. some want holes or bread. its a truth to seek, that choosing holes over bread is a monkies juggle to be said. but out with the guns and truth will run... off the tips of tongues"" no i'm gonna slick back my fucker hole finger, and flick shit in your pucker hole pisser. speed is ruthless, speed is juiced and beyond a mans control. feel rectified in that hole you hold close. grime fucker, you got no spunk for flex and wrecked jet lagged whores take proud pleasures over mad gestures. consider yourself fucked and destroyed in the hole and out. feels wide doesn't it boy? i see vivid asshole colors on my cock. is it a sign !!!???     rofl we wouldnt stop. 8 guys. 8 on 8. the teams were fair. the toys were there. we started going at it. flushing out individual assholes. guys chained to beds. ripe and gloriously stinky like fugitive sex addicts. then came the twisted nature of the game. automatic pumping up each mans hairy ass hole. no stopping to incite some response in essence brings ... you closer to the madness. for example. a passenger train depaets at 7 a.m sharp, inbound train for a city approximately 45 kilometers eastbound. the journey encompasses alot of underground potnetial. liek first accounts of ass fucking. nasty black  cocks  just going haywire all over guys bodies lile haywire crazy fruitless missiles. all like minded sick morherfuckers. riding proportionate or unproportionate glide pipes. mates spilling their juices  on chairs. dudes shhitting all ovet the tables with the fruits and wines dispensed for pleasuress. like what the fuck. anyway. the rail cars never reached primary destination. just too much fucking going on in ass holes to care. 94 asses to find the reason. permanently. well the truth is hard. when you surround yourself with the vice it truly changes neurological function. it deepens to spiritual animal. it never goes away at all. because that urge is what makes you... you. you become this staple that changes everyone around u. your lover. your friend. foe. onward. the ride only gets harder, deeper, wetter, squishier. and to catch up with yourself as a fucking sex animal who craves puffy crevices of ill motherfuckers who r from africa, u must remember me. do not retreat from yourself because u gravitate towards the most sickly disgusting, pissed out, clusterfucked warzone hole you ever see. do u think black ppl do that in africa??? no. they embrace everything. retard. it starts.it stops. it begins anew. . it will all come together. belueve me. because ive had hands on, literally. with black hides. ive spread my seed in asses long gone by anothers workings to rule the world. a niger consumed by lavish thoughts to insert a little bit more in his pepper spot. indeed he would. met with a conjunction of evil vibration. aye. exposed asses in a book of thoughts. a page turned. one more. one more. well the pages never end. more days to fuck asses in privilege. in advance u have to remember that all nigers are wired for assholes to taste . flying away with wings. okay so it started with daniel, then the guy next door, then his neighbor, and then came hos neighbor. next you know it the entire block. then so many in the town. but so what? did u think thoroughly before you when to .. town with all those ratched ass ghetto motherfuckers? no. u had a goal and u achieved it. in that sense u became a module for dudes to freely enslave ur cock and let a pepperhole lock and rock. well whatever then. just screw as many as u can. if they all black fags then more power to you. "" ""idk. its a demand of powers ,  to be exact. stories of alexander the great. ass pounding in a armor suit or some shit. i mean idfk dude. i read these fetish stories sometimes that help me relive the sex thru a mans butthole. with vision and dedication. and circumcision. and balls converging downward as the testosterone flushes thru ur cock like a river of white dancers. all simultaneously trying to kill one another for this refreshing new taste of that manly pepperhole. a forest then the secrets unfold. as u enter easy like youve done it atleast 47 times in the last month. because u just ride that way. you are truly a sexual god. "" ""companions for an anal desire, then great. ok so get this, ive fucking engulfed my giant worm in so many that its just the norm. the fresh smells, tastes, sights. all senses have joined forces.focalizing. evolving like a feather. this greater soul search. chances that rythmically forge . mold. assemble teeth . stunning invention of the drift. bring u as a master of the ass. to the fucking senses. understanding wisdom of ur ass hole brings out glory.   glory. idk like. the expression 'easy goes it' or put good in, get good out. those expressions are duels of purpose. like they validate why i choose dark black mothrfuckers who rarely ever clean their asses with babywipes. or scoop that shit out with their hands. nasty asf. but honestly. honestly i enjoy the sights and smells. i call myself a sexual god. because ive adapted to the dirty and the clean. both worlds alike and have embraced both worlds alike. and have came back from the darkness thru light. i guess assholes have engraved principles in me. idk ive become divine. ive ridiculed the ass fucker snd dagger intentions. to be at peace and with the motions that bring me closer to..... god. to fluctuate feelings of distress and sexual gratification. some how alluring to the fact that i love dark black holes. and gliding them with poles. like idk. i'm fucking masterful with premise. i try hard, in not only sexual sense but a feathery sense. i like ass i guess. well. particularly dark black motherfuckers hairy ovals slapping me all nighter holy fuck thats the life i'm about. "" ""ok so picture the. demise of a black beauty. no, really. visualize a gigantic fucking bitch who likes huge monster collisions when he rocks the bed at night. to be aligned with a lot of crud  smeared and touching the butt cheeks  and dirt and fucking filth and contractable evils with the butt hole. excrements and  rotten motherfuckers with dagger intentions. just rocking ur butt hole until collapse."" ""the lay down was simple. bent over ass holes and submerged fat poles. riders going with crazzy jazz grooves in the other room pulsating to some kind of really pulsating asshole that became the primary interest in retarded minds. as a means to fly, we blew away until the sunrise. eating away him until the sunrise. poles and dreams.  colliding elegantly in the sky. "" rofl my pipe is meets brink. the wall of purity, or so called ass deprivation. i literally fucking deprived my mind of asshole orgies. for 7 months. then i one day lost it all. i started partying so fucking hard all day long. getting random guys to ram my ass hole relentlessly. in this tiny rotted out hotel room. hundreds of guys. lined outside. waiting to get in to cum in my ass hole. it was getting so fucking torn up. but i didnt care ""the surface is still. though juicing is in truth becoming. divine and mental collapse to be a necessity. therefore total mayhem and easy sludge reemerges, in essence, to become heavenly and spiritual. now if only wisdom through words delivered truth. want to know truth, faggot? we are just born to fuck assholes of black fucking whores and their queens. a.k.a tranny fags in mini skirts . i dont even fucking care. "" ""i have hence entered dark desire."" - inward, becoming. outward seething more internal justice. twisting mental clarity thru the metaphorical excitement of a fucking monkey and his pole. melting with pure shit and seed. all around. curling energy. craving more. ass explosions. this is no ordinary sexual encounter, but a dark man fleeing a third world country, craving a first world seed. to further be implanted in his ass. forever melting with clarity. this becoming a fucking slave of anal blow. hot stuff."" i went to poker night and ended up playing poke in the ass hole with lotta moist elements. shit crusts seeds and puss up my crevis of dark proportion. wanna feel raptor claws seething the seed up ur cock shaft and rapture? she spank me. she spanks gooder! then the straglers came funneling through like serpents in coiled tension. the blessers fought one by one. the fowly a desertion bestowed. the cook sequence on flesh wanks. fucking unveiled greater things they did. blown out of proportions. wink wink, i shot a bitchling so far so gooood! but why fight dark with light!? cannot see light forsaken by truths lusylt. hard stature lust. dark matter and trust. forfeit. forfeit. annnnd fuck you motherfucker i cut a brow off now cocksucker maggot.   now we ring the doorbell. shoots a puppet. ..... like literally cow manure becoming engulfed thru ur ass pipe and devouring everything external like a fat monster cock with saliva drinking the balls wet and gloriously stinky. like no tommorow, actually. like easier pie for the guy next door. idk just a reflectiin ive had for years. ive cried to it alot."" rofl i took a dump all over his fucking retard face. over and over until he just was so utterly volatile and comsumed by an ocean of watery fucking dump. i cried and praise jesus i swear on the bible i did a good thing that night. lmatoflft i just fractured my cock fucking the shit out of 25 black guys who wanted a single gram of coke. it was like a tidal wave of retards with obsolete human engineering, fighting for a high. lmao what the fuck my eyes be closed as nigger sucks big perky cock rofl i have no problem with nigers now! i just eat ass and play hard roglllfl wanna become my greed niglet. i jam lil bitsy pie crust slabs in your fucked pepper hole. watch ur eyes roll and ur intact ball stash jerked by a sexy bald nigger lmao here faggit takes this piece now crystals will rise out of ur balls (the juice in ur ass from a big syringe) now fag. dance. haha fag cant dance. good rofl i fucking had a jar of fruitflies. aparantly spanish nigers have this bugg fetish of sorts. so i just cruised with it. every aching monent if crazy fucking fruitfly homage. i love god rofl tha bitch had spider cock. aparantly spider cock tastes like butt hole magic. i blush so deep i wanted more flakes and tasty surprisers. beautifully instilled rofl the drums were beating in the camp. all i saw bunch of fucking blackies dancing around a pit of smashed beer cans. goly fuck i think nigers are retards rofl i domt give a fuckk!!! i go ham on nigers all day. i pile up nigers in the flatbed i eat their holes idfc no more i just goooo!!! roflz jonnie had this hog fetish so he loaded the big truck with a shit ton of fucking big piglets. then he drove that fucker into a watertower. the fucking watertower crashed down on a niger house. holy shit all u could hear for miles was screaming ""oink oink"" pigleys combined with merciless fucked crying niggers. holy shit what a time we had."" holy......  my cock a rock .. my cow boy hat liek clint eastwood. i look sharp asf with my chained cock slave taking the lead like a pet rofl. sone guys towered over others. big boys with full leverage and anal destiny. carnage started 6 minutes after the initial ass fest shot off. the devils toys. ass hole ripping . severe amputations like a mega fuckton of circus festivity. omg them lights dimmed. 10 guys busted in the room with more toys. assholes were literally done for i dont give a fuck!!!!!! i dont give a fuck!!!!!! i dont give a fuck!!!!!! rpfl i stickin the pooper toy far in my ass and flexin. feels like poseidons wrath upon me pooper hole. watered down dripping profusely with greasey undergarmet shit and pipes hanging outward and lots of piss snd fucking coke crystals somehow evolving and alot of double dipping cocks and scoopers. holy fucking shit rofl we founded corporation 666 so we do the dirtiest fucking shit like eat rotten assholes and make go ham with lotta guys  and wr the best men snd obligated to do anal with robotics an we dont care omfg idk goblins are my turnon. i fuck goblin bodies i do sexual favors for goblins. goblins are my style. but it takes alot of deep descent to truly recognise what a goblin entitles. first and formost. anybody with an extremely delish ass hole is a goblin. atleast in my book. secondly, goblins are greatly enduced visually by the conceptual reality of anal itself. as in, your ass is a festering holy place for goblibs to put their wrinkly cocks inside your archive. further enhancing u. deepening yur spirits. giving u good feels. idk man. fuck it. grind and pump goblins in their asses. if its a black goblin u are in for a hot surprise.   moral of the story? snap that niggers femur when you can. bullshit.",1
875770,fiscal cliff is disastrous for black americans,1
519197,"starting tomorrow anyone caught uttering nigger, nigga, or variation of the word like: my nigga, fat-ass nigga, or even niger &amp; river niger, will be facing a three month mandatory sentence.it would involve 5000 hours of cruel &amp; unusual punishment disguised as community service.",1
201270,milo please come back to england for a bit we miss you and need you. i'm straight and white because of this i have massive respect for gays we too have been getting rodgered daft and it hurts please help. ;)  keep up the good work but help us too,1
477161,uhhhhhh so sick of messing with these white country boys down south maybe we should try something different 👀,1
188445,"[table] iama 24 year old male with albinism living in florida **verified?** *(this bot cannot verify amas just yet)*  **date:** 2012-05-27  **[link to submission](http://www.reddit.com/r/iama/comments/u6tor/)** (*has self-text*)  **[link to my post](http://www.reddit.com/r/iama/comments/u6tor/tabledresser/c4sxaw4)**    questions|answers :--|:-- [anyway, my questions are: have/do people treat(ed\) you differently than everyone else? do people outright ask if you're an albino? is being albino a genetic trait (meaning, are your parents also albino\) or did you just get lucky?](http://www.reddit.com/r/iama/comments/u6tor/iama_24_year_old_male_with_albinism_living_in/c4ssrol?context=5)|i don't think most people treat me differently. i have to ask for help reading quite a bit but that's really the extent of it. i feel like i do a pretty good job being normal. i'll be moving to chicago in the next few months which i can't even begin to tell you how excited i am for. i can't drive so having the l to ride and being able to function ""normally"" and go where i want when i want is going to be mind blowing.  not many people actually ask me if i'm albino. i'm not sure if it's because they're afraid to or if they just make an assumption and let it go. but to be completely honest i like when people come up and ask me because i essentially get to a real life ama and typically get to meet some good people and have a few good laughs. [forgive me for being ignorant? but being albino affects your reading ability?](http://www.reddit.com/r/iama/comments/u6tor/iama_24_year_old_male_with_albinism_living_in/c4sw8h9?context=5)|it affects my vision which in turn affects my reading ability. all through school i've never really been able to read so i just sat in class and listened which has actually helped my ability to retain information a lot.  |when i sit down to read a book, or even reddit after about 10 minutes my eyes are so strained i have issues even seeing anything so i have to step away and take a break. needless to say i learned my lesson and typically never even bought books in school or for recreational reading.any books i'd try to read  i'd get 10 pages in and quit out of sheer frustration.  |i did have a girlfriend who used to read to me though. i miss those days :(  |i'd do the whole audio book thing but every time someone recommends me a book i can never find an audio version of it.  |it does because it also comes with terrible vision. i'm legally blind so reading is difficult. [as a chicagoan, welcome!! hope you have a blast here!](http://www.reddit.com/r/iama/comments/u6tor/iama_24_year_old_male_with_albinism_living_in/c4sy1ll?context=5)|thank you thank you! like i've said to most other chicagoans posting here if you have suggestions on places to go / things to do let me know either here for via pm if you have the time and want to.  [so are you black?  (african - american\)  i have seen albino people before, but they look like most african blacks do, just white.  ](http://www.reddit.com/r/iama/comments/u6tor/iama_24_year_old_male_with_albinism_living_in/c4swijd?context=5)|i'm definitely white (caucasian). albinism only affects pigment. so any racial traits people may have aren't overridden by that.  so an african-american will still have the same type hair, and their facial/body features will still be the same as if they weren't albino. they're just... whiter :d. [i don't think i understand how albinism works. why do you need help reading?](http://www.reddit.com/r/iama/comments/u6tor/iama_24_year_old_male_with_albinism_living_in/c4sx8io?context=5)|i have problems reading because o the vision issues that come along with the albinism. [ if you decide to answer that i venture to ask of you another: would you rather stay albino or be a ginger?](http://www.reddit.com/r/iama/comments/u6tor/iama_24_year_old_male_with_albinism_living_in/c4sx8io?context=5)|i don't know if that's a very fair question to ask because i have no idea what it's like being a ginger. but i will say this though, i've come to love my hair color and every day i'm getting more and more compliments on it. so i doubt i would change anything.  [i have an albino cousin who lives in chicago.](http://www.reddit.com/r/iama/comments/u6tor/iama_24_year_old_male_with_albinism_living_in/c4sync3?context=5)|well even though you're an awful person&lt; perhaps you'd take some time and point them my direction and perhaps we can meet up at one point and discuss how much we hate you normal people! ;d. [join /r/chicago and believe the l is not as fun as it seems.](http://www.reddit.com/r/iama/comments/u6tor/iama_24_year_old_male_with_albinism_living_in/c4swum1?context=5)|i will do that, thank you sir/ma'am!  |the l may not be as fun as it seems but consider the alternative that i've been dealing with all of my life. florida is so spread out that i have to walk everywhere if i don't get a ride from someone, which i hate asking for.  |we do have a bus system called lynx but it is absolutely awful. i've stood out in the sun waiting for a bus for an hour and a half countless times (keep in mind its supposed to come by every 30 or 60 minutes depending on the route) and because of that have been late for/missed school/ work countless times.not to mention the sun burn... :( [oh that's cool! i'll bet you'll have a blast in chicago... i've only been there once. on an 8th grade school field trip. which was 6 or 7 years ago now...  also, one more! do you get sunburned pretty fast?](http://www.reddit.com/r/iama/comments/u6tor/iama_24_year_old_male_with_albinism_living_in/c4ssvvw?context=5)|i go from pale to lobster in 3 seconds flat :d. [check out this book read out loud by samuel l. jackson. the reading starts at the 1 minute mark.](http://www.reddit.com/r/iama/comments/u6tor/iama_24_year_old_male_with_albinism_living_in/c4sybil?context=5)|you might be my new best friend. [have you ever consider learning braille?](http://www.reddit.com/r/iama/comments/u6tor/iama_24_year_old_male_with_albinism_living_in/c4syyt6?context=5)|i actually did learn braille when i was in 6th/7th grade. i was really good at it but my vision was always good enough that i never really needed to use it so i ended up forgetting how to read it.  [have you tried rohto eye drops? or any kind of prescription eye drops?](http://www.reddit.com/r/iama/comments/u6tor/iama_24_year_old_male_with_albinism_living_in/c4sykea?context=5)|nope, never used any of it.  |i'll have to check that out though. not being able to actually go see a doctor makes it difficult to learn about the new and different treatments. now you're probably saying ""but you has the internets"". i do, but even while reading this i have to constantly get up and go do something else because my eyes get so strained i can't even read anymore -_-  |thanks again for all the helpful comments everyone! [that is really neat! thanks for answering, i was legitimately curious. ](http://www.reddit.com/r/iama/comments/u6tor/iama_24_year_old_male_with_albinism_living_in/c4sxkxa?context=5)|absolutely! if you have any other questions feel free, or if one comes up after this ama is over feel free to pm me as well! [i was going to ask about this. i am very pale and become a tomato super easily. is it hard living in florida? what's your skin care regimen like? ](http://www.reddit.com/r/iama/comments/u6tor/iama_24_year_old_male_with_albinism_living_in/c4swcl0?context=5)|nothing crazy. just spf up when i plan on going out for more then 10-15 minutes.  [then it's probably a good idea you're moving to chicago, yeah? ;\)](http://www.reddit.com/r/iama/comments/u6tor/iama_24_year_old_male_with_albinism_living_in/c4sszuy?context=5)|for sure! i feel like it's all i talk about nowadays :d. [just audiobooks in general seem like a fix for this.](http://www.reddit.com/r/iama/comments/u6tor/iama_24_year_old_male_with_albinism_living_in/c4sz8qj?context=5)|i agree but finding good audio books seems to be a problem. everytime someone recommends me a book i can never find it in an audio book :/ [you can get a wicked sunburn even when it has been snowing, so be careful!](http://www.reddit.com/r/iama/comments/u6tor/iama_24_year_old_male_with_albinism_living_in/c4sw2i8?context=5)|thanks for the heads up! i imagine it's probably like being on the ocean with the reflection of the uv rays.  [as someone who has lived in the suburbs of chicago a majority of his life, its worse than some people make it out to be. i heard a fun tidbit sometime last year and that was chicago typically has more days at 100+ than miami.](http://www.reddit.com/r/iama/comments/u6tor/iama_24_year_old_male_with_albinism_living_in/c4sy70g?context=5)|winter is amazing. i love the snow and cold. the humidity is what kills in fl not the actual temperature. there are days where its 90 and with humidity it feels like 110 or 115. there are times it actually gets over 100 and with humidity it feels like the depths of hell. [also winter is coming. ](http://www.reddit.com/r/iama/comments/u6tor/iama_24_year_old_male_with_albinism_living_in/c4sy70g?context=5)|i don't know if it's a side effect of the albinism or not but i do have an abnormally high body heat. i'm always hot. as we speak i'm sitting in my room which is  currently sitting at 73 degree and i feel hot even with no shirt on and just basketball shorts on.  [i've noticed that you're remarkably good-looking. do you find that your unique appearance helps or hinders you with the ladies (or men\)?](http://www.reddit.com/r/iama/comments/u6tor/iama_24_year_old_male_with_albinism_living_in/c4stvr8?context=5)|honestly i really don't get many compliments on my appearance so i really appreciate that &lt;3. i think i'm average looking, and have typically had shit confidence because i used to be so overweight.  |i'm not sure if it really helps or hinders. i said it somewhere else and really the only way it helps me is a conversation starter on my end. very few people actually come up and ask me about it, hence why i'm more then happy to do an ama.  |i've only ever had 3 serious girlfriends and 2 short term ones. i'm currently single and have been for going on 2 years now. this might be a little tmi, but whatever it will probably help you understand it a little more. i didn't get my first kiss until i was 18, and lost my virginity to the same girl at 19.  [i second marinarasaucy. you are damn fine. ](http://www.reddit.com/r/iama/comments/u6tor/iama_24_year_old_male_with_albinism_living_in/c4swlwy?context=5)|well i'll be, reddit is quite possibly the greatest confidence booster i've ever had hahaha.  |but seriously, why aren't any of you in florida, or chicago &gt;_&gt;  [visit california and i'll date you so hard. thanks for answering!](http://www.reddit.com/r/iama/comments/u6tor/iama_24_year_old_male_with_albinism_living_in/c4su8g5?context=5)|tempting! lol.  |i actually almost ended up moving out to san fran a couple of months ago  for a management position at a hotel on(in?) union square i've never been to cali and i really want to go in the near future. cali, nyc, and a tour of europe are definitely in the plans. [i was wondering about dating too!  and i also agree, you are an attractive man!  i'd say come to arizona and i'd date you, but the sun here . . . yeah, that's a bad plan!](http://www.reddit.com/r/iama/comments/u6tor/iama_24_year_old_male_with_albinism_living_in/c4sxzm0?context=5)|well thank you &lt;3. and thank you for looking out for me. if you ever end up in chicago or in florida in the next 2 months hit me up :p. [female in florida here! too bad you are moving to chicago :(](http://www.reddit.com/r/iama/comments/u6tor/iama_24_year_old_male_with_albinism_living_in/c4sy0jo?context=5)|you can't just leave me hangin' like that! where in florida? i'm not moving for another 2 months and i love making new friends so if anyone out there lives around me hit me up and we'll grab some drinks! ;) [ that!](http://www.reddit.com/r/iama/comments/u6tor/iama_24_year_old_male_with_albinism_living_in/c4sy6i1?context=5)|i love you guys! why must this be the internets and not real life! :d. [san francisco has the most bipolar weather ever, you're gonna be burning and freezing at least six times a day.](http://www.reddit.com/r/iama/comments/u6tor/iama_24_year_old_male_with_albinism_living_in/c4sutkx?context=5)|awesome, so i know where to head if i want to experience menopause - noted. :d. [i read further down that you live in orlando. i just moved from there to tampa a few months ago! i used to work on sand lake road. ](http://www.reddit.com/r/iama/comments/u6tor/iama_24_year_old_male_with_albinism_living_in/c4syh36?context=5)|where at? sand lake is walking distance from my house and work. [j. alexander's restaurant. ](http://www.reddit.com/r/iama/comments/u6tor/iama_24_year_old_male_with_albinism_living_in/c4syvl5?context=5)|i know exactly where that is. that's kinda crazy, sucks i missed ya :d.  |tampa is pretty sweet though. how you liking it ? [what do you think the most common misconception about albinism is?](http://www.reddit.com/r/iama/comments/u6tor/iama_24_year_old_male_with_albinism_living_in/c4ssu03?context=5)|pink / red eyes hands down. the first thing out of almost everyone's mouth when they find out i'm albino is typically.  |""no you're not, you don't have pink eyes""  |oh, and i'll add one more to this. apparently people think we don't have white pubes. that... honestly... is the most asked question i get and i can't believe it hasn't been asked yet. [i'm now ashamed to admit when i looked at your picture i wondered why you didn't have red eyes. i'm glad i now know better! :\)](http://www.reddit.com/r/iama/comments/u6tor/iama_24_year_old_male_with_albinism_living_in/c4sszwi?context=5)|and this is why we do this! &lt;3 i can't tell you how many reports i did in school on albinism. [have any tanzanian witch doctors attempted to harvest your hair or hands to increase the fishing catch? ](http://www.reddit.com/r/iama/comments/u6tor/iama_24_year_old_male_with_albinism_living_in/c4sspp5?context=5)|can't say i've seen many of those crazy tanzanians in florida. if i ever did i'm not sure how i'd react lol. i kinda need my hands but i'd offer up some hair. [you know uh... if you're offering...](http://www.reddit.com/r/iama/comments/u6tor/iama_24_year_old_male_with_albinism_living_in/c4sthxf?context=5)|someone actually said they wanted my hair. i offered, and they accepted. they weren't very happy with their request a couple days later :d. [=d i'm a witch doctor in diablo 3 - can i have some albino hair for +200 dexterity!](http://www.reddit.com/r/iama/comments/u6tor/iama_24_year_old_male_with_albinism_living_in/c4svsf8?context=5)|would it be shocking that i also have a witch doctor in d3? :d. [one of my best friends is albino, and when he was living in his college's dorm last year, he was sure that with his luck, that he would end up paired with an exchange student from tanzania or something that would try to harvest his organs while he slept.](http://www.reddit.com/r/iama/comments/u6tor/iama_24_year_old_male_with_albinism_living_in/c4sy69a?context=5)|being unlucky is definitely a side effect of albinism :d. [why would someone not be satisfied with a lock of albino hair?](http://www.reddit.com/r/iama/comments/u6tor/iama_24_year_old_male_with_albinism_living_in/c4sttfv?context=5)|apparently he found it revolting that i would cut my hair and then attempt to give it to him... per his request. no idea why! i figured worst case scenario he casts some sort of spell or cures aids with it or something. [ooooooooh.  my nasty ass brain assumed you gave the person your, uhhhhh, downthere hair.](http://www.reddit.com/r/iama/comments/u6tor/iama_24_year_old_male_with_albinism_living_in/c4suk7a?context=5)|not true but that would explain his disgust. [was it scumbag steve?](http://www.reddit.com/r/iama/comments/u6tor/iama_24_year_old_male_with_albinism_living_in/c4szl86?context=5)|come to think of it i think his name was stephen.... [see, the disgust is the exact reason i thought that. if i asked someone for their hair and the gave it to me, i'd be happy. if i asked someone for their hair and they gave me their public hair, i'd be disgusted.](http://www.reddit.com/r/iama/comments/u6tor/iama_24_year_old_male_with_albinism_living_in/c4sulod?context=5)|the real question is, would you know the difference? [you tagged a photo with ""his eyes aren't pink"" but what's the deal with eye color?  i heard that ""true"" albinos do have pink eyes.  is that just in mice/rats or something?](http://www.reddit.com/r/iama/comments/u6tor/iama_24_year_old_male_with_albinism_living_in/c4ssveo?context=5)|having pink eyes is a condition called ocular albinism (albinism of the eyes) which anyone can get but for some reason albinos are more prone to it. having pink eyes makes your vision so much worse though so i'm thankful for my blue eyes.  [what is your visual acuity?](http://www.reddit.com/r/iama/comments/u6tor/iama_24_year_old_male_with_albinism_living_in/c4sw2kn?context=5)|i was definitely hoping someone like you would come along at some point. i'm not even going to pretend to be as knowledgeable as someone with a phd in vision so hopefully you can shed some light on some of the questions asked to me if i get them wrong. [have you ever had an electroretinogram (erg\) to assess your degree of retinal development?](http://www.reddit.com/r/iama/comments/u6tor/iama_24_year_old_male_with_albinism_living_in/c4sw2kn?context=5)|i'm 20/200 corrected but because of my nystagmus it's always been really difficult to get a real gauge on what my vision actually should be.  growing up my parents didn't, and still don't have much money so going to actually get testing and see specialists was never really in the cards for me. i'd love to actually have the appropriate amount of time and testing into my eyes to get a good prescription and assess the actual problems with my eyes rather then just guessing at them, but i honestly don't even know where to start and i doubt i have the resources to do so. [do you have nystagmus?](http://www.reddit.com/r/iama/comments/u6tor/iama_24_year_old_male_with_albinism_living_in/c4sw2kn?context=5)|i do have nystagmus and typically when i go outside i wear an aviator style pair of sunglasses which i've noticed makes a huge difference. [do you wear full-size, wrap-around sunglasses?](http://www.reddit.com/r/iama/comments/u6tor/iama_24_year_old_male_with_albinism_living_in/c4sw2kn?context=5)|i actually had a guest come into my hotel who was telling me about a new procedure similar to lasek that i would actually be able to do. is that true? do you know what it's called?  [your eyes are very striking.  i love the color.](http://www.reddit.com/r/iama/comments/u6tor/iama_24_year_old_male_with_albinism_living_in/c4sxomf?context=5)|thank you! it's actually my favorite feature and i feel like the pictures really don't even do them justice. the blue actually has some crazy designs in it and in the right lighting looks like there is lightning in my eyes. it's pretty awesome :d. [were you ever bullied because of your albinism? also, i honestly can't tell how old you are. the white hair just makes it really hard. are you 40 with you good complexion?](http://www.reddit.com/r/iama/comments/u6tor/iama_24_year_old_male_with_albinism_living_in/c4ssswd?context=5)|i'm 24 :p. [how bad is 20/200 eyesight? i know my eyes are -4.75...how does that translate? you say you can't drive, but if you're able to play hockey i guess your eyesight is good enough for you to still get shit done right?](http://www.reddit.com/r/iama/comments/u6tor/iama_24_year_old_male_with_albinism_living_in/c4szivy?context=5)|i always try to not let it limit me. when playing hockey i typically don't see the puck until its 5-10 feet in front of me and even then it can be difficult because my depth perception isn't amazing.  when playing i will usually watch other players motions and follow their heads to see where the puck is and i'll try and use that to anticipate where i need to be.  it's usually pretty effective. most of my teammates didn't even know i had vision problems until i told them i really can't play defense because of it.  |the way it was described to me, whether it be right or wrong is this.  the top number (the 20) is what i see at a distance of feet/yards and the bottom number is what the average person with 20/20 sees at 200 feet/yards. so i can see at 20 yards what someone else can see at 200. again not sure if that's right or wrong but that's how it was explained to me and it seems somewhat accurate, even though possibly slightly exaggerated.  [i knew a kid in high school who had albinism, he was in a death metal band and wore all black, with long dreads down to his waist. cool guy. anyway, my question is do you know any other people with albinism in you're area?](http://www.reddit.com/r/iama/comments/u6tor/iama_24_year_old_male_with_albinism_living_in/c4ssuhd?context=5)|i actually went to school with one who i talked to once and we really had nothing in common except our lack of pigment lol. so that didn't really work out.  |ran into another guy a couple weeks ago at publix but i was kind of in my old world and never talked to him.  [where are you most ticklish?](http://www.reddit.com/r/iama/comments/u6tor/iama_24_year_old_male_with_albinism_living_in/c4stfs5?context=5)|now that's a question i don't think i've ever gotten lol. i'm really not ticklish except for the bottoms of my feet. but who isn't? [lots of people, according to my research. how ticklish are your feet? what's the most they've ever been tickled?](http://www.reddit.com/r/iama/comments/u6tor/iama_24_year_old_male_with_albinism_living_in/c4stlnn?context=5)|pretty damn ticklish. my ex made the mistake of trying to take advantage of it and during the ensuing flailing i ended up kicking her in the face. needless to say she wasn't very happy at all. [at least you didn't pee yourself.](http://www.reddit.com/r/iama/comments/u6tor/iama_24_year_old_male_with_albinism_living_in/c4sukv8?context=5)|i'm sure she would have appreciated that far more lol. [well, can we see a pic of your pubes?](http://www.reddit.com/r/iama/comments/u6tor/iama_24_year_old_male_with_albinism_living_in/c4sv2vo?context=5)|maybe if gonewild asks nicely? :d. [on behalf of gonewild/ladybonergw, pleeeeeeeeeease.  :d  you are a very good looking man.](http://www.reddit.com/r/iama/comments/u6tor/iama_24_year_old_male_with_albinism_living_in/c4sxod6?context=5)|lol i feel like after actually posting my picture and people knowing who i am that could get real awkward especially since some of my friends are on reddit. but i'll think about it, and perhaps a later pm may be in order.  |those of you who really want to see it i posted some in ladybonergw as mokutou requested. it's really nothing special though but have at it. [why can't you drive? dont know how or its related to your condition?](http://www.reddit.com/r/iama/comments/u6tor/iama_24_year_old_male_with_albinism_living_in/c4st51x?context=5)|as far as i know everyone with albinism is at best legally blind and i'm no exception. even with corrective lenses my vision still sits at something like 20/200. in order to drive in florida you need to be 20/60 in one eye or 20/80 in both and i'm far from that lol. [obviously there are a few negative side affects to albinism... but are there any positive things about it?](http://www.reddit.com/r/iama/comments/u6tor/iama_24_year_old_male_with_albinism_living_in/c4st8s2?context=5)|positive things would have to be enhanced senses. that's really it. i don't know if that's true or not but my hearing and smell are better then anyone i know.i've been playing hockey since i was 6 and i used to be super into competitive gaming (cs:s and the original call of duty). i have bad vision but i have really good reflexes which i suppose could be a side effect.  funny things.... santa for halloween, i glow in black lighting (pretty awesome when i'm at a club), if something or someone scrathes me it turns red for 10-15 minutes so people sometimes will come up and scratch things into my arm and it'll be there for a while. actually had a girl give me her number like that.  can't think of anything else right now, i'm sure there's plenty i could do but i know i haven't even scratched the surface. [are there any things that albinism prevents you to do, aside from any vision related issues (like tattoos, or something?\)  is there anything funny, or cool you do with your condition?](http://www.reddit.com/r/iama/comments/u6tor/iama_24_year_old_male_with_albinism_living_in/c4st8s2?context=5)|i do my best to not let it prevent me from doing anything and i can't really think of anything it truly prevents me from doing aside form going outside very much and my vision. if you had an specific instances i'd be happy to answer those but at the moment i have no clue as to where to even start with that lol. [*i glow in black lighting (pretty awesome when i'm at a club\)*  pics!](http://www.reddit.com/r/iama/comments/u6tor/iama_24_year_old_male_with_albinism_living_in/c4swi7j?context=5)|if i go out tonight i'll see what i can do :) [*i haven't even scratched the surface.*  i see what you did there ;\)  *i glow in black lighting.*  now that's cool.](http://www.reddit.com/r/iama/comments/u6tor/iama_24_year_old_male_with_albinism_living_in/c4stedf?context=5)|lol thanks. i actually met some people who were ... under the influence of certain substances.... that said i looked like an angel lol. flattering but scary. [i want to glow in black lighting! ](http://www.reddit.com/r/iama/comments/u6tor/iama_24_year_old_male_with_albinism_living_in/c4sy4j8?context=5)|i hope you like the color purple! [is that like dermatographism or something different?](http://www.reddit.com/r/iama/comments/u6tor/iama_24_year_old_male_with_albinism_living_in/c4summ5?context=5)|i suppose it could be. but if it is it would be a very very minor case of it. the skin doesn't raise up or anything it's just red, kinda like irritation but it lasts a while.  |that and i have a lot of scars from different things that i don't think would normally leave scars or at least not noticeable ones on a ""normal"" person.  [very important question: will you marry me?](http://www.reddit.com/r/iama/comments/u6tor/iama_24_year_old_male_with_albinism_living_in/c4sv5e7?context=5)|follow up important questions. where do you live? can you cook? do you like video games and guitars? :d. [i'm in arizona, i can cook and bake, &amp;i love video games and play guitar. sup ;\)](http://www.reddit.com/r/iama/comments/u6tor/iama_24_year_old_male_with_albinism_living_in/c4sye93?context=5)|oh, well hello there future wife(hopefully you're a girl? lol! :) any plans on making a trip to fl or chicago ? :d. [nope... definitely a guy. jk ;\) i'm from southeast wisconsin and plan on visiting soon, i'm also going to lower mississippi this summer ;p.](http://www.reddit.com/r/iama/comments/u6tor/iama_24_year_old_male_with_albinism_living_in/c4t0dih?context=5)|heh my ex lives in wi, you damn cheese heads and you're awesomeness :d.  |so wait, florida and mississippi? why would you do that to yourself?! where in fl you going? the parks or the beach i'd assume? [yes, yes, us cheeseheads are pretty dayum awesome. ever been called a fib??  no, just mississippi. real close to biloxi (sp?\). i have some musician friends down there. one took his boat on a day trip to fl once... came back in the pitch black night. crazy bastard.](http://www.reddit.com/r/iama/comments/u6tor/iama_24_year_old_male_with_albinism_living_in/c4t0qy7?context=5)|i have not, and i have no idea what it means lol. [whenever we saw someone from illinois driving like a jackass, we'd call them a ""fib"" - fuckin illinoisan bastard :p.](http://www.reddit.com/r/iama/comments/u6tor/iama_24_year_old_male_with_albinism_living_in/c4t22d9?context=5)|good thing that wont be me! no drivers license! [i heard that people who are albino can't be in the sun as long. is this true? i would imagine you would have a hard time living in florida if it is true.](http://www.reddit.com/r/iama/comments/u6tor/iama_24_year_old_male_with_albinism_living_in/c4ssuod?context=5)|that's 100% true. it's tough, but i was born and raised here and pretty much learned how to deal with it.  |i've actually never been to the beach during the day. i've gone at night a few times with different people which was pretty awesome though. i've also never been to any of the theme parks until recently. i went to universal for the first time a couple of weeks ago which was pretty awesome. i have plans on hitting them all before i move.  |being in florida makes things exponentially more difficult but again, i have plans on moving here shortly so that won't be quite as much of an issue.  [do you find that those spf 100+ sunscreens are effective for any significant length of time? i can't imagine how harsh the sun must be. will you have to watch out for skin cancer and the like as you get older?](http://www.reddit.com/r/iama/comments/u6tor/iama_24_year_old_male_with_albinism_living_in/c4swr6d?context=5)|i went to universal for the first time several weeks ago for about 5 hours. i put spf100 on and it worked perfectly. again it made me feel like i was burned but i showed no signs of burning and i didn't peel etc.  |i am at a much higher risk of skin cancer so i do have to be super careful about it. i posted it somewhere else in here but several doctors actually told me i'd likely have cancer by 21 and i'm not sure why. either they wanted to scare me, i'm really lucky, or they didn't know any better but i'll be turning 25 in 2 months and still no signs! [i used to run with an albino who wore a body-suit thing. have you ever heard of this?](http://www.reddit.com/r/iama/comments/u6tor/iama_24_year_old_male_with_albinism_living_in/c4swnjh?context=5)|i have not. is it made especially for the purpose of sun protection or is it just your typical run of the mill body suit?  |no lie though that sounds incredibly uncomfortable and sweaty  especially in florida. doesn't seem like it'd be practical in florida but i'd consider using something like that in the future in a place where i may need it.  |if you have any info on it i'd appreciate it.  [you could go to nyc. where the night time activities are plentiful, the buildings block out the sun, and the subways gives you a good underground transportation route.](http://www.reddit.com/r/iama/comments/u6tor/iama_24_year_old_male_with_albinism_living_in/c4st1uc?context=5)|nyc is / was #2 on my list to move but being a hospitality person i figured chicago would be a better choice. plus i have some family there. [dude, that means you still could go learn surfing during bright nights! do that, you'd be the most awesome dude in the world. ](http://www.reddit.com/r/iama/comments/u6tor/iama_24_year_old_male_with_albinism_living_in/c4sy528?context=5)|very true! now i just need to find someone that has a passion for night surfing lol. if i could ever get a ride out to the beach at night and someone to teach me to surf i absolutely would do that. [do you have the ability to phase through matter, as seen in the matrix reloaded?](http://www.reddit.com/r/iama/comments/u6tor/iama_24_year_old_male_with_albinism_living_in/c4su53r?context=5)|god i wish, i'm not even going to start naming off the things i would do if i could. needless to say... there would be terror. [do you ever feel like dying your hair to ""blend in?""](http://www.reddit.com/r/iama/comments/u6tor/iama_24_year_old_male_with_albinism_living_in/c4sspib?context=5)|i've dyed my hair pretty much every color at some point in time. oddly enough i think the crazy colors like red, blue, and purple were my favorites.  fact is dying my hair doesn't really change anything my skin is still super pale and every other hair on my body is white so there really is no hiding it or ""blending in"".  [your skin isn't any paler than the average skin of white folks. looks like normal white to me.  edit: okay, well maybe a tiny bit. ](http://www.reddit.com/r/iama/comments/u6tor/iama_24_year_old_male_with_albinism_living_in/c4st0h4?context=5)|i get that occasionally. as soon as you put me next to a ""normal pale"" person though people are quick to correct themselves. [are you by any chance a targaryen?](http://www.reddit.com/r/iama/comments/u6tor/iama_24_year_old_male_with_albinism_living_in/c4sw8ya?context=5)|i'm not sure if i should be ashamed of not knowing what that is. elaborate? [how much more cautious do you have to be about being out in the sun than a non-albino living in florida? do you plan on living"",,,,,,,,,,,,,,,,,,,,,,,,,,
somewhere with less sunshine when you are older? ](http://www.reddit.com/r/iama/comments/u6tor/iama_24_year_old_male_with_albinism_living_in/c4sstuk?context=5)|exponentially. i skate to work every day but that only takes 5-10 minutes each way. other then that the extent of my sun exposure is almost nil. when i do actually go out i spf the fuck up!  |i'm actually planning on moving to chicago in the next 2 months. can't wait to get out of florida and not have to worry about the heat quite as much. actually being able to move around the city by myself is going to be amazing.  [gino's east pizza and portillo's beef sandwiches.](http://www.reddit.com/r/iama/comments/u6tor/iama_24_year_old_male_with_albinism_living_in/c4sw32k?context=5)|lol. literally last time i got off the plane at midway i went to portillo's luggage and all, and ordered that exact thing. [period. if you don't hop off that plane and order a big beef dunked in extra juice from portillo's you aren't living!! ](http://www.reddit.com/r/iama/comments/u6tor/iama_24_year_old_male_with_albinism_living_in/c4sw32k?context=5)|when i go back i'll be doing the exact same thing.  [check out r/chicago. what area will you be moving to? ](http://www.reddit.com/r/iama/comments/u6tor/iama_24_year_old_male_with_albinism_living_in/c4swgom?context=5)|will do! i'm not actually sure where i'll be moving but i'm definitely moving by august 1st. i'm looking for a job currently and if i don't find anything i'm still moving lol. i've got some money saved up so i'll be fine for a while until i do find a job. any places you'd suggest looking, or places to avoid? [i can help! what kind of places? i can suggest restaurants and nightlife. :\)](http://www.reddit.com/r/iama/comments/u6tor/iama_24_year_old_male_with_albinism_living_in/c4swid5?context=5)|anything honestly. i'm very open. i love music and being and former fat kid i love food. i genuinely just appreciate anything new and anything interesting,, hence why i'm on reddit. suggestions for nightlife would be amazing too.  |to be completely honest my plan when i get up there is to spf up and just go walk around every day when i'm not working and walk into random shops / restaurants and just see what i can discover. actually being able to do something like that is absolutely mind blowing because it's something i've never been able to do except for when i visit a city like chicago.  |do you currently live in chicago?  feel free to send me a pm with the suggestions / details. i'd really appreciate any guidance, although i'm sure i'm going to hit everything eventually :)  [you've been messaged! ](http://www.reddit.com/r/iama/comments/u6tor/iama_24_year_old_male_with_albinism_living_in/c4sthst?context=5)|you're a gentlemen (maybe?) and scholar .where'd you move in fl? [i'm actually a girl. haha. i live in pensacola.](http://www.reddit.com/r/iama/comments/u6tor/iama_24_year_old_male_with_albinism_living_in/c4stl29?context=5)|i'm currently working and living right next to the convention center / international drive area in orlando. [where in florida are you moving from?](http://www.reddit.com/r/iama/comments/u6tor/iama_24_year_old_male_with_albinism_living_in/c4stl29?context=5)|you made a lot of good recommendations in the message and if i can still find your message when i move i'll send you pics as i visit each place :p. [if you could have 20/20 vision or normal skin, which one would you pick?](http://www.reddit.com/r/iama/comments/u6tor/iama_24_year_old_male_with_albinism_living_in/c4stmya?context=5)|without question 20/20 vision. being blind limits me more then a lack of pigment ever could. [^^^ yeah, how long does it take you to get burnt?  you should move to alaska!](http://www.reddit.com/r/iama/comments/u6tor/iama_24_year_old_male_with_albinism_living_in/c4ssvra?context=5)|i'd love to move to alaska. anytime i'm joking with someone about me living in florida i typically say i can't wait to move to alaska or canada :d.  |i start getting burned the minute i step outside. the worst part is i can actually feel it. it's hard to describe though. [i might just add in that lately in canada (west coast\) it has been getting up to 30 ºc = 86 ºf. so umm yeah.. good luck with that no sun thing here : \)](http://www.reddit.com/r/iama/comments/u6tor/iama_24_year_old_male_with_albinism_living_in/c4sv6pp?context=5)|hahaha you make that sound like a bad thing. i'm sure you crazy canucks are loving every second of the heat. it's always 85+ here, if its not then then humidity just makes it feel like it is.  [i'm just crazy pale but me too! the sun actually burns and hurts,"" ever since i was a little kid. then people tell you all day how wonderful the sunny weather is even as its hurting you. that's prob my biggest and only real pet peeve. ](http://www.reddit.com/r/iama/comments/u6tor/iama_24_year_old_male_with_albinism_living_in/c4stddw?context=5)|i probably shouldn't be openly admitting this but the only time i ever enjoyed the sun was when i did mushrooms. we ended up going outside and walking around and for the first time ever it felt like i wasn't burning and it actually felt amazing. i'm assuming that's what it feels like for everyone else -_-   *last updated: 2012-05-31 09:47 utc*  *this post was generated by a robot! send all complaints to [epsy](/message/compose/?to=epsy).*""",0
796510,"how much do you think that you have benefited from white privilege? it's not something that gets spoken about a lot around here. but, if you had to look at your life honestly, to what degree do you think you have benefited from white privilege, and in what ways? i know that i must have to some degree, but coming from a military family where both my parents retired at a low rank makes me think that i haven't benefited all that much, but i'm probably wrong.",1
271008,"literally just a list of racial slurs abbie, abe, abie  abc  abcd  abid/abeed  abo/abbo  afro engineering, african engineering or nigger rigging  ali baba  alligator bait / gator bait  ang mo  ann  annamite  ape  apple  arabush **(ערבוש)**  armo  aseng  aunt jemima / aunt jane / aunt mary / aunt sally  ayrab/a-rab  bamboula  balija  banana  beaner / beaney  bluegum  boche / bosche / bosch  boeotian  boerehater / boer-hater / boer hater  bog irish / bogtrotter / bog-trotter  bohunk  boong / bong / bung  boonga / boong / bunga / boonie  bootlip  bougnoule  bounty bar  bozgor  brownie  buddhahead  buckra, bakra  bule  burrhead / burr-head / burr head  cabbage eater  camel jockey  carcamano  chankoro  charlie  chee-chee, chi-chi  cheesehead  cheese-eating surrender monkey  chefur (čefur)  chernozhopy  chilote  ching chong  chinaman  chink  chinky  chonky  christ-killer  choc-ice  cholo  chug  chukhna   churka чурка  ciapaty or ciapak  cina/cokin  **coconut**  coolie  coon  coonass, or coon-ass  cracker  crow  curry-muncher  cushi, also spelled kushi (כושי)  dago, dego  dalit  dal khor  darky / darkey / darkie  dink  dogan, dogun  dothead, dot  dune coon  eight ball  eyetie  farang  fenian  feuj  flip  fritz  frog, froggy, frogeater  fuzzy-wuzzy  gabacho  gaijin  gammon   gans   gin  gin jockey  golliwog  gook, gook-eye, gooky  goy, goyim, goyum  grago or gragok (shrimp)  greaseball, greaser  gringo  groid  gub, gubba  guiri  guizi  guido  guinea, ginzo  gweilo, gwailo, or kwai lo (鬼佬)  gyopo, kyopo (교포)  gypsy, gyppo, gippo, gypo, gyppie, gyppy, gipp  hairyback  hajji, hadji, haji  half-breed  haole  heeb, hebe  hick  hike  hillbilly  honky also spelled ""honkey"" or ""honkie""  hori  hun  hunky, hunk  hymie  ikey / ike / iky  ikey-mo / ikeymo  indon  indognesial / indonesial  inyenzi  injun  jakun  jap  japie, yarpie  jerry  jewboy  jigaboo, jiggabo, jigarooni, jijjiboo, zigabo, jig, jigg, jigga, jigger  jim crow  jock, jocky, jockie  jungle bunny  kaffir, kaffer, kaffir, kafir, kaffre, kuffar  kaffir boetie  kalar  kalia, kalu, kallu  kanaka  kanake  kano  katsap or kacap or kacapas  kaouiche or kawish  kebab  keling  kharkhuwa  khokhol   kike or kyke  kimchi  knacker  kolorad  kraut  labas  laowai 老外  lebo, leb  limey  locust (蝗蟲)  lubra  lugan  mabuno/mahbuno  madrasi  mayonnaise monkey  macaca  majus (مجوس)  malakh-khor (ملخ خور)  malaun  malon  malingsia / malingsial / malingsialan  mangal / mango / mangasar   mau-mau  mayate  mick  momo/momos  moon cricket/mooncricket  mormon  moskal  mountain turk  mulignan/mulignon/moolinyan  munt  mzungu  nawar  nere   niakoué  niglet  nig-nog or nignog  nigger / niger / nig / nigor / nigra / nigre (caribbean) / nigar / niggur / nigga / niggah / niggar / nigguh / niggress / nigette  nip  nitchie / neche / neechee / neejee / nichi / nichiwa / nidge / nitchee / nitchy  non-pri, from non-pribumi  northern monkey  nusayri  ofay  oláh  oreo  oven dodger  overner  paddy  paki, pakkis, pak  palagi  paleface  pancake face, pancake  pastel de flango  peckerwood  pepper or pepsi  petrol sniffer  pickaninny  piefke  pikey / piky / piker  plastic paddy  pocho / pocha  polack, polak, polock  polaco  polentone  pom, pohm, pommy, pommie, pommie grant  porch monkey  portagee  potet  prairie nigger  prod  pshek  quashie  raghead  rastus  razakars  redlegs  redneck  redskin  rosuke, roske  rooinek  roto  roundeye  russki  rusnya  sambo  sand nigger  sassenach  sawney  scandihoovian  seppo, septic  schvartse, schwartze  sheeny  sheep shagger  shegetz  shelta  shiksa (yiddish)  shine  shiptar (šiptar)  shkije  shkutzim (yiddish, plural)  shylock  sideways vagina/pussy/cooter  skinny  skopianoi  skip, skippy  slant, slant–eye  slope, slopehead, slopy, slopey, sloper  snow nigger  smoked irish / smoked irishman  soosmar-khor  sooty  lizard eater  southern faerie, southern fairy  soutpiel  spade  spearchucker  spic, spick, spik, spig, or spigotty  spook  squarehead  squaw  swamp guinea  tacohead  taffy or taff  taig (also teague, teg and teig)  tar-baby  teapot  terrone  teuchter  thicklips  timber nigger  ting tong  tinker / tynekere / tinkere / tynkere, -are / tynker / tenker / tinkar / tyncar / tinkard / tynkard / tincker  toad  towel head  touch of the tar brush  turco-albanian  turk  twinkie  ukrop  uncle tom  vatnik  wagon burner   wasi'chu or wasichu  west brit  white ears  white interloper  west islander  wetback  wigger / whigger / wigga (white nigger)  white trash  whitey  wog  wop  xiao riben  yam yam  yanacona  yank  yankee  yellow  yellow bone  yid  yuon  zip, zipperhead",1
765228,"for every upvote, i add one offensive/vulgar slang term fuck,shit,ass,bitch,cunt,pussy,nigger,fuckwit,whore,slut,faggot,cock,dick,coon,nonce,slag,clit,dumbfuck,ejaculate,,kiddie-fiddler,heck,frick,flip,jackass,wank,balls,hentai,porn,sperm,anal,cumshot,cum,asslick,assmunch,hecker,peta,bollock,wanker,shitbag,bloody,masturbation,motherfucker,buggar,git,tit,bastard,bell-end,knob,fanny,twat,fat,hoe,rape,nutsack,dildo,cocksucker,skank,penetration,ballsack,fatass,crap,damn,god,cummy,stiffy,boner,nut-buster,fag,tosser,bobs,vagene,gay,(&lt;-,the,insult),niggerfaggot,jimmy-neutron-looking-ass,asskiss,beat-off,blowy,blowjob,bullshit,bumblefuck,buttbang,buttfuck,flange,bullcrap,rectum,crackwhore,bint,cumfest,chav,cuntsucker,dammit,deepthroat,dickhead,dope,prostitute,titties,fisting,fistfuck,strokey-nonce,fuckface,gangbang,gypsy,jap,midget,gypo,hell,hitler,jizz,jizzy,shag,lapdance,lesbo,cooch,prick,prickhead,blackie,chocolate,thot,retard,schlong,sexkitten,shitfaced,shithead,rascal,blimey,nutter,perv,penis,vagina,shite,swine,sex,arse,nignog,brownie,69,specky,dirty-arab,crackhead,pothead,anus,fecker,biatch,stripclub,dyke,buttfucker,cow,sod,chode,cocklicker,cocklover,cocktease,creampie,chink,crothrot,crackpipe,orgy,cummer,cuntlick,cybersex,lolicon,shota,dickwad,dickweed,dickbrain,dipshit,,amateur,asswipe,facefuck,cockmaster,cretin,fannyfucker,fatfuck,tard,ogre,paki,fistfucker,flasher,paedo,fuckhead,breeding-horse,gaylord,rat,scarab,snob,funfuck,goddamnit,gypo,gyppp,headfuck,herpes,hooker,phonesex,incest,shut-up,___-looking-ass,asshole,cuntface,lesbian,meatbeater,masturbater,obese,gayass,beastiality,hitlerism,dogfuck,headass,pornhubpremium,terroism,niggerfag,ligma,holes-resized,jizz-stain,holy-shit,holy-fuck,cam-whore,cockslut,stepsister/stepmother/stepbrother/stepfather-content,shrek-cummies,dick-consume,cock-consume,piece-of-shit,dipped-in-shit,dicklicker,dicklover,druggie,cum-guzzler,deepthroater,69,neunundsechzig,dickswallowing,nigga,not-nigga-but-yellow,gay-retard,any-other-idubbbz-reference,dickwad,foreskin,uethra, ,g-spot,bastardly,nig,guacamole-nigga-penis,ballsack,nut-buster,nutted,sticky-sheets,beat-my-dick,fuck-off,fuck-you,thiccc,asscrack,threeway,threesome,fourway,foursome,mass-orgy,brothel,cummy🐸,tabarnak,cummy-fucker,queer(&lt;-also,used,in,context,of,an,insult),mong,corno,culkold,stoned,dropping-the-soap,prickhead,niggardly,grannny-norma,can-girl,cleavage,anus,molesting,nigrum,dirty,cumshot,throbbing-cock,veiny-penis,fuckwit,negroy,nips,nipples,cheeks,cheek-spreader,virgin,virginity-remover,combusken,suck-it-all,skinny-penis,stumpy-penis,skank,penetrator,flipping,flipping-hecker,hecking,hecking-heckler-of-a-heck,analgape,son-of-a-bitch,thong/g-string,hard(er),yellowfag,oldfag,newfag,britfag,fag,clitface, cock-garage  *some in other languages from comments*  du hurensohn  verpiss dich  ziegenficker  untermensch  judenschwein  pinche indio  pinche naco  indio con el nopal en la frente  indio con patas rajadas  pinche güero se rancho  maricon  joto  puto  puta  pinche chinito  pinche turco  pinche hijo se la chingada  vete a la verga  mojado  mojadito  verga  nalgas  nalgonas  chichis  panocha  mariposa  titas  culo  culero  culara  cagalechero  colgar  pinche gata  pinche cabron  pinche cabrona  leche 💦  frijolero  pinche negro  pinche chongo  chupa mi verga  a la verga  de la chingada  hijo de puta  pinche gachupin  pinche gabacho  tira flecas  sudaca  huevos  pinche naco  pinche naca  pinche gabacha  pinche negra  pinche india  pinche güera  pinche morenita  pinche morenito  sheisse  verdammnit  weón  culiado  conchetumadre  madarchod   behenchod  betichod   bhosdike   behen ke laude   harami   neekeri  cyka blyat (сука блять )  hurensohn  huevón  caralho foda-se merda cona pissa  fitta  đụ má  肏你祖宗十八代  去你妈的  他妈的  faen  jævel  satan  kuk  drit  ræv  fitte  pute   enculé   pd  fils de pute   salope   con   connard  connasse  putain  *all of the blocked words on league of legends in spanish*   2girls1cup, anal, argentuzo, argentuso, argentucho, arse, arsehole, arseholes, ass, asshole, assholes, auschwitz, ausschwitz, aguebonado, aguebonada, agüevonado, agüevonada, asco, asqueroso, asquerosa, aweonado, aweonada, awebonado, awebonada, awevonado, awevonada, bellaco, bitch, bizcocho, blow, blowjob, bollocks, bolú, bolu, boludo, b0ludo, bolud0, b0lud0, boluda, b0luda, bufarron, bufarrón, bujarron, bujarrón, bullshit, buttfuck, buttfucker, cabilla, cabron, cabrón, cabrona, cachapera, cagalera, cagar, caga, cagarla, cagaste, cagaste, cagón, cagon, cagona, cancer, cáncer, carado, caramonda, caramono, caremono, caramondá, caraculo, careculo, carepito, carapito, carapendejo, carependejo, chacha, chachar, chichar, chilote, chinga, chingadera, chingada, chingado, chíngate, chingate, chingar, chingas, chingaste, chingo, chingon, chingón, chingona, chingues, chinguisa, chinguiza, chink, chinky, chiquitingo, chocha, chój, chucha, chuchamadre, chuj, chupalo, chúpalo, chúpala, chupala, chwdp, cipa, cipo, cochon, cochón, cock, cock, cocks, cocksucker, cogas, cojas, coger, cojete, cojón, cojon, cochar, coshar, cocho, comecaca, comepollas, comepoyas, coñazo, coñaso, concha, conchatumadre, conchadetumadre, conxetumare, conxetumadre, conxatumare, conxatumadre, conchetumare, conchatumare, coño, cuca, cueco, cul, culea, culear, culera, culero, culiado, culiada, culiao, culia, culiad@, culo, culo, cum, cunt, cunts, ctm, csm, dick, dickhead, dicks, emputar, enputar, emputo, enputo, empute, emputado, enputado, encular, enculé, enculer, encula, enculada, enculado, enculo, estupido, estúpido, estupida, estúpida, faggot, falkland, falklands, fucklands, fuckland, falangista, fascista, fellatio, fick, fistfuck, follada, follar, follo, follón, follon, fook, fooker, fooking, fotze, follada, foyada, frei, frijolero, fuck, fucker, fuckers, fucking, führer, garcha, gilipolla, guatepeor, jilipolla, gachupín, gachupin, gilipoya, jilipoya, gonorrea, guevon, guevón, guevona, heil, hideputa, hijodeputa, hijoputa, hdp, hitler, hitler, huevon, huevón, huevona, hwdp, jalabola, japseye, jeba&amp;h107, jebanie, jebca, jilipollas, jizz, job, jodan, jodas, jodaz, joder, jodido, joto, joyo, judenmutter, judensöhne, kaka, caka, kaca, kike, korwa, kórwa, kurwa, kurwia, kutas, leck, leche, lexe, m4nco, macht, malnacida, malnacido, malparida, malparido, malvinas, mamada, mamado, mamalo, mámalo, mamarla, mamón, mamon, mamona, manco, manko, manca, maraca, marica, marico, maricon, maricón, maricones, maricona, mariconas, mariconson, mariconsón, mariconzón, mariconzon, mariqueta, mariquis, mayate, melgambrea, merde, mexicaca, mejicaca, mexicoño, mejicoño, mejicaño, mexicaño, mich, mierda, m1erda, mierdero, mondá, monda, mong, moraco, motherfucker, motherfucking, nazi, neger, negrata, nègre, negrero, nekrofil, nigga, nigger, niggers, niquer, odbyt, odjeba&amp;h142o, ojete, ogete, pajear, pajote, paki, pakis, panocha, paragua, pecheche, peda&amp;h142, pederasta, pedo, pedofila, pedófila, pedofilo, pedófilo, pedón, pendeja, pendejo, pendejos, pelotudo, pel0tud0, pelotuda, pel0tuda, pene, percanta, perra, perucho, pete, pierdol, pierdoli&amp;h107, pierdolic, pierdolona, pinacate, pinche, pinga, pirobo, pito, pitudo, pizda, polla, porno, poronga, poya, prick, pricks, prostiputo, prostiputa, prostituir, prostituta, prostituto, proxeneta, pt, puñeta, pussy, puta, putain, putaso, putazo, pute, pute, putete, putillo, putiyo, putito, putita, putitos, putitas, putiza, puto, putos, putón, ql, qli40, qliao, qli4o, qlia0, qliaos, qli40s, qli4os, qlia0s, queer, raghead, ragheads, rallig, ramera, rape, reculia, reculiao, retardado, retrasado, retrazado, renob, reql, rentafuck, rimjob, rimming, rozpierdala&amp;h107, rozpierdolone, rozpierdolony, rucha&amp;h107, ruchanie, ruha&amp;h107, ruski, ruskoff, ruskov, s-c-v-m, s.hit, s&amp;m, s1ut, sackgesicht, sado-masochistic, sadomaso, sadomasochistic, sadomasoquismo, sadomasoquista, salame, salvatrucha, salvatrusha, salbatrucha, salbatrusha, samckdaddy, sandm, sandnigger, sarasa, sarracena, sarraceno, satan, satán, satánico, satanico, sausagejockey, sc*m, scat, schamhaar, scheiss, schlampe, schleu, schleuh, schlitzauge, schlong, schutzstaffel, schwanz, schwuchtel, scrote, scum, scum!, sh!t, sh!te, sh!tes, sh1\'t, sh1t, sh1te, sh1thead, sh1theads, shadybackroomdealings, shadydealings, shag, shaggers, shaggin, shagging, shat, shawtypimp, sheep-l0ver, sheep-l0vers, sheep-lover, sheep-lovers, sheep-shaggers, sheepl0ver, sheepl0vers, sheeplover, sheepshaggers, sheethead, sheetheads, sheister, shhit, shit, shít, shit4brains, shitass, shitbag, shitbagger, shitbrains, shitbreath, shitcunt, shitdick, shiteater, shited, shitface, shitfaced, shitforbrains, shitfuck, shitfucker, shitfull, shithapens, shithappens, shithead, shithole, shithouse, shiting, shitings, shitoutofluck, shits, shitspitter, shitstabber, shitstabbers, shitstain, shitted, shitter, shitters, shittiest, shitting, shittings, shitty, shiz, shiznit, shortfuck, shortfuck, shyte, sida, s1da, sidoso, s1doso, slag, slanderyou2.blogspot.com, slanteye, slut, slutbag, sluts, slutt, slutting, slutty, slutwear, slutwhore, slutwhore, smackdaddy, smackthemonkey, smagma, smartass, smeg, snortingcoke, sonofabitch, sorete, sonofbitch, soplapollas, soplapoyas, spacka, spast, spasten, spasti, spaz, spunk, spunkbubble, sranie, subnormal, sucker, sudaca, sudaka, tarugo, tolete, tortillera, tortiyera, traga, tranny, twat, verga, vergasen, vergón, vergon, violar, violer, wank, wanker, weon, weona, wn wehon, wheon, weohn, weonh , w3on, wetback, wyjeb&amp;h107, wyjebac, wyjebany, wypierdol, xuxa, xuxas, yoruga, zajeba&amp;h107, zajebane, zajebany, zemen, zooplapollas, zoplapollas, zorra, zorriputa, zudaca, zudaka     *all of google’s blocked words(2,027)*   2 girls 1 cup, 2g1c, 4r5e, 5h1t, 5hit, a$$, a$$hole, a_s_s, a2m, a54, a55, a55hole, acrotomophilia, aeolus, ahole, alabama hot pocket, alaskan pipeline, anal, anal impaler, anal leakage, analprobe, anilingus, anus, apeshit, ar5e, areola, areole, arian, arrse, arse, arsehole, aryan, ass, ass fuck, ass fuck, ass hole, assbag, assbandit, assbang, assbanged, assbanger, assbangs, assbite, assclown, asscock, asscracker, asses, assface, assfaces, assfuck, assfucker, ass-fucker, assfukka, assgoblin, assh0le, asshat, ass-hat, asshead, assho1e, asshole, assholes, asshopper, ass-jabber, assjacker, asslick, asslicker, assmaster, assmonkey, assmucus, assmucus, assmunch, assmuncher, assnigger, asspirate, ass-pirate, assshit, assshole, asssucker, asswad, asswhole, asswipe, asswipes, auto erotic, autoerotic, axwound, azazel, azz, b!tch, b00bs, b17ch, b1tch, babeland, baby batter, baby juice, ball gag, ball gravy, ball kicking, ball licking, ball sack, ball sucking, ballbag, balls, ballsack, bampot, bang (one's) box, bangbros, bareback, barely legal, barenaked, barf, bastard, bastardo, bastards, bastinado, batty boy, bawdy, bbw, bdsm, beaner, beaners, beardedclam, beastial, beastiality, beatch, beaver, beaver cleaver, beaver lips, beef curtain, beef curtain, beef curtains, beeyotch, bellend, bender, beotch, bescumber, bestial, bestiality, bi+ch, biatch, big black, big breasts, big knockers, big tits, bigtits, bimbo, bimbos, bint, birdlock, bitch, bitch tit, bitch tit, bitchass, bitched, bitcher, bitchers, bitches, bitchin, bitching, bitchtits, bitchy, black cock, blonde action, blonde on blonde action, bloodclaat, bloody, bloody hell, blow job, blow me, blow mud, blow your load, blowjob, blowjobs, blue waffle, blue waffle, blumpkin, blumpkin, bod, bodily, boink, boiolas, bollock, bollocks, bollok, bollox, bondage, boned, boner, boners, bong, boob, boobies, boobs, booby, booger, bookie, boong, booobs, boooobs, booooobs, booooooobs, bootee, bootie, booty, booty call, booze, boozer, boozy, bosom, bosomy, breasts, breeder, brotherfucker, brown showers, brunette action, buceta, bugger, bukkake, bull shit, bulldyke, bullet vibe, bullshit, bullshits, bullshitted, bullturds, bum, bum boy, bumblefuck, bumclat, bummer, buncombe, bung, bung hole, bunghole, bunny fucker, bust a load, bust a load, busty, butt, butt fuck, butt fuck, butt plug, buttcheeks, buttfuck, buttfucka, buttfucker, butthole, buttmuch, buttmunch, butt-pirate, buttplug, c.0.c.k, c.o.c.k., c.u.n.t, c0ck, c-0-c-k, c0cksucker, caca, cacafuego, cahone, camel toe, cameltoe, camgirl, camslut, camwhore, carpet muncher, carpetmuncher, cawk, cervix, chesticle, chi-chi man, chick with a dick, child-fucker, chinc, chincs, chink, chinky, choad, choade, choade, choc ice, chocolate rosebuds, chode, chodes, chota bags, chota bags, cipa, circlejerk, cl1t, cleveland steamer, climax, clit, clit licker, clit licker, clitface, clitfuck, clitoris, clitorus, clits, clitty, clitty litter, clitty litter, clover clamps, clunge, clusterfuck, cnut, cocain, cocaine, coccydynia, cock, c-o-c-k, cock pocket, cock pocket, cock snot, cock snot, cock sucker, cockass, cockbite, cockblock, cockburger, cockeye, cockface, cockfucker, cockhead, cockholster, cockjockey, cockknocker, cockknoker, cocklump, cockmaster, cockmongler, cockmongruel, cockmonkey, cockmunch, cockmuncher, cocknose, cocknugget, cocks, cockshit, cocksmith, cocksmoke, cocksmoker, cocksniffer, cocksuck, cocksuck, cocksucked, cocksucked, cocksucker, cock-sucker, cocksuckers, cocksucking, cocksucks, cocksucks, cocksuka, cocksukka, cockwaffle, coffin dodger, coital, cok, cokmuncher, coksucka, commie, condom, coochie, coochy, coon, coonnass, coons, cooter, cop some wood, cop some wood, coprolagnia, coprophilia, corksucker, cornhole, cornhole, corp whore, corp whore, corpulent, cox, crabs, crack, cracker, crackwhore, crap, crappy, creampie, cretin, crikey, cripple, crotte, cum, cum chugger, cum chugger, cum dumpster, cum dumpster, cum freak, cum freak, cum guzzler, cum guzzler, cumbubble, cumdump, cumdump, cumdumpster, cumguzzler, cumjockey, cummer, cummin, cumming, cums, cumshot, cumshots, cumslut, cumstain, cumtart, cunilingus, cunillingus, cunnie, cunnilingus, cunny, cunt, c-u-n-t, cunt hair, cunt hair, cuntass, cuntbag, cuntbag, cuntface, cunthole, cunthunter, cuntlick, cuntlick, cuntlicker, cuntlicker, cuntlicking, cuntlicking, cuntrag, cunts, cuntsicle, cuntsicle, cuntslut, cunt-struck, cunt-struck, cus, cut rope, cut rope, cyalis, cyberfuc, cyberfuck, cyberfuck, cyberfucked, cyberfucked, cyberfucker, cyberfuckers, cyberfucking, cyberfucking, d0ng, d0uch3, d0uche, d1ck, d1ld0, d1ldo, dago, dagos, dammit, damn, damned, damnit, darkie, darn, date rape, daterape, dawgie-style, deep throat, deepthroat, deggo, dendrophilia, dick, dick head, dick hole, dick hole, dick shy, dick shy, dickbag, dickbeaters, dickdipper, dickface, dickflipper, dickfuck, dickfucker, dickhead, dickheads, dickhole, dickish, dick-ish, dickjuice, dickmilk, dickmonger, dickripper, dicks, dicksipper, dickslap, dick-sneeze, dicksucker, dicksucking, dicktickler, dickwad, dickweasel, dickweed, dickwhipper, dickwod, dickzipper, diddle, dike, dildo, dildos, diligaf, dillweed, dimwit, dingle, dingleberries, dingleberry, dink, dinks, dipship, dipshit, dirsa, dirty, dirty pillows, dirty sanchez, dirty sanchez, div, dlck, dog style, dog-fucker, doggie style, doggiestyle, doggie-style, doggin, dogging, doggy style, doggystyle, doggy-style, dolcett, domination, dominatrix, dommes, dong, donkey punch, donkeypunch, donkeyribber, doochbag, doofus, dookie, doosh, dopey, double dong, double penetration, doublelift, douch3, douche, douchebag, douchebags, douche-fag, douchewaffle, douchey, dp action, drunk, dry hump, duche, dumass, dumb ass, dumbass, dumbasses, dumbcunt, dumbfuck, dumbshit, dummy, dumshit, dvda, dyke, dykes, eat a dick, eat a dick, eat hair pie, eat hair pie, eat my ass, ecchi, ejaculate, ejaculated, ejaculates, ejaculates, ejaculating, ejaculating, ejaculatings, ejaculation, ejakulate, erect, erection, erotic, erotism, escort, essohbee, eunuch, extacy, extasy, f u c k, f u c k e r, f.u.c.k, f_u_c_k, f4nny, facial, fack, fag, fagbag, fagfucker, fagg, fagged, fagging, faggit, faggitt, faggot, faggotcock, faggots, faggs, fagot, fagots, fags, fagtard, faig, faigt, fanny, fannybandit, fannyflaps, fannyfucker, fanyy, fart, fartknocker, fatass, fcuk, fcuker, fcuking, fecal, feck, fecker, feist, felch, felcher, felching, fellate, fellatio, feltch, feltcher, female squirting, femdom, fenian, fice, figging, fingerbang, fingerfuck, fingerfuck, fingerfucked, fingerfucked, fingerfucker, fingerfucker, fingerfuckers, fingerfucking, fingerfucking, fingerfucks, fingerfucks, fingering, fist fuck, fist fuck, fisted, fistfuck, fistfucked, fistfucked, fistfucker, fistfucker, fistfuckers, fistfuckers, fistfucking, fistfucking, fistfuckings, fistfuckings, fistfucks, fistfucks, fisting, fisty, flamer, flange, flaps, fleshflute, flog the log, flog the log, floozy, foad, foah, fondle, foobar, fook, fooker, foot fetish, footjob, foreskin, freex, frenchify, frigg, frigga, frotting, fubar, fuc, fuck, fuck, f-u-c-k, fuck buttons, fuck hole, fuck hole, fuck off, fuck puppet, fuck puppet, fuck trophy, fuck trophy, fuck yo mama, fuck yo mama, fuck you, fucka, fuckass, fuck-ass, fuck-ass, fuckbag, fuck-bitch, fuck-bitch, fuckboy, fuckbrain, fuckbutt, fuckbutter, fucked, fuckedup, fucker, fuckers, fuckersucker, fuckface, fuckhead, fuckheads, fuckhole, fuckin, fucking, fuckings, fuckingshitmotherfucker, fuckme, fuckme, fuckmeat, fuckmeat, fucknugget, fucknut, fucknutt, fuckoff, fucks, fuckstick, fucktard, fuck-tard, fucktards, fucktart, fucktoy, fucktoy, fucktwat, fuckup, fuckwad, fuckwhit, fuckwit, fuckwitt, fudge packer, fudgepacker, fudge-packer, fuk, fuker, fukker, fukkers, fukkin, fuks, fukwhit, fukwit, fuq, futanari, fux, fux0r, fvck, fxck, gae, gai, gang bang, gangbang, gang-bang, gang-bang, gangbanged, gangbangs, ganja, gash, gassy ass, gassy ass, gay, gay sex, gayass, gaybob, gaydo, gayfuck, gayfuckist, gaylord, gays, gaysex, gaytard, gaywad, gender bender, genitals, gey, gfy, ghay, ghey, giant cock, gigolo, ginger, gippo, girl on, girl on top, girls gone wild, git, glans, goatcx, goatse, god, god damn, godamn, godamnit, goddam, god-dam, goddammit, goddamn, goddamned, god-damned, goddamnit, godsdamn, gokkun, golden shower, goldenshower, golliwog, gonad, gonads, goo girl, gooch, goodpoop, gook, gooks, goregasm, gringo, grope, group sex, gspot, g-spot, gtfo, guido, guro, h0m0, h0mo, ham flap, ham flap, hand job, handjob, hard core, hard on, hardcore, hardcoresex, he11, hebe, heeb, hell, hemp, hentai, heroin, herp, herpes, herpy, heshe, he-she, hircismus, hitler, hiv, ho, hoar, hoare, hobag, hoe, hoer, holy shit, hom0, homey, homo, homodumbshit, homoerotic, homoey, honkey, honky, hooch, hookah, hooker, hoor, hootch, hooter, hooters, hore, horniest, horny, hot carl, hot chick, hotsex, how to kill, how to murdep, how to murder, huge fat, hump, humped, humping, hun, hussy, hymen, iap, iberian slap, inbred, incest, injun, intercourse, jack off, jackass, jackasses, jackhole, jackoff, jack-off, jaggi, jagoff, jail bait, jailbait, jap, japs, jelly donut, jerk, jerk off, jerk0ff, jerkass, jerked, jerkoff, jerk-off, jigaboo, jiggaboo, jiggerboo, jism, jiz, jiz, jizm, jizm, jizz, jizzed, jock, juggs, jungle bunny, junglebunny, junkie, junky, kafir, kawk, kike, kikes, kill, kinbaku, kinkster, kinky, klan, knob, knob end, knobbing, knobead, knobed, knobend, knobhead, knobjocky, knobjokey, kock, kondum, kondums, kooch, kooches, kootch, kraut, kum, kummer, kumming, kums, kunilingus, kunja, kunt, kwif, kwif, kyke, l3i+ch, l3itch, labia, lameass, lardass, leather restraint, leather straight jacket, lech, lemon party, len, leper, lesbian, lesbians, lesbo, lesbos, lez, lezza/lesbo, lezzie, lmao, lmfao, loin, loins, lolita, looney, lovemaking, lube, lust, lusting, lusty, m0f0, m0fo, m45terbate, ma5terb8, ma5terbate, mafugly, mafugly, make me come, male squirting, mams, masochist, massa, masterb8, masterbat*, masterbat3, masterbate, master-bate, master-bate, masterbating, masterbation, masterbations, masturbate, masturbating, masturbation, maxi, mcfagget, menage a trois, menses, menstruate, menstruation, meth, m-fucking, mick, microphallus, middle finger, midget, milf, minge, minger, missionary position, mof0, mofo, mo-fo, molest, mong, moo moo foo foo, moolie, moron, mothafuck, mothafucka, mothafuckas, mothafuckaz, mothafucked, mothafucked, mothafucker, mothafuckers, mothafuckin, mothafucking, mothafucking, mothafuckings, mothafucks, mother fucker, mother fucker, motherfuck, motherfucka, motherfucked, motherfucker, motherfuckers, motherfuckin, motherfucking, motherfuckings, motherfuckka, motherfucks, mound of venus, mr hands, muff, muff diver, muff puff, muff puff, muffdiver, muffdiving, munging, munter, murder, mutha, muthafecker, muthafuckker, muther, mutherfucker, n1gga, n1gger, naked, nambla, napalm, nappy, nawashi, nazi, nazism, need the dick, need the dick, negro, neonazi, nig nog, nigaboo, nigg3r, nigg4h, nigga, niggah, niggas, niggaz, nigger, niggers, niggle, niglet, nig-nog, nimphomania, nimrod, ninny, ninnyhammer, nipple, nipples, nob, nob jokey, nobhead, nobjocky, nobjokey, nonce, nsfw images, nude, nudity, numbnuts, nut butter, nut butter, nut sack, nutsack, nutter, nympho, nymphomania, octopussy, old bag, omg, omorashi, one cup two girls, one guy one jar, opiate, opium, orally, organ, orgasim, orgasims, orgasm, orgasmic, orgasms, orgies, orgy, ovary, ovum, ovums, p.u.s.s.y., p0rn, paedophile, paki, panooch, pansy, pantie, panties, panty, pawn, pcp, pecker, peckerhead, pedo, pedobear, pedophile, pedophilia, pedophiliac, pee, peepee, pegging, penetrate, penetration, penial, penile, penis, penisbanger, penisfucker, penispuffer, perversion, phallic, phone sex, phonesex, phuck, phuk, phuked, phuking, phukked, phukking, phuks, phuq, piece of shit, pigfucker, pikey, pillowbiter, pimp, pimpis, pinko, piss, piss off, piss pig, pissed, pissed off, pisser, pissers, pisses, pisses, pissflaps, pissin, pissin, pissing, pissoff, pissoff, piss-off, pisspig, playboy, pleasure chest, pms, polack, pole smoker, polesmoker, pollock, ponyplay, poof, poon, poonani, poonany, poontang, poop, poop chute, poopchute, poopuncher, porch monkey, porchmonkey, porn, porno, pornography, pornos, pot, potty, prick, pricks, prickteaser, prig, prince albert piercing, prod, pron, prostitute, prude, psycho, pthc, pube, pubes, pubic, pubis, punani, punanny, punany, punkass, punky, punta, puss, pusse, pussi, pussies, pussy, pussy fart, pussy fart, pussy palace, pussy palace, pussylicking, pussypounder, pussys, pust, puto, queaf, queaf, queef, queer, queerbait, queerhole, queero, queers, quicky, quim, racy, raghead, raging boner, rape, raped, raper, rapey, raping, rapist, raunch, rectal, rectum, rectus, reefer, reetard, reich, renob, retard, retarded, reverse cowgirl, revue, rimjaw, rimjob, rimming, ritard, rosy palm, rosy palm and her 5 sisters, rtard, r-tard, rubbish, rum, rump, rumprammer, ruski, rusty trombone, s hit, s&amp;m, s.h.i.t., s.o.b., s_h_i_t, s0b, sadism, sadist, sambo, sand nigger, sandbar, sandbar, sandler, sandnigger, sanger, santorum, sausage queen, sausage queen, scag, scantily, scat, schizo, schlong, scissoring, screw, screwed, screwing, scroat, scrog, scrot, scrote, scrotum, scrud, scum, seaman, seamen, seduce, seks, semen, sex, sexo, sexual, sexy, sh!+, sh!t, sh1t, s-h-1-t, shag, shagger, shaggin, shagging, shamedame, shaved beaver, shaved pussy, shemale, shi+, shibari, shirt lifter, shit, s-h-i-t, shit ass, shit fucker, shit fucker, shitass, shitbag, shitbagger, shitblimp, shitbrains, shitbreath, shitcanned, shitcunt, shitdick, shite, shiteater, shited, shitey, shitface, shitfaced, shitfuck, shitfull, shithead, shitheads, shithole, shithouse, shiting, shitings, shits, shitspitter, shitstain, shitt, shitted, shitter, shitters, shitters, shittier, shittiest, shitting, shittings, shitty, shiz, shiznit, shota, shrimping, sissy, skag, skank, skeet, skullfuck, slag, slanteye, slave, sleaze, sleazy, slope, slope, slut, slut bucket, slut bucket, slutbag, slutdumper, slutkiss, sluts, smartass, smartasses, smeg, smegma, smut, smutty, snatch, sniper, snowballing, snuff, s-o-b, sod off, sodom, sodomize, sodomy, son of a bitch, son of a motherless goat, son of a whore, son-of-a-bitch, souse, soused, spac, spade, sperm, spic, spick, spik, spiks, splooge, splooge moose, spooge, spook, spread legs, spunk, stfu, stiffy, stoned, strap on, strapon, strappado, strip, strip club, stroke, stupid, style doggy, suck, suckass, sucked, sucking, sucks, suicide girls, sultry women, sumofabiatch, swastika, swinger, t1t, t1tt1e5, t1tties, taff, taig, tainted love, taking the piss, tampon, tard, tart, taste my, tawdry, tea bagging, teabagging, teat, teets, teez, teste, testee, testes, testical, testicle, testis, threesome, throating, thrust, thug, thundercunt, tied up, tight white, tinkle, tit, tit wank, tit wank, titfuck, titi, tities, tits, titt, tittie5, tittiefucker, titties, titty, tittyfuck, tittyfucker, tittywank, titwank, toke, tongue in a, toots, topless, tosser, towelhead, tramp, tranny, transsexual, trashy, tribadism, trumped, tub girl, tubgirl, turd, tush, tushy, tw4t, twat, twathead, twatlips, twats, twatty, twatwaffle, twink, twinkie, two fingers, two fingers with tongue, two girls one cup, twunt, twunter, ugly, unclefucker, undies, undressing, unwed, upskirt, urethra play, urinal, urine, urophilia, uterus, uzi, v14gra, v1gra, vag, vagina, vajayjay, va-j-j, valium, venus mound, veqtable, viagra, vibrator, violet wand, virgin, vixen, vjayjay, vodka, vomit, vorarephilia, voyeur, vulgar, vulva, w00se, wad, wang, wank, wanker, wankjob, wanky, wazoo, wedgie, weed, weenie, weewee, weiner, weirdo, wench, wet dream, wetback, wh0re, wh0reface, white power, whiz, whoar, whoralicious, whore, whorealicious, whorebag, whored, whoreface, whorehopper, whorehouse, whores, whoring, wigger, willies, willy, window licker, wiseass, wiseasses, wog, womb, wop, wrapping men, wrinkled starfish, wtf, xrated, x-rated, xx, xxx, yaoi, yeasty, yellow showers, yid, yiffy, yobbo, zibbi, zoophilia, zubb   ~ran out of space (40,000 character limit)",1
668318,"white dc mayoral staffer loses job for saying ""niggardly""",1
869677,list of profanity to filter from an old e-newsletter mailing program 8 ball  8 rock  a-rab  africoon  al halsuada  algolagnia  algolagnic  algolagny  americunt  amerloque  anal  anally  androgyne  anus  anuses  areola  armo  arse  arsed  arsehole  arses  arsing  asshole  assholes  aunt jemima  autoeroticism  autoerotism  ay-rab  babaloo  baboushka  bagel dog  bagnio  balki  balls  ballsedup  ballsup  ballsups  balsero  bamboo coon  bastard  bastards  beach nigger  bean nigger  beaner  beastie boy  beefshack  bestiality  bible thumper  bife  bird shit  bird turd  bisexual  bisexuality  bisexually  bisexuals  bitch  bitches  blackanese  blaxican  blowjob  blowjobs  boat nigger  bokszos  bollix  bollocks  boob  boobies  boobs  boofer  boogaboo  boon  bootlip  bugger  buggery  bullshit  bullshits  bullshitted  bullshitting  butt fuck  buttfuck   caflick  camel fucker  camel humper  camel jockey  caphead  chankke  chankola  chicken-shit  chickenshit  chigger  chilango   chinaman  chink  chode  cholo  clit  clitoris  cock  cock sucker  cock sucking  cocksucker  cocksucking  coitus  coon  coonadian  coonass  cotton picker  crigger  cum  cumgobbler  cunnilinctus  cunnilingus  cunt  cunt hair  cunts  dago  darkie  darko  darky  dick  dickhead  dickheads  dicks  dildo  dinge  dink  dirty sanchez  doggie style  donkey punch  donkey puncher  donkey punching  doxies  doxy  dune coon  dunnygrabber  eddiemonds  ejaculate  ejaculated  ejaculates  ejaculating  englishit  epicine  erectile  erection  erections  erotic  erotica  erotically  essex girl  essex girls  eurofag  eurosexual  eurotrash  faecal  faeces  fag  faggot  faggots  fags  fecal  feces  felch  felched  felcher  felching  fellatio  fellation  fisting  foreskin  foreskins  frankenjackson  frenchy  fuck  fucked  fucker  fuckers  fucking  fucks  gabacho  garboon  gay  gays  geechie  genital  genitalia  genitals  ginny  ginzo  gism  goatfucker  gonad  gonads  gook  goomba  greaseball  guido  gynandromorph  hajji  hand job  hand jobs  harlot  harlotry  harlots  heeb  homo  homoerotic  homophile  homophiles  homos  homosexual  homosexualism  homosexualist  homosexuality  homosexuals  hornier  horniest  horny  hot carl  hymie  hymietown  incest  incestuous  intercourse  intersex  intersexes  intersexual  intersexuality  jacked off  jacking off  jackoff  jerked off  jerking off  jerkoff  jewbacca  jewbie  jewjube  jewop  jigaboo  jigger  jism  jungle bunny  jungle fever  kaffir  kanacke  keffer  kimchi  kinkier  kinkiest  kinky  knockers  knuckle dragger  koranimal  labia  labia majora  labia minora  labial  labium  lesbian  lesbianism  lesbians  mammy  masochist  masturbate  masturbates  masturbating  masturbation  masturbator  masturbators  masturbatory  med-wop  menses  mink  mocky  mollywog  mons  monses  mook  mookie  mooley  moolie  motherfucker  motisa  moulie  mud shark  mudbone  nickel nose  nigga  nigger  niggernese  niggress  niglet  nipple  nipples  octoroon  onanism  oral pleasure  oral sex  orgasm  orgasmic  orgasmically  orgasms  orgiastic  orgy  panhead  pansexual  pansexualism  pansexualist  pansexualists  papasan  penile  penis  penis envy  penises  phallic  phallus  pimp  pimping  pimps  polack  polock  pommy  ponce  ponces  poncing  porch monkey  porn  porno  pornographic  pornographically  pornography  pornos  porns  prepuce  preto  prick  prostitute  prostitutes  prurient  psychosexual  pubes  pubic  pubic hair  pubis  puss  pussy  pussy lips  puta  queer  queers  qwert  raghead  rape  raper  rapist  sadism  sadist  sadomasochism  sadomasochist  sadomasochistic  sadomasochists  sand monkey  sand nigger  sapphic  schwoogie  scrota  scrotal  scrotum  scrotums  semen  sex  sex act  sex acts  sex addict  sex crazed  sex maniac  sexact  sexacts  sexkitten  sexkittens  sexless  sexlessness  sexological  sexology  sexpot  sexpots  sexual  sexual activity  sexual addiction  sexual assault  sexual intercourse  sexual relations  sexualise  sexualised  sexualises  sexualising  sexualism  sexualist  sexualities  sexuality  sexualize  sexualized  sexualizes  sexualizing  sexually  shag  shagged  shagging  shat  shebop  shit  shite  shites  shithead  shitheads  shiting  shits  shitted  shittiness  shitting  shonk  shonker  sixty-nine  sixtynine  skank  slattern  slut  sluts  slutty  smegma  smut  snog  snogged  snogging  snogs  snozzo  sodomise  sodomised  sodomite  sodomize  sodomized  sodomy  soft core  softcore  soixante-neuf  sootie  sooty  spear-chucker  sperm  spigger  spink  stoon  streetwalk  streetwalker  suck cock  sucked cock  sucking cock  sucks cock  tar baby  testes  testicles  testis  tit  tits  titty fuck  towel head  towelhead  transsexual  transsexualism  transsexuals  transvestite  transvestites  tribade  tribadic  tribadism  tribadistic  trollop  trollops  vagina  vaginal  vaginas  viet-coon  wank  wanked  wanker  wankers  wanking  wanks  welfare monkey  whore  whoredom  whorehouse  whorehouses  whoremaster  whoremasterly  whoremonger  whoremongers  whores  whoreson  whoresons  wop  wuffo  wuzzie  zooerastia  zooerasty,1
749181,"the antiquarian and the devil's dog the week we spent cleaning out great grandad’s house was an eventful one. more exciting at least than the days previous spent in various offices gathering the correct permissions to enter the old place. in the oldest parts of the house damp rotted the old floorboards until they warped, collapsing under their own weight leaving perilous apertures eager to swallow clumsy steppers. agencies were reluctant to hand over the keys without first checking everyone’s insurance ad nauseum.  the old stone stairs leading to the basement, chipped from a thousand previous descents, looked liable to break if one wasn’t selective with their boot placement.  it’s funny, i thought, if you fell through one of those holes and ended up in the basement, you’d be avoiding the dangerous stairs; the lesser of two evils. note to inform the insurance company of a possible loophole. desperate to avoid litigation on our part, the agencies agreed that we could enter under supervision.   the world had changed since this place was last inhabited. when the door finally opened, stubborn in its frame after years of neglect, it seemed a room unstuck in time. dust particles hung in the air and as they danced i wondered what secrets they were privy to, and whether they had been the component atoms of a larger host previously. even her ghosts were bent and haggard with age, bones wilting in the oppressive dank. a hundred years ago the servants were so afraid of the myriad spectres said to inhabit the long halls and shadowed staircases that they had refused to enter certain rooms, but no such reports have been filed in nigh on seventy years. if those same ghosts existed now, they languished apathetically in the walls, stirring only occasionally to rattle the pipes or drag their boots. curios and trinkets plundered at the height of empire decorated every mantel in the house and although it went unsaid, everyone in the family was petrified of stumbling across something less than savoury.  just to be sure we cross referenced some of the dates in our literature and found the nazi party came a little after bryn’s time. spared of that anxiety we set to looking, for what we weren’t sure. something of value, some seemingly insignificant object that might illuminate this murky character.   bryn, god rest him, was a renaissance man in the style of the natural philosophers of his age; a doctor, an artist, a war hero, an antiquarian and amateur archaeologist all rolled into one. of course it would be remiss not to mention his more illicit interests like bootlegging alcohol and collecting occult manuscripts, but the more sordid of the two pastimes fell by the wayside when he raised his station in society, becoming an educated and respected member of a prominent archaeological interest group. selous’ sweat they called themselves, in tribute to the conservationist and african big-game hunter of the same name.   selous some of these artefacts for mad stacks, i thought with a smirk.  everything in the house had a double coating of dust. doing our rounds and cataloguing the cabinets of curiosities meant that doors long undisturbed were opened, both literally and figuratively. turning the handle of one particular door, i saw it led to an upstairs sitting room on a landing between two flights of stairs, one spiralling down towards the sitting room, although there was scarcely room to sit amidst the grecian urns and japanese decorative plates precariously hanging from the walls, and the other up towards the darkroom on the top floor. the sitting room was strangely devoid of clutter except for an enormous table. the rounded surface was a dark mahogany, polished until shining with a protective glass covering placed on top.  i wondered why a table, even one so fine as this, was given a room to itself above the other priceless artefacts in the catalogue, which included a han dynasty vase, the glasses worn by w.b. yeats in his twilight years and an enormous set of ornate mirrors purchased at auction when one of the grand manors in kilkenny was forced to liquidate all non-holdings related assets following the collapse of the family after the war. the mirrors, according to the former owner mrs. fitzbannion, were the pride of their manor house. mrs. fitzbannion hung the mirrors in the centre of the main hall, ensuring all visitors knew the extent of their wealth. the frames were carved to represent natural wonders, a pinecone here, an antler there, and each coated in burnished gold leaf. gold had faded to brass in the intervening years, as if the mirror losing its place of prominence in its household stole the last scion of lustre from it altogether, and i wondered had the mirror ever been so ostentatious as described.   inspecting the table, i ran my finger along the protective glass panel and found no trace of dust. doubly curious. bryn was an adventurer and had no shortage of vigour in his old age, but he was still not one for dusting. attributing his longevity and stamina to a liquid concoction that he called lightning wine, part alcoholic cocktail, part vegetable juice with a hint of soda water. in truth i had only agreed to help with this jumped-up spring cleaning session in the hopes of finding a vat of the naughty sauce hidden in a secret panel, which i would ferry out under my coat and imbibe later on with the lads.   i knelt on my haunches to inspect the legs of the table, wondering if they might shed light on the mystery. clean as a whistle below too. ivory. that was it. the legs were made of ivory. holy shit, was this stuff even legal anymore? i heard a story in school that at one time ivory was so coveted they had to remove the tusks from museum specimens to discourage robbers, low-hanging fruit and all that. my sister volunteered in the natural history museum in dublin while studying zoology and recounted wondrous tales over dinner about their storage rooms in the inner-city; numerous thylacine specimens, gigantic irish elk antlers and wooden storage crates full of elephant tusks, corridor after corridor of specimen jars like one imagines noah’s ark appeared at capacity. into the table legs were carved detailed images of warriors armed with spears facing down ferocious lions. no doubt an artwork of such fine craftsmanship was either manufactured by british labourers merely basing their work on an existing tribal peace, or worse, plundered from a deposed native royalty, like that malaysian ruby. something else there too, a piece of paper placed under one of the legs to balance it. i pulled the parchment out slowly, like the highest-stakes game of jenga you can imagine and saw that it was written in blue ink. unmistakably the spider-like scrawl of great grandad bryn; prone to eccentricity and hyperbole in his cups though. i doubt any of what was written should be taken as gospel, but damned if it doesn’t make for a spooky story. the following are the excerpts from what i assume was a field diary, kept as part of his funding agreement with the local museums. they would fund his expeditions and as long as he provided colourful commentary and witticisms enough to draw a crowd. they proudly patronised his occasional dalliances into the otherworldly in the spirit of derring-do! bryn mentions early in the text that he keeps a formal and an informal diary, the latter only for his own perusal. if what i read is his own private correspondence, then why hide it?  april 1928.  i, martin bryn-kolkiln, wish to commit to paper the strange events of friday last, april 9th 1928. for the first time in some weeks i have had time enough to sit down and gather my thoughts, my rest of late being much disturbed by strange fancies and day-time delusions. my postprandial scribblings have long been a stable of my working week and no servant dares to stir past my quarters upon noticing the glow neath the door that signals its occupancy. lately the notepad remains devoid of ink or flourish and i strain my ears to catch the scratching of a passing servant stepping a mite too hard on the creaky floorboard, hoping to catch some snippet of gossip in the scullery that might rouse my wrist to swiftness. in less fanciful terms i have been much beset by idleness and my usual studious nature replaced by bouts of idleness and procrastination. i do not fear that you will judge me too harshly for my slovenliness though once i recount my adventure in full.  i find the drone of chatter where people have gathered too distracting to complete any serious writing, even the purchase of army-grade ear plugs have not relieved the issue, much to my chagrin after spending a pound on three pairs of the things; like wine stoppers or sink plugs made of orange and purple rubber, orange for left, purple for right. these tooth-shaped kernels wouldn’t have looked out of place in an orthodontic institute. a little avatar waving during check ups to remind the boys that oral hygiene at the front was as important as at home, especially if you urchins want little bonnie bouncybreasts to embrace you upon returning. i found them to be of little use, not providing the extreme level of silence and concentration i require to fully immerse.   having only recently returned from fieldwork overseas in the mesopotamia where i witnessed many strange and exotic sights investigating the discovery of a buried idol neath the sands of the former fertile crescent. the enormous desert sun rising over the pillars of former hittite settlements. the clearness of the sky above the dunes, a matte-painting of stars in every hue, twinkling blues that shone blinding for a moment then disappeared. white ones and yellow ones and even a fiery red one, which my manservant fayzad informed me was venus. the primary goal of my journey was to investigate a buried marduk idol, the dark god and king of the immortals in the babylonian pantheon. the curio was found in a sepulchre hidden beneath the site of an existing mosque destroyed by shelling in 1917. of course this provided ample fuel for speculation about templar treasure and a host of other religious conspiracies but the effigy was a strange artefact to be sure.  i visited other sites of historical interest while in that neck of the woods; a chaldean astrological site situated in a hollow nested between two steep bluffs of yellow rock, deep in the valley of a dried river basin. i also surveyed a site for a possible future expedition where my colleagues speculate a phoenician horde may be entombed neath the sand. my preliminary assessment of the site found it in some disrepair so i should not think to patronise such a dig.  the journey from the train station in london towards matfield in kent where i am currently dwelling is punctuated with occasional wondrous natural vignettes in the form of wild horses cresting grassy knolls ‘gainst the backdrop of god’s own country, white blossoms on trees, ranks of saplings, small now but they would grow enormous when the vernal bloom came. it seemed almost a shame to ignore the vistas to my left, given how i had pined for them while away. in the trenches i saw men commit countless words to paper trying to capture the essence of what made a simple thing beautiful, and for many this was how they prevented hollowing. not a literal hollowing, like the way the flesh gives way to pockets of nothingness when carved by machine gun bullets; hollow like the head of a broken doll. hollow like the hull of a ghost ship.  i attempted to conduct my preliminary report of sites i’d visited but through my rubber stoppers i could make out the voice of an inebriated scot over the usual din. to make matters worse another veteran was seated in the opposite carriage, alone. the poor creature must have been exposed to gas in some forgotten melee, of which he was perhaps the surviving witness. across the british isles there was a thousand such sad scenes. beneath the sea and in dank caves where no sunlight can penetrate things can still grow, only in exciting new varieties to accommodate unfavourable conditions - glassy fish with transparent scales living near the mouths of sulphur craters learned to take sustenance from the black clouds, and so it was with the war too. boys went away and still grew to manhood despite the regular trials and tribulations that mark this winding path from adolescence, but the end product was of an altogether different beat.   pineapple gas by the sound of his consistent hacking cough, and each time he did so it knelled the end of my creative spells, but i bore no ill-will. i had been privy to some sadness in my time. even now in my deepest sleeps i bolt upright, clammy, imagining that i have faltered a moment more and disappeared into that ochre venom.  i saw a boy killed once. fourteen years old. his name was charlie but everyone called him twig, all limbs and tussled curls beneath his cap. he lied to the recruiting sergeants, charming them with his memorised rhetoric. one of kitchener’s own praetorian. the boy came down from doncaster at the beginning of kitchener’s volunteer push, part of a pals brigade with men from the local foundries. this motley crew called themselves the flint walrus in tribute to treasure island. twig caught a sniper bullet to the head laying wire in a thicket outside nare.   upon returning i informed colleagues and close friends of my intent to convalesce, retiring to my chambers in solitude for a fortnight to document my trip, both for official record and in a more personal tone for my memoirs. it came as a reluctant surprise then when a letter arrived, delivered by hand, requesting my urgent presence at the servants graveyard on the grounds of the powers estate. the letter spoke of a strange discovery when work for a proposed pleasure garden began requiring the removal of several headstones. the author of the note, which was neither signed nor written in a hand i recognised, went on to state that he or she supposed that their discovery would be pertinent to my historical interest.   this mysterious invitation stoked the embers of my imagination ablaze. i was suddenly keen to reevaluate my proposed ‘mental wellbeing day’, instead thinking perhaps i took those days on the insistence of my wife, nothing more.   i set off that same balmy spring evening, taking only a light jacket and houndstooth peak cap by way of protection; no rain had been forecast. the rest of the note had described the process of the dig, which had already concluded so i would not require my field tools. the closing statement ran shivers of terror through my body. the scribe, although an amateur, was firm in his words and confident in his assessment that they had uninterred the skeleton of an enormous hellhound, three times larger that the most gargantuan canine of siberia.   my mind was on fire with vivid images of shadowy hyenas howling, pooling stinking saliva in the sharp corners of its mouth. i wondered might their excavation have uncovered black shuck or some descendent; an enormous dog or wolf-like creature that stalked the leafy abbeys and quiet lanes of suffolk in the early 15th century. the dog stood a keen seven feet in length, allowing for an inch either end, and weighed 200 pounds, around the average weight of a heavyweight pugilist. so bulky was the creature that the thudding sound of its footfalls would rouse the people from their sleep and into a panic. there are records in the abbey’s archive there that describe one such incident, another visit from the black shuck. he came in the night, a terrible formless thing, moving unseen like mist. the panicked citizenry had heard that same familiar padding and the warning bell had been sounded. an early-warning system was present in most larger townships since the viking raids, sending the denizens of the town spilling towards the abbey. room was made for all people to seek shelter in the house of god. the assembled clergymen did their best to bolt the door by placing large timbers across it in a x pattern but it took no time at all for the enormous beast to barge through, a hulking mass of muscle, rippled and bulging as if cast in alabaster. the archives do not mention how the beast was slain. the last word on the matter is not even a word but a sketch of a boulder by one father nestin goodfaythe, showing where the beast is supposedly interred on hallowed ground, underneath a weeping willow near the west wall of the piper’s rest, a section of the cemetery reserved for the church musicians.  as a boy eileen the wet nurse, a dumpy and severe custodian from blessington in county wicklow, would enthrall and horrify my brothers and i with stories of the dog-headed men who inhabited the mist prone northern slopes and secluded islands of the south pacific. i recall one particularly horrifying tale concerning one such legion of canine-men living in the hills during arthur’s reign; they would bound down from the treeline and attack the neighbouring townlands and holdfasts, snapping up ewes and even small children in their fierce jaws, wet with gleaming viscera. the men, if that, had the head of a canine - green eyes, a wet black snout like a button extending out from their face, small ears that curved inward like a pitbull. arthur had dispatched a troupe of his finest knights after numerous reports that the raids had increased in frequency as the vernal equinox approached. i think it was sir galahad, noted for his bravery, dilligence and cunning with a blade, that beheaded the leader of the tribe. galahad had positioned his knights on a bluff overlooking a mill, ensuring that animals had been left to pasture in a paddock purposefully left ajar. although shaped like stocky men, the dog-headed tribe had neither the cunning nor craft necessary to defeat the combined brain-trust of the round table. when the dog-headed men ran from the treeline toward the open paddock and the helpless ewes within, galahad and his knights perched above pushed a collection of large boulders over the lip of the bluff. the sun shone on their glistening silver plate mail and in that moment it seemed a second sun had risen.these sunlight sentinels stood from their subterfuge to watch the falling rocks, admiring a cunning plan brought to fruition. the dog-men driven by baser desires could scarcely crane their heads from the meal in front and must have only heard the smaller pebbles loosed by the rumbling reaching the foot of the mountain before it was too late. the largest of the ten boulders thrown was perfectly round like the head of a morning star, one half granite with the other hemisphere coated in moss and twinkling mika. if the folklore had any inkling of truth after so many successive generations of embellishments this boulder was the last remnant of a statue that had stood a thousand years ago, raised by the giants who ruled albion then. the statue depicted one of their kings, bearded and stern on a carved throne, sceptre in his left hand, the right raised up as if swearing testimony. who knows though, sources from the time mention neither the melee nor the antiquity. giants are often added to existing historical accounts or fables to scare children from the left-hand path. a sketch from the time does exist though, which may point to the truth at the centre of the legend. drawn by eminent medieval antiquarian father lamhsa o’dhuiningh of tipperary during his trip to the four corners of eireann documenting mesolithic sites and areas of sufficient proximity to resources that might serve as a site for future plantations, the pencil drawing shows a hill leading down to a mill, and just barely peeping at the top the picture the rounded granite head of a statue can be seen just above the tips of the highest trees. whether this confirms that men of enormous stature ruled here once or that men who are already decided on a notion can rarely be swayed and will almost always reach for the most circumstantial of evidence rather than admitting fault. there’s also a brief mention of these giants allying with an ancient saxon king in the mabinogion, a compendium of myths rooted in historical fact compiled in the 13th and 14th century. the two sides, once bitter rivals, put aside their differences to drain a large area of swampland where the brackish waters and greenish miasma that hung over the water like a cloud caused disease to humans, giants and their livestock. perhaps these giants had hounds of equal size in this area millenia ago?   i cycled to the train station within half an hour and caught an evening train toward the site. upon detramming it was only a short stroll past the hamlet to the foreboding stone fortress that was the powers estate. i am not shy to hard work but let me say this on the matter; i’d wager isidore of seville, eminent though he was in his then budding field of zoology, did not have his plans to relax scuppered at every turn. he probably shut his bestiary with a dull thud, removed his working sandals and held his feet aloft to rest, stating ‘come jackalope or jackdaw prince i’ll not stir from this velvet cocoon ‘til rested!’ i promised myself that if the invitation hadn’t arrived by letter i would have refused a man face-to-face, but lies to oneself are lies to god also and i whispered my apology into the inky night sky. the sky was flecked with silver dots like an enormous glowing wisp out of space had poked a hole in the fabric of our world, allowing a sliver of otherworldly pearlescence to shine through.   there was an ominous gathering of clouds just above the rounded domes of the main compound. there were smaller follys, fountains and hound master's lodgings on the grounds too but they paled in comparison to the oppressive majesty of the grand lodge. the design was an eclectic mix of eastern and western classical art styles, rounded arches and marble pillars dappled with grey and obsidian, gargoyles with contorted faces and forked tongues lolling out of their pursed half mouths and other misshapen oddities perched on the buttresses. french tapestries and roman marbles on every landing, enormous paintings of the glorious hunt in gilded frames on every inch of spare wall, pictish stones looted from the scottish soil decorated the fish pond, inscribed with mysterious runes that no doubt held some arcane and eldritch knowledge.   casement power, younger brother of the late lord richard, inherited no property or bonds but was allowed an extremely modest annual allowance. he spent his days hunting but no hound could satiate his warrior spirit. he travelled to furthest africa shooting the largest game. it was there he spoke with cannibal tribes and saw serpents of enormous size unfurl endlessly and slither away into the brown water. the tribes in the swamps of zaire spoke of a living dinosaur inhabiting the marshes where the vegetation was dense and the jungle heat so volatile that no man could settle. he also had collected many curios and tribal artworks on his expeditions. the remnants of his conquests nailed to the walls as trophies; skulls of every size, strange tusked things, toothless sharks, an ibex skull with three horns. enormous mammoth tusks from siberia carved with runes framed all the double doors, and crossed spears above every mirror.   the pride of the collection was a piece co-owned by the brothers; one of the elgin marbles. an incredible bust of a centaur in glorious pose, bow poised to fire, enormously muscled but not so as to be grotesque. the centaur did not appear a wild thing, and had a looked of melancholy wisdom about his furrowed brow.   somewhere in the house, although i cannot recall where, the skeleton of the beast that hunted the denizens of gevaudan. i do know for a fact that this grizzly exhibit does exist as it is listed on the manifesto of items in the portion of stately homes of england dedicated to the powers plot. i cannot verify as to the validity of the article but i'd vouch that many a french peasant eats well selling a hundred such cryptozoological items. i shudder to think of the smallfolk who suffered under the beasts reign of terror. the beast was cunning and successfully avoided waves of eager bounty hunters looking to claim the sizeable reward. it would never attack a group as it is in nature. the ewe that strays from the flock makes light work for wolves and worse. servant girls would be found dismembered and grossly mutilated only moments after leaving the security of the settlement. the flesh was not always consumed either. the beast was not hunting out necessity and instead fulfilling some sick perversion. poisoned and drunk on the blood humankind. could the hell hound i am to examine be a relation of this come to england, or worse, brought?   i have heard tales from reputable sources of large cats loose on the moors. some escaped from circuses and private menageries, others former pets released by their owners after quadrupling in size. perhaps these amateurs had merely uncovered the remains of an exotic pet. the grounds were no stranger to beasts from the dark continent; crimson parrots in enormous metal cages, striped fish that glowed when the moonlight fell on the pond, peacocks from india striding the grounds magnificently, ducks from canada. would it be completely out of question for a jungle cat to have made this castle its home? i think not.   on his extensive travels around china and africa studying prehistoric art richard power collected priceless artworks and looted great tombs of their treasures years before the arrival of most western antiquarians. his current horde included petroglyphs, gilded sarcophagi and even a mummified cat from a witch's bazaar outside khartoum. if richard powers was alive today he would sit coiled atop his twinkling dubloons with plumes of smoke trailing from either nostril, content to wait for judgement day in the cavernous treasury rumoured to exist beneath the house. now this ‘conspiracy’ is slightly more believable than the tales of vampirism and prostitutes found frozen, their last moments of panic etched on their disgusted countenance, bodies drained entirely of blood. that’s maine wood’s bosch if you ask me, but a treasury filled with egyptian secrets… that is more intriguing. an underground river flows out beneath the walls of the house into the mighty sa-hen-esh river, perpetually vomiting galloping white horses to dash against the rocks. one can easily imagine a boat snaking the bends by night, illuminated by a single lantern, a chest full of smuggled artefacts in tow. now that i've written this all out, i see that this could also serve a convenient way to covertly bring a big cat into the grounds, all without alerting the law.   the east wing of the house consisted of one long corridor lined with equally-spaced doors on either side in alternating colours. the pattern was blue left, red right, green left, gold right and so on for several meters. suits of old plate mail were nailed to plinths in the spaces between each entrance, some with their visors up, revealing the shadowy nothingness within, their arms tight to the torso and bent at the elbow clutching tight on their halberds. others had their visors down holding their shields near their torso with swords sheathed. their heraldic crests were emblazoned there in majestic golds and silvers, with gold-leaf tassels dangling from the sides.   according to the rumours all of the suits with closed visors contained embalmed corpses; some of them acting as metalurgic mausoleums for deceased heirs. and others containing corpses looted from the valley of kings pre-napoleonic rediscovery, and the only way to tell heir from ancient was by examining the crests. some of which were said to be false artworks created specifically to be understood by members of a secret order, like templars or rosicrucians, only confined to worship of ancient egyptian deities. i don’t know whether any credence should be paid to the rumours but i can say with some authority that rich powers did have a penchant for symbolism and numerology. if there ever was some eccentric left in the arab sun too long, present company excluded, who would commission these wonderful artworks for such a convoluted purpose, it was him. the late custodian of the baronage passed some seventy years ago but rumours of his interest in the occult abound still.   many of the great houses had fallen to destitution in recent years as their custodians gathered dust on gilded thrones, having sent the best of their heirs to serve in france among the officer classes. although the bulk of the bef was made up of working class men, miners and teachers, the aristocratic classes were decimated. such was the way of war. these men playing chess with the lives of the small folk would, to fulfill their end of whatever faustian pact could've caused such a prolonged and terrible slaughter, had to give up their own sons. of course not all these elderly lords were callous in sending their offspring to foreign soil, perchance to die. many wrote letters to school chums and former colleagues now occupying lofty administrative positions requesting exclusion for their boys in exchange for kind press or monetary reward. all such offers were of course denied. what kind of message would that send to the powerful gentry of the country, who held much sway with the royals, that some men's sons may live and others still must away to hades? i fear the recruiting offices would have been empty by that very evening and the recruiting sergeants left in a right awkward position, and forced to become creative with the methods their jingoistic crusade employed. powers had lost three sons in the war, two at mons during the terrible combat there, and another at ypres. the angels had not seen fit to protect them. that dread sound of motorcycle tyres scraping on pebbles as it stirs to a halt, the clicking of medals on a uniform breast as the messenger spans the drive, the measured footfalls of a military gait approaching the door, closer now and the parent white-faced behind knowing what dread news awaits.   again canines find a way to embroil themselves. many parents report seeing ominous black dogs in the morning mist in the days and hours before the bad news arrives from overseas, and the black dog is a symbol of significance in the practice of reading tea-leaves, rather a victorian fancy but it has its practitioners and defenders still. i believe siegfried sassoon’s mother employed the help of a medium in an attempt to communicate with her deceased son - the poor creature.   folklore and farmyard chatter aside; the powers had deep roots here. a powers had lived on this land since at least 1640. who knew what secrets those whispering old stones might yield to those inclined to hear.  fortunately the lord has a nephew, strong, sensible and of age. lord nigel power, earl of sookford and 3rd baron of westian, current custodian of the powers estate was not an unkind man, scholarly and stoic like the greek philosophers he admired and quoted in his cups, but always keen to share a nod and chat in passing. not to give the impression that we are acquainted for i hardly know the man but to don my hat in passing, occasionally passing comment if the weather be fine or noteworthily tempestuous. word around the fountain says that lord power intends to put his vast knowledge of the classical world to use in his retirement, wherein he hopes to compile in seven volumes a history of the peloponnesian wars in the bronze age aegean sea.  his deceased uncle wished for the construction of a pleasure garden in his honour, following the sale of his assets. his advanced age will account for why they are currently constructing a most victorian folly.  i wonder did richard glean any smidge of happiness or any notion of the arcane knowledge he sought from his archives in the long evening of his life, waiting to meet his sons and commend their bravery in heaven. perhaps it's true what is said about a man who lives to bury his children; he dies two deaths; the first when everything he was before fragments and scatters to dust and the second when he truly expires, a husk eagerly awaiting the trot of mort’s destrier - foul black knytmare!  you see even now as i write with shaking hand that my mind is infected - i am leaning toward gothic fancy! i hope this will give you an inkling then into my apprehension, for although i remain a skeptical-leaning agnostic with regard to the otherworldly, the ominous setting and eerie descriptions in the letter had transported me to an irrational world.   already i was noting my "",,,,,,,,,,,,,,,,,,,,,,,,,,
wn apprehension, every step measured, holding my breath unless absolutely necessary. the wintry grass crunched beneath my boots and i stood hypnotised almost, craning to see the lip of the battlements on the outer wall. a fortress fit for a martial family. arrows, oil and boulders would have rained down from on high decimating the invaders attempting to mount their ladders. flaming arrows igniting the siege towers forcing men to jump from a great height into the throng of spears and pikes below, often dashed on the points. a mighty gust suddenly swept past me violently, lifting my jacket tails and it carried a faint sound of distant battle, a prolonged scream, a snippet of intense roaring fire and the thwack of archers in tandem. i shivered and begged the spirits leave me and confine their unrest to the isolated places of the world.   grim faeries nestled in the thickets of wildflowers, i imagined their spritely ceilidh neath the spotted mushroom caps, leaping from one swaying grass stalk to another, their intricate but infinitesimally small fiddles nestled in the crook of their necks. foul puka in the form of red-eyed goats mocked me from behind boundary fences. my own breath steaming from my lips in plumes despite the warmth, as the dark fog that escaped the nostrils of jörmungandr, his scaled belly pregnant with angry fire.  the last light faded as i approached the enormous wrought iron gates of the grounds, the rails jagged black spears rising from the capstones, decorated in the middle with a black bas relief.  i pushed open the gate and it dragged on its hinges, howling while it swung. the dread chorus was so shrill and how long it lasted - i almost had to place my fingers into my ears for relief! this fright rather knocked my senses. i stirred for a moment to gather myself. every loose stone, dancing leaf and singing spring breeze now whispered portents. i shook my head and ignored whatever gnostic delphian beckoned. if the third eye existed, and scientific fiction magazines wrote that it could be opened by stimulating the pineal gland with a kind of resonant electric current, mine was opened naturally then. i accepted the languid way the gate swung as a sign of reluctance to permit my entry. these old places did not lightly relinquish their secrets and it was well possible that some unseen malevolent force did not want me there that night. what happened next only exacerbated my fears.   i immediately made a sharp right turn upon entering the compound, moving from the long and winding gravel drive lined with golden cedars at every turn and down a snaking path trodden through the grass and mud, towards a glow some distance away that i assumed was the site. i scrambled through the darkness with my forearm raised to shield my eyes from sharp branches. i feared what i might see lurking in the shadows. my assumption was correct and i emerged from the copse at the servants graveyard.   the site had been cordoned off with rope and torches placed in the ground illuminating the site for my investigation. a small crowd gathered, huddled together for warmth near one of the beacons. a man turned, evidently the one who penned the letter and waved for me. there were fifteen or more grave markers in the small fenced square. grass grew grey and sickly there. scions of jagged rock tore through the topsoil giving the impression of a golem just beneath the firmament. this field must have been the only spot of that land that didn't get a healthy blossom,"" small surprise it was designated such a dark purpose. the owner had little use for land that didn't yield coin.""",1
278467,"26m4f - sexy ebony wanted for non-con race play i've done race play with asian girls on here (and one very fun indian girl), but lately what i'm really in the mood for is some race play with a black girl, the darker skinned the better (a hispanic girl would be fun too ;) ). i'm not particularly certain what scenario i want to use, but here are some of my already established prompts (mostly non-con but that's up for negotiation) that we could add race play to:  when a chubby chaser catches up http://redd.it/2j304h  retail revenge http://redd.it/2g66sq  pinup girl http://redd.it/2fnkzx  breaking in the new maid http://redd.it/2ez788  a simple prostitute rp http://redd.it/2dyalf  semi-public rape http://redd.it/2del7a  followed out of the club http://redd.it/2ntknk  on the beach http://redd.it/2nplse (borrowed with permission from /u/typhos1234, link goes to his post, reply to me)  bonus points if you've picked out one of these scenarios (or narrowed it down to 2 or 3, if i wanted to pick for you i'd have reposted what i wanted) and, especially, a pic of what you want to look like even if you pulled it off of google, /r/ebony, /r/chocolatemilf, or /r/womenofcolor. i can let you pick from a few if you really don't want to search however.",1
131513,why do african americans and others from low-income neighborhoods usually film with their smart phones in portrait mode?,1
898463,"every single slur abbie, abe, abie  abc  abcd  abid/abeed  abo/abbo  afro engineering, african engineering or nigger rigging  ah chah  ali baba  alligator bait / gator bait  alpine serb  ang mo  ann  annamite, mites  ape  apple  arabush / aravush (ערבוש)  argie/argies  armo  aseng  ashke-nazi (אשכנאצי)  aunt jemima/aunt jane/aunt mary/aunt sally  bamboula  balija  banana  barbarian  beaner / beaney  bluegum  boche / bosche / bosch  boeotian  boerehater / boer-hater / boer hater  bog / bogtrotter / bog-trotter  bohunk  bong  boong / bong / bung  boonga / boong / bunga / boonie  bootlip  bougnoule  bounty bar  bozgor  brownie  buddhahead  buckra, bakra  bule  burrhead / burr-head / burr head  cabbage eater  camel jockey  carcamano  chankoro  chee-chee, chi-chi  cheesehead  cheese-eating surrender monkey  chefur (čefur)  chernozhopy  chilote  ching chong  chinaman  chink  chinky  chonky  christ-killer  choc-ice  chug  chukhna  churka  ciapaty, ciapak  cina/cokin  coconut  coolie  coon  coonass, coon-ass  cracker  crow  crucco  curry-muncher  cushi, kushi (כושי)  dago, dego  dal khor  darky / darkey / darkie  dhoti  dink  dogan, dogun  dothead, dot  dune coon  eight ball, 8ball  eyetie  fenian  feuj (verlan for juif)  fjellabe  flip  fritz, fricc, fryc, фриц, fricis  frog, froggy, frogeater  fuzzy-wuzzy  gabacho  gaijin (外人)  gammon  gans (ганс)  gin  gin jockey  godon  golliwog  golliwog  goombah  gora  goy, goyim, goyum  grago, gragok (shrimp)  greaseball, greaser  gringo  groid  gub, gubba  guiri  guizi (鬼子)  guido, guidette  guinea, ginzo  gusano  gweilo, gwailo, kwai lo (鬼佬)  gwer  gyopo, kyopo (교포)  gypsy, gyppo, gippo, gypo, gyppie, gyppy, gipp  hairyback  hajji, hadji, haji  half-breed  haole  heeb, hebe  hick  hike  hillbilly  honky, honkey, honkie  hori  hun  hunky, hunk  hymie  ikey / ike / iky  ikey-mo / ikeymo  indon  indognesial / indonesial  inyenzi  injun  jakun  jap  japie, yarpie  jerry  jewboy  jigaboo, jiggabo, jigarooni, jijjiboo, zigabo, jig, jigg, jigger  jidan  jim crow  jock, jocky, jockie  jungle bunny  kaew  kaffir, kaffer, kaffir, kafir, kaffre, kuffar  kaffir boetie  kalar  kalia, kalu, kallu  kanaka  kanake  kano  katsap or kacap or kacapas  kaouiche, kawish  kebab  keling  kharkhuwa  khokhol  kike or kyke  kimchi  knacker  kolorad  kraut  labas  laowai 老外  lebo, leb  limey  locust (蝗蟲)  londo  lubra  lugan  mabuno/mahbuno  mayonnaise monkey  macaca  majus (مجوس)  malakh-khor (ملخ خور)  malaun  malon  malingsia / malingsial / malingsialan  mangal / mango / mangasar  marokaki (מרוקקי)  mau-mau  mayate  mick  mocro  mof (singular)  moffen (plural)  momo/momos  moskal, москаль, маскаль, moskal, moskowiter  mountain turk  mulignan/mulignon/moolinyan  munt  nawar  nere  niakoué  niglet  nig-nog or nignog  nigger / niger / nig / nigor / nigra / nigre / nigar / niggur / nigga / niggah / niggar / nigguh / niggress / nigette / neger  nigger toe  nip  nitchie / neche / neechee / neejee / nichi / nichiwa / nidge / nitchee / nitchy  non-pri, from non-pribumi  northern monkey  nusayri  ofay  oláh  oreo  oven dodger  overner  paddy  paki, pakkis, pak  palagi  paleface  pancake face, pancake  pastel de flango  peckerwood  pepper or pepsi  petrol sniffer  pickaninny  piefke  pikey / piky / piker  plastic paddy  pocho / pocha  polack, polak, polock  polaco  polentone  pom, pohm, pommy, pommie, pommie grant  porch monkey  porridge wog  portagee  potet  prairie nigger  prod  pshek  quashie  raghead  rastus  razakars  redlegs  redskin  roske, roske  rooinek  roto  roundeye  russki  sambo  sand nigger  sassenach  sawney  scandihoovian  seppo, septic  schvartse, schwartze  sheboon  sheeny  sheep shagger  shelta  shiksa (female), shegetz (male)  shine  shkije  shkutzim  shkutor, škutor  shylock  sideways vagina/pussy/cooter  skinny  skopianoi  skip, skippy  slant, slant–eye  slope, slopehead, slopy, slopey, sloper  snowflake  snow nigger  smoked irish/smoked irishman  soosmar-khor: (سوسمار خور)  sooty  southern faerie, southern fairy  soutpiel  spade  spearchucker  spic, spick, spik, spig, or spigotty  spook  squarehead  squaw  swamp guinea  tacohead  taffy or taff  taig, teague, teg, teig  tanka  tar-baby  teapot  terrone  teuchter  thicklips  tibla  timber nigger  ting tong  tinker / tynekere / tinkere / tynkere, -are / tynker / tenker / tinkar / tyncar / tinkard / tynkard / tincker  toad  towel head  touch of the tar brush  turco-albanian  turk  twinkie  ukrop  uncle tom  vatnik, vatnyk, vata  veneco  wagon burner  wasi'chu, wasichu  west brit  wetback  white ears  white interloper  wigger / whigger / wigga  winklestain / winkley  white trash  whitey  wog  wop  xiao riben  yam yam  yanacona  yank  yankee  yellow  yellow bone  yid  yuon  zip, zipperhead  zhyd, zhid, zhydovka, zhidovka  bugger  cocksucker  motherfucker  cuntboy  khanith  shemale  tranny  angry white man  beta male (slang)  black buck  bubba  dick (slang)  dickhead  ergi  fruit (slang)  gammon (insult)  girlie men  himbo  lothario  lounge lizard  mother's boy  neckbeard (slang)  prick (slang)  simp  sissy  soy boy  twink (gay slang)  battle-axe (woman)  becky (slang)  bimbo  bitch (slang)  boseulachi  cat lady  cock tease  crone  cunt  doenjang girl  dog poop girl  dyke (slang)  essex girl  fag hag  feminazi  floozie  gold digger  hag  harpy  karen (pejorative)  kyōiku mama  loosu ponnu  miss ann  nakusha  pick me (slang)  queen bee (sociology)  shemale  shrew (stock character)  slut  spinster  squaw  suzy homemaker  termagant  trophy wife  twat  virago  wags  welfare queen  whore  batty boy  dyke (slang)  fag bomb  faggot (slang)  homintern  queen (slang)  sea queens  bible beater  bible thumper  cafeteria christian  fundie  god botherer  rice christian/ricebag   campbellite  holy roller  jaffa  orangie  prod, proddy dog   russellite  shaker  soup-taker  spike  left-footer  fenian  mackerel snapper  mick  papist  red letter tribe  redneck  roman catholic  shaveling  taig  mormon  molly mormon  jack mormon  abbie, abe, and abie  heeb, hebe   hymie  ikey, ike, ik  ikey-mo, ikeymo  jewboy  kike  mocky, moky, moxy, mockey, mockie, mocky  moch   red sea pedestrian   sheeny  shylock  yakubian  yid  zhyd, zhid, zhydovka, zhidovka  mussie  quran thumper  hajji, haji or hodgie  mohammedan  raghead, towelhead  osama  clam  giaour  heathen  infidel  kaffir  pagan  shiksa (female), shegetz (male)  cult, cultist",1
860815,"spain question? hello im interested in buying a property in spain and where in spain is best to buy a property also i find spanish women extremely attractive but im black and i only speak english, will i have any problems there?",1
420265,"so tbs just offended the shit out of me by sending me the list of words i can't say on tv when they film my stand-up... *i'm participating in tbs' college comedy competition where they go around to different schools around the country and give kids the opportunity to do a few minutes of stand-up, after which the audience votes the best members onto the next round until they find america's funniest college stand-up.*  *i've never really done stand-up before, i was gonna try out some alternative comedy, but who knows. all i know is that i just got this email from tbs stating the following:*   **official performer rules for the talent search event:**  since tbs is the presenting sponsor, we need to keep it cable-tv-clean. absolutely no profanity and nothing ""vulgar"".   please review the attached document outlining specific restricted language and discretion guidelines.  - illicit drug use should not be portrayed in a positive or comedic light. - avoid wearing clothes with visible logos or explicit language. - do not trash-talk trademarked entities. - don't mention personal contact information including phone numbers, email addresses, twitter handles, facebook urls, etc. - no racial or homosexual slurs...**duh!** - avoid phrases that **treat the names of gods**(redditor note: wtf?) in a profane or negative manner.  **-as a reference, just think to yourself...""would i ever hear conan or george lopez deliver a joke of this nature and not be 'bleeped' by tbs?""**  and in terms of referencing companies, just think to yourself... ""if i were an advertiser on tbs, would i pull my ad/commercial based on the spirit of this joke?  violation of any of these rules may lead to disqualification.  if you have questions about these rules, please contact us with your material to review.   *ok...let me just go ahead and check my attachments...hmm, ok, here we go...whaaaaaaaaaaaaaaaaaaaattttttt?*  (note: terrifying and potentially offensive content ahead)  **restricted language**  1.vulgarities: bush (vagina), carpet muncher, cock, cocksucker, cum, cunt, dick (as sexual intercourse), fuck, gash (as vagina), hair pie, hole (as vagina), motherfucker, muff diver, poon-tang, pussy (as vagina), snatch (as vagina), or twat.  a.	vulgarities are not to appear on clothing or in images/ props b.	vulgarities in other languages should be treated in the same way as if they were in english. 2.	racist/ hate language: turner does not permit the use of racial or other slurs for comic effect if intended as derogatory or mean spirited.  a.	racist: baboon, biscuit head, **boy** (when used as a slur toward an adult african american male), bumbarah, caffer, camel jockey, chief, chin, chink, coon, cotton picker, curry, dago, dark cloud, darkie, **dicky dow**, dink, **frog**, gook, grease ball, grease cake, guinea, half-breed, **harry krishna**, heeb, high yellow, jap, jew boy, jig, kaffir, kike, monkey, nigger, nip, oreo cookie, paddy-daddy, pickaninny, polacks, porch monkey, redskin, slant, slope, spade, spic, spook, **spear chunker**(redditor note: original spelling), taco maker, towel head, wetback, wop, yellow men b.	homosexual slurs: ac/dc, banana eater, **bonesmoker**, butt plugs, **doo-doo chaser**, dyke, faggot, fairy, flamer, fruit, homo, lesbo, maricon, nancy-boy, on the pink team, pansy, poofster/ poofter, queen, queer, **rump ranger**, rump wrangler, sissy/ sissy pus(as a homosexual slur), sugar plum, tuttie fruitti  **discretion necessary**   these words, in this or any form, **may be allowed** context and situation depending: asshole, asswipe, blow (as a sexual act), blow job, bullshit, clit, dick (as penis), fingered (as a sexual act), piece of ass, prick (as penis) shit, suck (as ‘dicksuck’, **‘suckhole’**, or a sexual act like ‘suck you off’), suck my ___, suck ass, t’aint, wax that ass (as sexual intercourse), wet or get wet (as sexual state)     *tbs: very funny.*    **edit: because some people are getting confused: i'm not making this an issue about free speech or rules or sticking it to the man. this is just a funny list of expletives that tbs sent me. someone typed this up as part of their $9/hr day. i found that funny. the redditors crawling out of the woodwork to debate the issue at hand as if i have some vast misunderstanding of the way the world works, are clearly picking a fight that they've been waiting to pick for some time. but i'm not your guy. sorry. just here to laugh at words like ""spear chunker."" have a good day.**",1
469276,"youpost, free south african classifieds",0
286219,nigwantskfc? nigwantskfc. nigwantskfc? nigwantskfc!!! nigwantskfc,1
260346,"my thoughts on the ending and did the father redeem himself? quick edit for context. i recently rewatched this movie over the weekend and i've been thinking about it ever since. i haven't watched or read any theory content on the web yet but this is what i came up with. i wanted to post it to see how wrong i was :p  the ending scene almost reminded me of the christian ""rapture"". often in a movie where there's a scene regarding the rapture, people always float up and ascent to heaven. out of all the family members, thomasin was the only one to take part in something similar to the event.  i  feel that thomasin just so desperately wanted to be a part of a community or family and by the end of the movie her family for the most part have just shunned and blamed her the events happening to them. satan, at the end of the movie is basically offering her what she had at the plantation and without any of her family alive anymore, it probably seemed like an okay deal.  i think it's interesting that the only character that was straight up killed by black philip was the father. i think that may have been because he completely and sincerely confessed his weakness (pride) and was starting to do the smart thing by bringing them back to the plantation. the morning he was killed he woke up looking happy (at least in my opinion) and refreshed, almost as if he had been cleansed from the toxic taint that has infected his farm. i also feel as if the father was the only one who ever gave thomasin the benefit of the doubt and tried to resolve the issue in a less drastic way. he seems to kind of redeem himself a bit as the movie goes forward such as when he confesses to stealing the cup (it was very late, though) and making a sincere prayer to god regarding his pride and asking to be destroyed if it means it will save his children. father also set into motion the transition of moving back to the plantation and i believe the day he was killed was the day they were going to leave.  i feel as if the mother was too grief stricken and filled with resentment towards thomasin to ever be strong enough to resist the evil forces around her trying to manipulate the family.",0
233521,"influx of black renters raises tension in bay area.  whites don’t like loud parties, pit bulls, prostitution, drug dealing, and muggings.",1
385345,the black legend (via epic meal time),1
128789,"new ""ape, bluegum, boogie, buck, buffie, burr head, coon, eggplant, golliwogg, jigaboo, jim crow, jungle bunny, macaca, mammy, mosshead, nig-nog, nigger, niglet, nigra, pickaninny, porch monkey, powder burn, quashie, sambo, smoked irish, sooty, spade, spook, tar baby, thicklips"" day are the best. edit: i messed up! i didn't mean to put that in the title!",1
265574,"it's a site for niggers to try to turn the need for raping women and children in to ""the white women being too sexy and flaunting and begging for some monkey niggers to rape, torture, and kill us.",1
920637,"what exactly would it mean to be a 'mechanic' in 1770s america? the specific context is the georgia state constitution of 1777, and it says:   &gt;art. ix. all male white inhabitants, of the age of twenty-one years, and possessed in his own right of ten pounds value, and liable to pay tax in this state, or being of any mechanic trade, and shall have been resident six months in this state, shall have a right to vote at all elections for representatives, or any other officers, herein agreed to be chosen by the people at large; and every person having a right to vote at any election shall vote by ballot personally.",1
459729,"[nsfw] tsktsk filter v2.0 **tsktsk filter v2.0** *changelog:*  * fixed filter errors * added and removed certain words * renamed to tsktsk filter  *code:*      # automoderator tsktsk profanity filter v2.00     # created by /u/cyborg4     # auto-removes profanity and warns the user     # you can use the keyword ""testtesttest12345"" in any post to test this filter     # suggestions? [click here to message the creator](http://www.reddit.com/message/compose/?to=cyborg4&amp;subject=tsktsk+filter+suggestions)       title+body: [arsehole,assfuck,assfucker,asshat,asshole,ass-hole,assholes,assholes,ass-holes,assmonkey,assmunch,assmuncher,asspacker,asspuppies,assranger,bumblefuck,bumfuck,cameljockey,carpetmuncher,clogwog,cockblock,cockblocker,cockcowboy,cockknob,cocklicker,cocklover,cocknob,cockqueen,cockrider,cocksman,cocksmith,cocksmoker,cocksucer,cocksuck,cocksucked,cocksucker,cock-sucker,cock-sucker,cocksuckers,cock-suckers,cocksucking,cock-sucking,coolie,cornhole,crotchjockey,crotchmonkey,cumjockey,cumquat,cumqueen,cumshot,cunnilingus,cunntt,cunt,cuntfuck,cuntfucker,cuntlick,cuntlicker,cuntlicking,cunts,cuntsucker,darkie,darky,datnigga,dickforbrains,dickhead,dickless,dicklick,dicklicker,doughnut-puncher,dripdick,dumbfuck,dyefly,facefucker,fag,faggot,faith,fannyfucker,fastfuck,fatfuck,fatfucker,fckcum,felch,felcher,felching,feltch,feltched,feltcher,feltcher,feltchers,feltches,feltching,feltching,fingerfuck,fingerfucked,fingerfucker,fingerfuckers,fingerfucking,fistfuck,fistfucked,fistfucker,fistfucking,footaction,footfuck,footfucker,fourtwenty,freakfuck,freakyfucker,freefuck,fuc,fucck,fuck,fucka,fuckable,fuckbag,fuckbuddy,fucked,fucked,fuckedup,fucker,fuckers,fuckface,fuckfest,fuckfreak,fuckfriend,fuckhead,fuckher,fuckin,fuckina,fucking,fucking,fuckingbitch,fuckinnuts,fuckinright,fuckit,fuckknob,fuckme,fuckmehard,fuckmonkey,fuckoff,fuckpig,fucks,fucktard,fuckwhore,fuckyou,fudgepacker,fudge-packer,fugly,goddamnmuthafucker,goldenshower,handjob,headfuck,heeb,hindoo,holestuffer,honger,hosejob,hymie,iblowu,intheass,jackoff,jackshit,japcrap,jebus,jeez,jerkoff,jigaboo,jiggabo,jiggy,jijjiboo,jimfish,junglebunny,kaffer,kaffir,kaffre,kafir,kanake,kigger,kike,kinky,kissass,kkk,knife,knockers,kock,kondum,koon,kraut,kum,kumbubble,kumbullbe,kummer,kumming,kumquat,kums,kunilingus,kunnilingus,kunt,kyke,limey,limpdick,lovejuice,lovemuscle,lucifer,luckycammeltoe,mocky,mofo,moky,mothafuck,mothafucka,mothafuckaz,mothafucked,mothafucker,mothafuckin,mothafucking,mothafuckings,motherfucked,motherfucker,mother-fucker,motherfuckers,mother-fuckers,motherfuckin,motherfucking,motherfucking,mother-fucking,motherfuckings,mufflicker,mulatto,muncher,munt,muthafucka,muthafucka,muthafucka,mutha-fucka,mutha-fucka,mutha-fucka,muthafucker,mutha-fucker,muthafuckers,mutha-fuckers,muthafucking,mutha-fucking,mutherfucker,muther-fucker,mutherfuckers,muther-fuckers,mutherfucking,muther-fucking,nastyho,nastyslut,nastywhore,nigga,niggah,niggards,niggard's,niggaz,nigger,niggerhead,niggerhole,niggers,nigger's,niggor,nigguh,niggur,niglet,nignog,nigr,nigra,nofuckingway,nookey,nookie,noonan,nooner,noons,nude,nudger,nuke,nutfucker,ontherag,orgy,osama,payo,pearlnecklace,peckerwood,pee,pendy,penis,pillow-biter,phuk,phuked,phuking,phukked,phukking,phungky,phuq,pi55,picaninny,piccaninny,pickaninny,piker,pikey,piky,pimp,pimped,pimper,pimpjuic,pimpjuice,pimpsimp,pindick,piss,piss,pissed,pisser,pissers,pisses,pisshead,pissin,pissing,pissoff,pisstake,piss-take,pissy,pocha,pocho,pocketpool,pohm,polack,poo,poof,poofter,poon,poontang,poop,pooper,pooperscooper,pooping,poorwhitetrash,popimp,porchmonkey,pornprincess,pric,prick,prickhead,pricks,primetime,pronk,prostitute,protestant,pu55i,pu55y,pube,pubic,pubiclice,pud,pudboy,pudd,puddboy,puke,punkass,punk-ass,puntang,purinapricness,puss,pussie,pussies,pussies,pussy,pussy_ass,pussy-ass,pussycat,pussyeater,pussyfucker,pussylicker,pussylips,pussylover,pussypounder,pusy,quashie,queef,quickie,quim,raghead,redneck,reefer,reestie,rentafuck,rimjob,roundeye,rump,russki,russkie,sadis,sadom,samckdaddy,sandm,sandnigger,scag,scallywag,scat,schlong,screwyou,scrotum,sexy,sexymoma,sexy-slim,shag,shat,shav,shawtypimp,sheeney,shhit,shinola,shit,shit_head,shitcan,shitdick,shite,shiteater,shited,shited,shiter,shiters,shitey,shitface,shitfaced,shitfit,shitforbrains,shitfuck,shitfucker,shitfull,shithapens,shithappens,shithead,shit-head,shithouse,shiting,shitlist,shitola,shitoutofluck,shits,shitstain,shitted,shitter,shitters,shitting,shitty,shortfuck,sixsixsix,sixtynine,sixtyniner,skankbitch,skankfuck,skankwhore,skanky,skankybitch,skankywhore,skinflute,skum,skumbag,slideitin,slimeball,slimebucket,slopehead,slutting,slutty,slutwear,slutwhore,smackthemonkey,snatch,snatchpatch,snigger,sniggered,sniggering,sniggers,snigger's,snot,snowback,snownigger,sob,sodom,sodomise,sodomite,sodomize,sodomy,sonofabitch,sonofbitch,sooty,spaghettibender,spaghettinigger,spank,spankthemonkey,sperm,spermacide,spermbag,spermhearder,spermherder,spic,spick,spig,spigotty,spik,splittail,spooge,stagg,stiffy,strapon,stupidfuck,stupidfucker,suck,suckcock,suck-cock,suckdick,suckmyass,suckmycock,suck-my-cock,suckmydick,suckmytit,swallower,taff,tang,tantra,tarbaby,tard,hicklips,timbernigger,tit,titbitnipply,titfuck,titfucker,titfuckin,titjob,titlicker,titlover,tits,tits,tittie,titties,titty,tnt,towelhead,trisexual,tuckahoe,twat,twat,twats,twobitwhore,unfuckable,upskirt,uptheass,upthebutt,vibrator,wab,wank,wank,wanked,wanker,wanker,wankers,wanking,wanking,wanks,whacker,whash,whigger,whiskeydick,whiskydick,whitenigger,whop,whorefucker,wigger,wop,zigabo,zipperhead,testtesttest12345]     action: remove     comment: this post appears to contain profane language, which is not allowed. your post has been removed, and repeat offenders will be banned.     modmail: |         the above item contained profane language. issue a ban if necessary.          powered by [automoderator](http://reddit.com/r/automoderator) tsktsk",1
550670,"29 (mm4f) atlanta - one more try before new years! we are two attractive white males looking to bring in the new year in the best way possible, with you being the center of attention. pm us or kik us at jmdav299. let’s do this!",1
989704,❇️white girl. 22❇️❤️🌠merry xmas❤️🌠. your best slut for christmas😍🌲 pics🎊 vids🎊 sext 🎊cam🎊fimdom🎊gfe🎆🎄. kik only buyers🌟 kik / telegram bridgetteb21🎄 snap bridgetteb2112✨,1
351829,"25 [m4f] #palmsprings - i love going down on a woman! hey, what's up? my name is chris, i'm 25, caucasian, 6 ft tall, and interested in going down on a woman! no reciprocation required!  i cant host, and i'll only be in palm springs for 3 more weeks. send me a message, and i'll send a picture back! maybe we could meet up first and see where things go! hope to hear from you soon!",1
692937,"whatever happened to bobby blythe, owner of the dojo where that schizophrenic man was beaten and possibly killed? remember, the skinny black guy who claimed jesus was his teacher? the dojo guys brought him in and beat the crap out of him and it looked like he was dead when it was over. i haven't seen any news updates about it. has anyone heard anything? here's a previous reddit link about it: [http://www.reddit.com/r/wtf/comments/9chmm/mentally_challenged_man_beaten_to_death_nsfw_lets/](http://www.reddit.com/r/wtf/comments/9chmm/mentally_challenged_man_beaten_to_death_nsfw_lets/).",1
505267,series explores being 'black in latin america' : npr [audio],1
529366,"a few quick stats to refute the ""blacks will always be extremely violent savages"" argument. a lot of the racists on reddit theorize that the vast majority of black crime in america is caused by their faulty genes. the logical conclusion from this theory is that black criminality in america will always be rampant. many of them argue that this is the reason that blacks cannot function in civilized society, and that this is the reason why they are justified in being racist. but when we look at the data, we can see that the conclusion is unsupported. i'm just going to post some quick statistics that i believe indicate that future black criminality will be extremely less rampant than it is today, which puts doubt to the genetic theory and to the justifications that many people use for their racism.  first, let's look at the general change in imprisonment rate for whites and blacks over the past thirteen years. number of non-hispanic male prisoners per 100,000 populations:  year | white | black :--: | :--: | :--: 2000 [[1]](http://www.bjs.gov/content/pub/pdf/p00.pdf) | 449 | 3,457 2010 [[2]](http://www.bjs.gov/content/pub/pdf/p10.pdf) | 459 | 3,074 2013 [[3]](http://www.bjs.gov/content/pub/pdf/p13.pdf) | 466 | 2,805  between the years 2000 and 2013, the imprisonment rate for white males *increased* by 3.79%. for black males during this same period, the imprisonment *decreased* by 18.86%. that's pretty good news in itself, but there's two particularly interesting facts about this data: (1) the decline is most sharp in the past 2-3 years, and (2) the decline is most sharp in young blacks, particularly those aged 18-19. here's the imprisonment rate for young blacks by age by year:  number of black male prisoners per 100,000 population by age by year  year | ages 18-19 | ages 20-24 | ages 25-29 :--: | :--: | :--: | :--: 2000 [[1]](http://www.bjs.gov/content/pub/pdf/p00.pdf) | 2,679 | 7,276 | 9,749 2011 [[4]](http://www.bjs.gov/content/pub/pdf/p11.pdf) | 1,544 | 4,702 | 6,883 2013 [[3]](http://www.bjs.gov/content/pub/pdf/p13.pdf) | 1,092 | 3,956 | 5,730  percent change (from above stats):  age range | 2000 - 2013 | 2011 - 2013  :--: | :--: | :--: 18-19 | -59.2% | -29.3% 20-24 | -45.6% | -15.9% 25-29 | -41.2% | -16.8%  as you can see, the *young* black imprisonment rate is nearly half of its rate thirteen years ago. in particular, the rate for black males aged 18-19 decreased by 60% since 2000. more impressively, in my opinion, is the fact that the rate for this group has decreased by 30% in just the past *two* years. that's a huge drop. to illustrate how massive this drop is, let's calculate what the black teen imprisonment rate would be in the future if this trend continued. if the rate continued to drop by 30% every two years, then that would imply that the rate in the year 2020 would be 313 prisoners per 100,000 population; this is lower than the imprisonment rate for white males aged 18-19 in the year 2002 [[5]](http://www.bjs.gov/content/pub/pdf/p02.pdf).   of course, crime and imprisonment trends can change dramatically year-by-year, and criminologists have always struggled to predict future crime trends; so it's best not to place too much faith over a two-year trend. however, it should probably be relatively safe to make predictions based on more long-term trends. if we do that, then the results are still optimistic. as stated earlier, since 2000, then black imprisonment rate for males aged 18-19 has decreased by 60% and the rate for males in their 20s has decreased by nearly 50%. therefore, even if the trends over the past two years are a fluke, the long-term trends still indicate that blacks will see massive drops in imprisonment in the future.  **conclusion:** based on my personal experience, crime seems to be the number-one excuse racists use to rationalize their racism. it is alleged that blacks will always be savage criminals because of their genes. this is the justification, they argue, for their racism; they should have a right to demonize and hate a group that lacks the ability to live peacefully in their society. hopefully, this post has shown that this justification is unsound. i believe that the data indicates that black criminality will *not* always be extremely high. black crime has been decreasing massively in the past two decades, particularly in most recent years, and particularly among the youngest blacks. these trends indicate that black criminality will continue to drop massively in the future.  edit: i may or may not add more stats to this post, depending on my mood.  ------  source information:  * [1] - [*prisoners in 2000*](http://www.bjs.gov/content/pub/pdf/p00.pdf) - table 15 on page 11 * [2] - [*prisoners in 2010*](http://www.bjs.gov/content/pub/pdf/p10.pdf) - appendix table 15 on page 27 * [3] - [*prisoners in 2013*](http://www.bjs.gov/content/pub/pdf/p13.pdf) - table 8 on page 9 * [4] - [*prisoners in 2011*](http://www.bjs.gov/content/pub/pdf/p11.pdf) - table 8 on page 8 * [5] - [*prisoners in 2002*](http://www.bjs.gov/content/pub/pdf/p02.pdf) - table 14 on page 9",1
115999,"why do they keep calling him african-american? he is as much white as black. does ""drop of black blood = black"" still apply in this country?",1
252745,nigeria upset with sony over recent tv commercials - wants an apology -,1
312936,"it says it on the georgia guidestones &amp; the dead sea scrolls: caucasian atheists , the 2nd &amp; lucifer's children. 2012 is increasing the magneticism of the electomagnetic spectrum of the melanated. they will be like super roaches that raid, guns &amp; nuclear weapons won't kill.",1
683941,"dance with manbungo ,the african warrior,every girls fantasy vs. 4 laughing babies by vj not sure | youtube doubler | mashup helper",1
645152,moka mora sucking a big white cock,1
761652,"i wrote this for a project. it's about rap music, cultural appropriation, and racial injustice. (i want to note beforehand that frannie kelley never gave me explicit permission to post this article with her interview publicly. she is an excellent journalist who gives great insight in this piece. i tried to reach out to her a number of times and unfortunately she hasn't been able to get back to me. if she finds this and wants me to take it down, i will immediately. but i figured it should get out there today as we once again are forced to discuss the frequent injustice and oppression of black america, in the face of two new viral police brutality cases. i hope it's okay. shea serrano, writer with *the ringer*, is also in here. he's great.)  #***black rhymes matter: a look at the role of race in rap music***  it was late 2014 when things started to get really uncomfortable. the year was kicked off by the 56th annual grammy awards in which black rapper kendrick lamar, whose introspective, socio-political themes and lyrical intricacy called back to the oft-celebrated olden days of the genre, was predictably nominated for best rap album for good kid, m.a.a.d. city, a concept album reflecting his days as a youth in the violent streets of compton, california. also nominated was seattle-based macklemore, whose unprecedented mainstream success in 2013 was seasoned with feel-good messaging about gay rights, sneaker culture, and middle-class whiteness.  and even though macklemore didn’t really, like, mean to win, he did.  **i**  hip hop was bred from black oppression. it roots in 1970s block parties in impoverished new york city, where many african-americans, along with latin and caribbean immigrants, labored in poor inner-city neighborhoods over a hundred years after the signing of the emancipation proclamation and a decade after the passing of the civil rights act. the music itself originated in the combination of drum breaks from funk and soul records under vocals derived from the jamaican music practice of “toasting”, which is a rhythmic talking or chanting over a beat by a performer referred to as a “deejay”. when an artist like lord jamar, a controversial rapper from the 90s new york group brand nubian, makes a comment saying that white people are “guests in the house of hip hop”, he is calling to the reality that black people created rap music and that therefore it exists as a prized possession of a culture that has historically endured so much.  the music came into the mainstream over the course of the 1980’s, growing to prominence along with aids and the war on drugs which continues to leave an inordinate amount of americans imprisoned, and a disproportionate amount of those being african americans. through all of this, hip hop became an art form through which the black community expressed the issues that plagued it. one of the earliest examples of this came in “the message”, the celebrated 1982 single by grandmaster flash and the furious five which was the catalyst for creating a crucial subgenre of rap music sometimes referred to as “conscious rap”, which is typically defined as when a rap artist focuses his/her lyrics on social and political issues. former la weekly and grantland writer shea serrano is the author of the rap year book, a best-selling novel chronicling what he and other authors dictate the most important rap song of each year beginning at 1979. “the message” was serrano’s selection for 1982. “’the message’ was pitch-perfect… (lead rapper) melle mel emoted out this beautifully colored picture of an austere and bleak new york that nobody had presented before. he talked about being frustrated by all the noise. he talked about homeless people eating garbage. he talked about receiving a subpar public education. he talked about always being surrounded by either rats or roaches or junkies…” (1)  hip hop’s relation to the struggles of poor black americans became essential to its developing relevance. the way these ideas were related often varied. the group public enemy of long island, new york kept their messages directly sociopolitical. “fight the power” is the obvious example; a rousing call to the black community to resist oppressive powers, a song which was created for and featured in spike lee’s influential race-themed film, do the right thing. a group such as n.w.a. (niggaz wit attitudes), on the other hand, was not exactly recognized for the conscious and pensive nature of their lyrics, but for the intense glorification of violence and money-getting coupled with depictions of ghetto life that hit close to home for many impoverished young black men in america.   the divide between what is considered more refined and intellectual hip hop and what is considered more ignorant hip hop is not a particularly strong or sizeable one. while both differentiate in their messaging and perspectives, they both share a common thread of originating in black poverty. **and while white people have never really been excluded from the culture, there have always been particulars that separate what comes off as participating and contributing to the culture and what comes off as appropriating it.**  **ii**  i started really rapping when i was 12. by then, it was 2008. the first artist that actually brewed an interest within me towards hip hop was mike shinoda of linkin park. he was asian, so he looked like me. he found ways to infuse rap into the rock music that i was most familiar with. i found writing raps as a cool refuge, a way to express myself as one of the quietest kids around my way, a way to tap into this apparent ability to put words together in an interesting fashion, and a way to get accepted by the cooler kids who were into eminem and kanye. i have been immersed in the music and the culture since then. i felt more at home talking about the artists, listening to the songs, dissecting the lyrics than i did doing basically anything else. i felt an ability to be myself through it; and a powerful, cool version of myself, too.  it’s not uncommon for white (or white-ish, in my case) people to find themselves engrossed in rap culture. for this article, i managed to have an e-mail interview with the brilliant frannie kelley, co-host of npr podcast microphone check. she is a caucasian woman. naturally, her take on her first encounter with rap music is so much more poignant than mine:  “i remember the first time i heard snoop’s “what’s my name” on the radio in my dad’s honda accord that didn’t have air conditioning. we were always listening to music really loud because the windows were down. i was in middle school in lafayette, calif., right on the other side of the oakland hills, in range of kmel, which had just become the first commercial radio station to go all urban. i had heard rap before but i hadn’t known it could sound that full, so many sounds and so free and tight at the same time. my mom asked me if i wanted to go in the drugstore with her and i was like no i’m cool please leave the keys.  “liking the music was totally normal for me and my friends, who were a fairly diverse group of pre-teens at a tiny catholic school who, for whatever reason, weren’t interested in using grunge to express our independence from our parents. our middle school dances were all ‘90s hip-hop and r&amp;b. there was an element of the boys using rap lyrics to flex, and the girls kind of understanding that rap could be a performance of masculinity in that way. …i didn’t really understand that white girls weren’t supposed to like rap until we moved to washington, d.c. when i was in eighth grade. my first friend at school was the lone black girl in our class, and we started talking because i had the odb album in my walkman. the other kids knew who he was but they were a little appalled that i would actually buy the tape.”  the pale-skinned purveyors of hip hop culture have not only been on the sidelines reporting and discussing it, but have always been on the microphone creating and empowering it, as well. frannie made sure this was pointed out to me: “i find it important to begin by saying that while hip-hop is of course an essentially black art form, that doesn’t mean there haven’t been people of other races in all of its rooms from the beginning.”  typically when white rappers are being discussed, eminem’s name gets tossed in the forefront. eminem is widely recognized as one of the greatest rappers of all time, and most certainly the greatest white rapper; he was the first rap artist ever to win an academy award for best original song, a winner of 15 grammys, and one of the most successful artists in the history of record sales. his lyrics often tap into the older days of hip hop and its legends, like rakim, in his relentless efforts at writing some of the most clever, intricate rhymes in rap history. but he’s far from the first white rap artist, and not even the first one to earn general respect from the black community. mc serch of 80s rap group 3rd bass was a jewish guy from far rockaway. another white 80s group, the beastie boys, drew widespread recognition both critically and commercially for albums like paul’s boutique and licensed to ill. but for as much work as those artists had done, there are still quite a few notable rap artists (who were probably strongly influenced and encouraged by the popularity of eminem) who emerged in the past few years and opened up a very tense dialogue about race—and not for the right reasons.  take rappers kreayshawn and v-nasty, two members of the group white girl mob which was put into the spotlight in 2012 after kreayshawn’s single “gucci gucci” was released to viral internet success. v-nasty got some heated negative press after people discovered her casual use of the word “nigga”, which she defended by citing her being raised in oakland with black friends who tolerated that from her. from xxl: “v-nasty also says she’s gotten comfortable using the n-word because in her circle, which includes black friends, too, it’s acceptable. ‘they’re used to it, they don’t give a fuck, you feel me?’ she says. ‘what, ’cause of my skin i can’t be ghetto?… in oakland it doesn’t matter.’” (2)  black people around the country debated whether or not the meaning of the word had changed and whether she was justified in feeling this way. the outrage that many felt regarding her choice of language foreshadowed the now-mainstream-and-still-tense debates over white people’s place in hip hop that would unfold over the next few years.  i talked with shea serrano via e-mail and he made sure to inform me of something that a lot of white rap fans might not quite get: this is not a new debate. “there've been white emcees for a long time. there was for sure an explosion of sorts in white people rapping after eminem came out in 1999, so probably what you're seeing is just the result of there being more white rappers.” frannie agreed: “i think there has been a rise in the mainstream visibility of conversations that were previously happening within smaller groups of people, often people with less access to platforms that broadcast their opinions to strangers.”  i asked shea for leads on the history of white rapper pushback. he gave me the answer i expected. “i remember seeing pushback with vanilla ice. that's the first time i remember seeing it but i can't say for certain.” without being prompted, frannie dropped the same name: “i vividly remember news magazines and tv news mocking vanilla ice, talk show hosts defending him and my third grade classmates heatedly debating the merits of ‘ice ice baby.’”  vanilla ice is quite easy to laugh at. first and foremost, he was never really considered a good rapper. in eminem’s movie 8 mile, lines like “your boys like, ‘how vanilla ice gon diss you?’” dropped by his rapping protagonist were well received. essentially, this line was channeling the widespread connotation that it would be shameful for a black rapper to get schooled by a white rapper, that white rappers are near-universally wack and corny, and that vanilla ice was the perfect embodiment of this idea. even the non-fictional eminem had a pretty unexciting beef with ice, which included the former’s quip about ice’s hit song “ice ice baby” making him feel like he “didn't want to rap anymore. i was so mad, because he was making it real hard for me.""  his persona was also goofy, and pretty questionable. a 1990 people article centered on vanilla ice at the peak of his novelty powers begins with a then 22-year-old ice questioning his identity: “i sit back in bed and think, 'why am i vanilla ice? why did i get into rap music? why didn't i go to college and become a lawyer?' i guess it's the way i grew up."" (5)  the way he grew up, as the story goes, was rough, and included an incident with a black gang where he ended up getting stabbed in the buttocks area. there were questions as to the veracity of these claims, and how bad he really had it. his mother gave an interesting quote for this same article: “the lies were a smoke screen to protect the privacy of the family… but a lot is true. economically, we weren't able to live in an elite part of miami. he was raised predominantly with blacks, and he definitely was in a lot of trouble. when he was stabbed, i nearly died. but things were better for a while in high school.”  as for vanilla ice’s standing on how his skin color related to his street cred: “it's not about skin color… rap is from the streets and i'm from the streets. that's why a lot of people accept me.”  **iii**  over those years, two female rappers have solidified themselves as not just fierce rivals, but completely unable to have a rational discussion with the other. both of them are named after flowering shrubs—one being iggy azalea of sydney, australia, and the other being azealia banks of new york city. it’s kind of unfortunate that their beef is one of the seminal moments in hip hop’s discussion of race in the 2010s, being that neither of them bears a track record worthy of fronting a noble cause for anything. they both have a penchant for saying the tasteless and offensive; iggy did so when spinning off a kendrick lamar line in her song “d.r.u.g.s.” in which she calls herself a “runaway slave master”, or in past tweets using the words “dyke” and “homo”. banks launches herself into a different stratosphere when it comes to tasteless comments, like when she suggested gang rape of sarah palin: “let's find the biggest burliest blackest niggas and let them run a train on [palin]”. (2)  but perhaps it is fitting that their feud was, for a time, central to hip hop’s discussion of race. it is in a sense emblematic of the kind of dialogue that is often had in the public eye when it comes to these matters; centered on an important and interesting subject, but diluted with attention and praise-seeking as well as personal venom to the point where said subject is essentially objectified and unable to be taken with the proper seriousness.  these two talented but controversial artists had been feuding for years, but it all came under one large public eye when banks got on hot 97 and vented what she felt was the deep, underlying problem in iggy’s success. from the huffington post’s article: “’that iggy azalea shit isn’t better than any fucking black girl that’s rapping today, you know?’ banks said. ‘when they give those awards out — because the grammys are supposed to be accolades of artistic excellence, you know what i mean? iggy azalea is not excellent. [...] when they give these grammys out, all it says to white kids is: ‘oh yeah, you’re great, you’re amazing, you can do whatever you put your mind to.’ and it says to black kids: ‘you don’t have shit. you don’t own shit, not even the shit you created for yourself,’ and it makes me upset.’” (3)  what really seems off-putting about iggy azalea is not just the fact that she’s a white rapper from australia making pop music; she does it in a voice that is not really her own. while most rappers add a bit of a distortion to their voice while performing, iggy’s is pretty over-the-top; she adopts what seems to be the accent of an atlanta rapper. when asked about it in 2013 by complex magazine, her response is this: “’if you’re mad about it and you’re a black person then start a rap career and give it a go, too. i’m not taking anyone’s spot, so make yourself a mixtape. or maybe if you’re black, start singing like a country singer and be a white person. i don’t know. **why is it such a big deal?’”** (6)  “it's offensive when she does it because it's clear she's trying to just imitate the voice and tonal inflection of a stereotypical southern rapper. it's essentially blackface but for ears,” says shea. for he and for many other hip hop heads, there is a line to be drawn with non-black rappers. you have to present yourself in a way that’s authentic to the person you are. “a non-black rap artist just has to rap in a way that is natural and reflexive to them. that's why some people like the beastie boys or eminem have always been seen as cool and acceptable while people like iggy or post malone are seen as leaches or parasites.”  it is not just a matter of honest self-expression. it is a matter regarding a tradition of blackface and whitewashing of blackness in american art since its inception. it is a matter regarding a tradition of art forms like jazz and blues that initiated in black struggle and became appropriated by white performers into white homes to create white money as the black pioneers were forced to capitulate to an america which would almost certainly not give them the same levels of respect and payment. **and rappers like iggy azalea seem oblivious to it, dishing out takes about white equality and disrespect towards her whiteness, expressing outrage at terms like beyonce’s “becky with the good hair” (7) while showing no outrage or concern towards the social issues and systemic oppression that lead to those ideas; ideas she feels so hindered by and, in reality, benefits greatly from.**  “it’s really important to talk about the choices major labels make in marketing white rappers differently from black rappers,” frannie adds. “it’s really important to talk about who programs commercial radio and why, the tone and volume of news coverage, the lowered critical bar, the fetishization of flipping a stereotype, ticket prices, the psychology of crowds and the demographics of album buyers. i would really appreciate it if a rise in the visibility of people saying ‘oh hell no’ meant a rise in the level of the dialogue surrounding the impact of white people’s role as consumers and commodifiers of rap. i can’t tell if that’s happening or not.”  **iv**  **hashtag blacklivesmatter came and, as of july 2016, never went.** jelani cobb’s sizable article for the new yorker detailing the rise of the movement attributes it to alicia garza, who, after george zimmerman’s acquittal in the highly publicized death of teenaged trayvon martin, wrote the following in a facebook status: “i continue to be surprised at how little black lives matter. and i will continue that. stop giving up on black life.” (4)  at the time, as a 16-year old white-ish kid, i was concerned with the divisiveness of the issue, about the idea of the mainstream media perpetrating a story to spark conflict between black and white people. but it doesn’t take too much digging and waiting to recognize a pattern. soon followed michael brown in torn-up ferguson, eric garner in staten island, laquan mcdonald in chicago. the time and the research makes you weary, sad, and tired.  i decided to talk to my friend trey about this. trey is an aspiring writer who wants the world to know he should really write the next static shock movie. we both attended st. joseph’s college together for a year, my first year, before trey graduated with a bachelor’s in english. trey has been a mentor, a good friend, and someone to talk about lupe fiasco with to an extent which would probably confuse most third parties. trey is also a tall black guy, with a pretty big frame and excellent dreadlocks. he’s not an example of someone who has undergone extreme violence or abuse due to his ethnicity, but he’s still perennially affected.  **“i’ve seen confederate flags on people’s cars and trucks around here, in the suburbs of new jersey, as well as being called a nigger three times a day in my freshman year of high school.”**  i asked trey about whether he ever feels fear in his day-to-day life because of his ethnicity.  “any time i’m around a cop… if i’m ever out at a bar and i’m speaking and i notice a large group of white people looking at me, i probably notice. that’s about it.”  “i don’t think you can easily separate white privilege in rap from white privilege in everything,” frannie kelley told me. i tried to gauge from frannie what your average white person, who needs not get extra nervous around police officers, who has never been mocked by the language used to break the bodies of his or her ancestors, who has never felt the weight of discriminatory laws and traditional prejudices, should do to remove their guilt and find a proper place in hip hop. “white people participate in life with black people. white people should talk out loud about what they feel, and about what they see and hear other white people do, regardless of their field.”  and what do the non-black artists need to do?  “don’t be a fucking idiot. don’t do it for the gram. don’t say the n word. give credit. pay homage. know your history. know yourself. if it doesn’t feel right, it’s not. if you get put on, put on as many other people as you can. care for black people as much as you care about black culture, which at minimum means educating your peers and family about racism and sexism and homophobia every time some shit goes down, even when it’s uncomfortable and especially in white, or male, or straight rooms. and extra especially in those straight white male rooms.”  in rap’s relatively short history, it has always closely been related to social issues. conscious rap, as mentioned in part i of this paper, has existed since the times of melle mel. songs like “the message” and “fight the power” and 1989’s “self-destruction”, a popular record about stopping violence in poor african-american neighborhoods featuring several prolific rap artists at the time like public enemy, heavy d and krs-one, were not only conscious of black america’s issues, but they reached popularity within the rap community. this has always been a tough thing to balance. it is hard to make music that appeals to a wider audience while also touching on important social issues, especially social issues regarding an oft-neglected 13.2% of the american population. artists tend to work on whatever end of the spectrum suits them best.  “i guess you have to find a balance with it all,” trey tells me. “with the mainstream it always seems like there’s either party rap or people trying too hard to be conscious and there’s no balance anymore.”  but kendrick lamar finds ways to reach that balance. bursting onto the scene with his 2011 lp section.80, which was independently released through top dawg entertainment, kendrick has constantly received praise for the detail and subject matter of his music. a popmatters review of this album gives an example of this: “like a young ice cube, he's only telling us what he sees, and while he might not offer solutions as often as o'shea did, he's certainly able to paint us vivid a picture.” his most recent full-length effort, to pimp a butterfly, was an incredibly well-received work which, at its release in march of 2015, became a magnum opus of the young black lives matter movement.  but in between those two records was kendrick’s major-label debut, good kid, m.a.a.d. city was released in 2012 to, as you might expect, heavy critical acclaim. it featured a radio hit in “swimming pools” which was about alcoholism and its correlation to peer pressure. it featured an album-long narrative surrounding kendrick’s youth in a dangerous, gang-ridden neighborhood. and it should have won a grammy, by many accounts. but it didn’t. it lost to macklemore and ryan lewis’ the heist, an album which wasn’t exactly whitewashed pop drivel. the heist had some songs about the dangers of sneaker culture (“wings”) and support of the lgbt community (“same love”). but it was also super white. even the songs about important social issues came off to many as featuring this white guy with a holier-than-thou attitude trying to change the dominant ideas of hip hop culture. that’s a bit of a shame, considering that macklemore has made music about white privilege in rap music (two songs literally being called “white privilege” divided into part i and ii, part ii being in response to the criticism he received after this album).  it’s worth noting that macklemore’s work might not be all that diligent. “what i actually hate about “white privilege ii” is its distance from its subject,” frannie kelley tells me. “the song is about macklemore’s intellectual and emotional separation from murder. i think he and his advisors believe that’s appropriate. i think nobody needs that shit. i think its biggest danger is that it provides a rationale for white people to stand aloof from what has happened and continues to happen to black people, who are our friends and family. i am waiting for a song, a statement of any kind, from a white person in any art form, that is devastated, ground down, years-off-your-life horrified. i think we need a white person with charisma and skill to take this shit personally. and i think half-stepping is clutter and noise that, in these urgent times, should actually be punished. no, macklemore is preachy and corny because that’s how he got paid the first time.”   but even he, preachy and corny macklemore, understood the significance of this moment. and he did something that rap music will never endorse nor forget; he apologized to kendrick in a long text message for winning this award over him. and then he publicized that message, for some reason.  ""you got robbed. i wanted you to win. you should have. it's weird and sucks that i robbed you.”  3.  http://www.dailymail.co.uk/news/article-3531043/twitter-sides-azealia-banks-sarah-palin-feud-rapper-gets-account-despite-violating-rules-tweeting-former-alaska-governor-gang-raped.html#ixzz47adyftns  2. http://www.xxlmag.com/xxl-magazine/2011/11/v-nasty-defends-her-use-of-the-n-word/?trackback=tsmclip 1. serrano, shea. the rap year book: the most important rap song from every year since 1979, discussed, debated, and deconstructed (kindle locations 638-639). harry n. abrams. kindle edition. 4. http://www.newyorker.com/magazine/2016/03/14/where-is-black-lives-matter-headed 5. (vanilla ice) http://www.people.com/people/archive/article/0,,20113806,00.html 6. http://www.cosmopolitan.com/entertainment/celebs/news/a41270/iggy-azalea-timeline/ 7. http://www.usmagazine.com/celebrity-news/news/iggy-azalea-chimes-in-on-beyonces-becky-lyric-stereotypical-names-w204451  follow trey: https://twitter.com/thewoodsofnor  follow shea: https://twitter.com/sheaserrano  follow frannie: https://twitter.com/frannie_kelley  follow me, i make music and write: https://twitter.com/elliotsang",1
124759,"customary, traditional and religious practices discriminate against women and undermine the full implementation of international and national legal human rights codes. (sigi) human rights: food for a prejudice-busting thought ‘women’s rights’   human rights reader 574  **\[tldr** (too long didn’t read): this reader addresses avenues for action against the violation of the human rights of women. for a quick overview, just read the bolded text\].  **we need to see feminism, not only as addressing issues of gender, but rather as a methodological approach of understanding (and acting upon) the diverse ongoing struggles and issues** (angela davis)  1. **societies that exploit male workers** labor **have** **no interest in** the material/physical **conditions workers live-in** with their women and children. (must women’s fate always be physical and not one to develop their minds?)\* **to the elites** in these societies, **unions are an affront to god.** (in his infinite wisdom, god has given men the control of the property interests of their country…). so, if all union busting fails, the troops can always be called in…. **these elites are the creatures of capitalism, the ethics of which is** so totally **corrupt and hypocritical** that, for instance, women’s beauty is “no more than the beauty of gold --which is to say it is false and cold and useless”. one can furthermore wonder: is injustice towards women workers not the opposite of civilization…? if women have to first clarify their own ideals, perhaps then, to be emancipated, **women will have to learn about equity,** **h****uman rights (hr)** **and women’s rights ideals**. (emma goldman)  \*: are, by any chance, women thought to be stupid? if women were stupid, would the world still go around? (adapted from v.s. naipaul, a bend in the river) \[do not forget: illiterate women are very often numerate… (john rohdie)\].   2. **the hr framework** does not intrinsically/explicitly demand an end to capitalism, or specifically, to unfettered economic growth. it **does** though **talk about women's empowerment being impossible without recognizing the need for male disempowerment**. no surprise then that **gender equality** is **considered incompatible with** the basic tenets of **the neoliberal credo**. (j. baudot, unrisd) since poverty has been feminized, **a poverty-oriented policy is bound to be a gender-oriented policy.** (maria noel vaeza) \[keep in mind that70% of all those rendered poor are women so that also hunger has a woman’s face\].  **laws and policies cannot be ‘neutral’ with regard to gender and women’s rights**  3. sometimes **equality in women’s issues is understood narrowly** as being only about equal treatment, or equality of opportunities (not of results): the idea is that, as long as everyone can, in theory, compete on a level-playing-field in an open competition, justice is served. but, of course, **no playing field is level!** under international hr law, equality means *substantive equality*.\*\* **women must be able to enjoy their rights equally with men in practice (*****de facto*****), not just on paper (*****de jure*****)** \--indeed taking into account the real circumstances and unequal power relations women face. a different treatment is necessary to achieve equality in practice --not forgetting that governments also have extra-territorial obligations; so, countries rendered rich should refrain from actions that impact negatively on women in countries rendered poor. (cesr, iwraw)  \*\*: **it is** **states** **that have the obligation to accelerate substantive equality and redress women’s historical disadvantage**. (kate donald et al, a rights-based economy: putting people and planet first, cesr, 2020)  4. **equal pay for work of equal value has been a cornerstone of the human and labor rights** regimes since their inception, but most countries still have a significant **gender pay gap**. this becomes even **bigger when you take race and ethnicity into account** and compare the wages of, for example, a black/brown woman with a white man --a disparity that holds true in almost every country. wage workers are disproportionately women and people of color. **wage inequality is the largest determinant of overall income inequality** in most countries. **this needs to be reversed**! it is further indispensable to enable women’s disproportionate burden of unpaid care work to be reduced and counted in national accounts. (kate donald et al, ibid)   **let’s face it: patriarchy is a social construct with historical roots**  \-gender innovations that ignore or reinforce interlocking forms of market, class, and ethnic dominance will only ever serve to preserve rather than undermine patriarchal power. (marie berry)  5. one can think that religions are ‘primitive’ if they preach patriarchy and the supremacy of men. but **the major monotheist religions of our time are explicit in their patriarchalism**. they see sexuality as a sin --but this is clearly a male construction associated to the idea of the weakness of women. “correct sexuality ought to serve reproduction. the rest (the pleasure) is sin”. hmmm…   6. if the roots of patriarchy are historic, should not/must not social constructs evolve, change, disappear accordingly? yet **patriarchy and the violation of women’s rights are still with us** as a crude reality hitting women in the face --and this ideology is transmitted to all societies where the figure of **the dominant** ***macho*** **still thrives making it appear as ‘normal’**. engaging in a frontal critique of the still dominant and ubiquitous *machismo* is indispensable --everywhere.   7. so, never forget **patriarchy is** a historical construct, **an imposed ideology of masculine power**. actually, think about it, power, virility, force and supremacy have historically been masculine attributes (**the representation of power has always been a phallic symbol…**). power is abusive, arbitrary; it does not allow discussion **…and women are on the receiving end**. here we have a sociopolitical-ideological challenge for us all --both women and men. (marcelo colusi)  **bottom line**  8. gabriel garcía márquez once said: “**the only thing that could save humanity** in the 21st century **is that women take over the managing of world affairs.** humanity is doomed to disappear in the 21st century due to the degradation of the environment and of hr. male power has shown not to be able to avoid it given its incapacity of overcoming its narrow interests. conversely, **for women, the preservation of their bodies and of mother earth is a genetic vocation.** the reversal of the gender power situation is a fact of life or death”.  9. to end, ponder mahatma **gandhi**’s wisdom: “first they ignore you, then they laugh at you, then they fight you, then you win.” if those are the **four stages of social change**, the movement for the hr of women seems to have reached stage three; welcome! **the time has come for stage four.**  claudio schuftan, ho chi minh city  your comments are welcome at [schuftan@gmail.com](mailto:schuftan@gmail.com)  all readers are available at [www.claudioschuftan.com](http://www.claudioschuftan.com/)   **postscript/marginalia**  \-**all through 2020, the pandemic was not politicized; rather, politics was infected!** (juan torres lópez)   politicizing any activity is usually understood like something negative. it figures, the term is defined in the dictionary as “giving a political orientation or content to actions and/or thoughts that usually do not have such”. taken this way, politicizing implies denaturalizing that what is politicized. it happens though that the same term is often used, also in a negative connotation, when political orientation is given to actions or thoughts that indeed do have a political content. take an example: economics was born in 1615; by then it was called political economy. this gives us a clear idea that labor, agricultural, health, housing… economics are undisputable parts of the political economy. but there are still reluctant economists that tell us they are not talking about politics or about thing that have to do with politics --the same as moliere’s *le bourgeois gentilhomme* spoke in prose without knowing it… not being conscious that economic problems cannot be solved with technical interventions, but need political solutions is yet another form of selective blindness. economist must realize that their actions are indeed political. political is everything that affects the collective interests. another patent example is the covid pandemic. its resolution is a political and hr issue. decisions about it are not neutral; they affect in a very unequal way not only health, but income, welfare and life in general, doing so differently for different social groups --not least the biggest group: women! this is why we do have to politicize everything that has to do with its consequences. politicizing the pandemic (primarily in hr terms) is not a negative act; it is the opposite: necessary and desirable. (j. torres lopez) …too late? no!",1
498572,"a white cis male, aka perfect trebuchet material. i regret to inform you that i am, in fact, a white cis male, aka perfect treb material.  however, please consider the following:  -i have exactly zero problems with lgbtq+ people. go ahead, break a mold that shouldn't even exist in the first place. i am so proud of you all for being who you are. -i care what you identify as- i want to use the pronoun you are comfortable with, after all. -if you're nice, i'll be your friend. end of story. here's a trebuchet for you. fling me if you wish. if you need me, i'll be trebucheting individuals across medieval europe.",1
299878,"'sister, sister' star bashed as 'white man's whore' because of interracial marriage with fox reporter",1
152574,"every slur known to google a list of every racial slur     **a list of every racial slur:**  abbie, abe, abie  abc  abcd  abid/abeed  abo/abbo  afro engineering, african engineering or nigger rigging  ali baba  alligator bait / gator bait  ang mo  ann  annamite  ape  apple  arabush **(ערבוש)**  armo  aseng  aunt jemima / aunt jane / aunt mary / aunt sally  ayrab/a-rab  bamboula  balija  banana  beaner / beaney  bluegum  boche / bosche / bosch  boeotian  boerehater / boer-hater / boer hater  bog irish / bogtrotter / bog-trotter  bohunk  boong / bong / bung  boonga / boong / bunga / boonie  bootlip  bougnoule  bounty bar  bozgor  brownie  buddhahead  buckra, bakra  bule  burrhead / burr-head / burr head  cabbage eater  camel jockey  carcamano  chankoro  charlie  chee-chee, chi-chi  cheesehead  cheese-eating surrender monkey  chefur (čefur)  chernozhopy  chilote  ching chong  chinaman  chink  chinky  chonky  christ-killer  choc-ice  cholo  chug  chukhna   churka чурка  ciapaty or ciapak  cina/cokin  **coconut**  coolie  coon  coonass, or coon-ass  cracker  crow  curry-muncher  cushi, also spelled kushi (כושי)  dago, dego  dalit  dal khor  darky / darkey / darkie  dink  dogan, dogun  dothead, dot  dune coon  eight ball  eyetie  farang  fenian  feuj  flip  fritz  frog, froggy, frogeater  fuzzy-wuzzy  gabacho  gaijin   gammon   gans   gin  gin jockey  golliwog  gook, gook-eye, gooky  goy, goyim, goyum  grago or gragok (shrimp)  greaseball, greaser  gringo  groid  gub, gubba  guiri  guizi  guido  guinea, ginzo  gweilo, gwailo, or kwai lo (鬼佬)  gyopo, kyopo (교포)  gypsy, gyppo, gippo, gypo, gyppie, gyppy, gipp  hairyback  hajji, hadji, haji  half-breed  haole  heeb, hebe  hick  hike  hillbilly  honky also spelled ""honkey"" or ""honkie""  hori  hun  hunky, hunk  hymie  ikey / ike / iky  ikey-mo / ikeymo  indon  indognesial / indonesial  inyenzi  injun  jakun  jap  japie, yarpie  jerry  jewboy  jigaboo, jiggabo, jigarooni, jijjiboo, zigabo, jig, jigg, jigga, jigger  jim crow  jock, jocky, jockie  jungle bunny  kaffir, kaffer, kaffir, kafir, kaffre, kuffar  kaffir boetie  kalar  kalia, kalu, kallu  kanaka  kanake  kano  katsap or kacap or kacapas  kaouiche or kawish  kebab  keling  kharkhuwa  khokhol   kike or kyke  kimchi  knacker  kolorad  kraut  labas  laowai 老外  lebo, leb  limey  locust (蝗蟲)  lubra  lugan  mabuno/mahbuno  madrasi  mayonnaise monkey  macaca  majus (مجوس)  malakh-khor (ملخ خور)  malaun  malon  malingsia / malingsial / malingsialan  mangal / mango / mangasar   mau-mau  mayate  mick  momo/momos  moon cricket/mooncricket  mormon  moskal  mountain turk  mulignan/mulignon/moolinyan  munt  mzungu  nawar  nere   niakoué  niglet  nig-nog or nignog  nigger / niger / nig / nigor / nigra / nigre (caribbean) / nigar / niggur / nigga / niggah / niggar / nigguh / niggress / nigette  nip  nitchie / neche / neechee / neejee / nichi / nichiwa / nidge / nitchee / nitchy  non-pri, from non-pribumi  northern monkey  nusayri  ofay  oláh  oreo  oven dodger  overner  paddy  paki, pakkis, pak  palagi  paleface  pancake face, pancake  pastel de flango  peckerwood  pepper or pepsi  petrol sniffer  pickaninny  piefke  pikey / piky / piker  plastic paddy  pocho / pocha  polack, polak, polock  polaco  polentone  pom, pohm, pommy, pommie, pommie grant  porch monkey  portagee  potet  prairie nigger  prod  pshek  quashie  raghead  rastus  razakars  redlegs  redneck  redskin  rosuke, roske  rooinek  roto  roundeye  russki  rusnya  sambo  sand nigger  sassenach  sawney  scandihoovian  seppo, septic  schvartse, schwartze  sheeny  sheep shagger  shegetz  shelta  shiksa (yiddish)  shine  shiptar (šiptar)  shkije  shkutzim (yiddish, plural)  shylock  sideways vagina/pussy/cooter  skinny  skopianoi  skip, skippy  slant, slant–eye  slope, slopehead, slopy, slopey, sloper  snow nigger  smoked irish / smoked irishman  soosmar-khor  sooty  lizard eater  southern faerie, southern fairy  soutpiel  spade  spearchucker  spic, spick, spik, spig, or spigotty  spook  squarehead  squaw  swamp guinea  tacohead  taffy or taff  taig (also teague, teg and teig)  tar-baby  teapot  terrone  teuchter  thicklips  timber nigger  ting tong  tinker / tynekere / tinkere / tynkere, -are / tynker / tenker / tinkar / tyncar / tinkard / tynkard / tincker  toad  towel head  touch of the tar brush  turco-albanian  turk  twinkie  ukrop  uncle tom  vatnik  wagon burner   wasi'chu or wasichu  west brit  white ears  white interloper  west islander  wetback  wigger / whigger / wigga (white nigger)  white trash  whitey  wog  wop  xiao riben  yam yam  yanacona  yank  yankee  yellow  yellow bone  yid  yuon  zip, zipperhead",1
520250,"list of cursewords for profsnity counter export const cuss = { abbo: 1, abeed: 2, abid: 1, abo: 1, abortion: 1, abuse: 1, addict: 1, addicts: 1, adult: 0, africa: 0, african: 0, africoon: 2, alla: 1, allah: 0, 'alligator bait': 2, alligatorbait: 2, amateur: 0, american: 0, anal: 1, analannie: 2, analsex: 1, angie: 0, angry: 0, anus: 1, arab: 0, arabs: 0, arabush: 2, arabushs: 2, areola: 1, argie: 2, armo: 2, armos: 2, aroused: 0, arse: 2, arsehole: 2, asian: 0, ass: 2, assassin: 0, assassinate: 0, assassination: 0, assault: 0, assbagger: 2, assblaster: 2, assclown: 2, asscowboy: 2, asses: 2, assfuck: 2, assfucker: 2, asshat: 2, asshole: 2, assholes: 2, asshore: 2, assjockey: 2, asskiss: 2, asskisser: 2, assklown: 2, asslick: 2, asslicker: 2, asslover: 2, assman: 2, assmonkey: 2, assmunch: 2, assmuncher: 2, asspacker: 2, asspirate: 2, asspuppies: 2, assranger: 2, asswhore: 2, asswipe: 2, athletesfoot: 1, attack: 0, australian: 0, babe: 1, babies: 0, backdoor: 0, backdoorman: 2, backseat: 0, badfuck: 2, balllicker: 2, balls: 1, ballsack: 1, banana: 0, bananas: 0, banging: 1, baptist: 0, barelylegal: 2, barf: 2, barface: 2, barfface: 2, bast: 0, bastard: 1, bazongas: 2, bazooms: 2, beanbag: 2, beanbags: 2, beaner: 2, beaners: 2, beaney: 2, beaneys: 2, beast: 0, beastality: 1, beastial: 1, beastiality: 1, beatoff: 2, beatyourmeat: 2, beaver: 0, bestial: 1, bestiality: 1, bi: 0, biatch: 2, bible: 0, bicurious: 1, bigass: 2, bigbastard: 2, bigbutt: 2, bigger: 0, bisexual: 0, bitch: 1, bitcher: 2, bitches: 1, bitchez: 2, bitchin: 2, bitching: 2, bitchslap: 2, bitchy: 2, biteme: 2, black: 0, blackman: 1, blackout: 0, blacks: 1, blind: 0, blow: 0, blowjob: 2, bluegum: 2, bluegums: 2, boang: 2, boche: 2, boches: 2, bogan: 2, bohunk: 2, bollick: 2, bollock: 2, bollocks: 2, bomb: 0, bombers: 0, bombing: 0, bombs: 0, bomd: 0, bondage: 1, boner: 2, bong: 2, boob: 1, boobies: 2, boobs: 1, booby: 2, boody: 2, boom: 0, boong: 2, boonga: 2, boongas: 2, boongs: 2, boonie: 2, boonies: 2, bootlip: 2, bootlips: 2, booty: 2, bootycall: 2, bosch: 0, bosche: 2, bosches: 2, boschs: 2, 'bounty bar': 1, 'bounty bars': 1, bountybar: 1, bra: 0, brea5t: 2, breast: 0, breastjob: 2, breastlover: 2, breastman: 2, brothel: 1, brownie: 0, brownies: 0, buddhahead: 2, buddhaheads: 2, buffies: 2, buffy: 0, bugger: 2, buggered: 2, buggery: 2, bule: 2, bules: 2, bullcrap: 2, bulldike: 2, bulldyke: 2, bullshit: 2, bumblefuck: 2, bumfuck: 2, bung: 2, bunga: 2, bungas: 2, bunghole: 2, buried: 0, burn: 0, 'burr head': 2, 'burr heads': 2, burrhead: 2, burrheads: 2, butchbabes: 2, butchdike: 2, butchdyke: 2, butt: 0, buttbang: 2, buttface: 2, buttfuck: 2, buttfucker: 2, buttfuckers: 2, butthead: 2, buttman: 2, buttmunch: 2, buttmuncher: 2, buttpirate: 2, buttplug: 1, buttstain: 2, byatch: 2, cacker: 2, 'camel jockey': 2, 'camel jockeys': 2, cameljockey: 2, cameltoe: 2, canadian: 0, cancer: 0, carpetmuncher: 2, carruth: 2, catholic: 0, catholics: 0, cemetery: 0, chav: 2, 'cheese eating surrender monkey': 2, 'cheese eating surrender monkies': 2, 'cheeseeating surrender monkey': 2, 'cheeseeating surrender monkies': 2, cheesehead: 2, cheeseheads: 2, cherrypopper: 2, chickslick: 2, childrens: 0, chin: 0, 'china swede': 2, 'china swedes': 2, chinaman: 2, chinamen: 2, chinaswede: 2, chinaswedes: 2, chinese: 0, 'ching chong': 2, 'ching chongs': 2, chingchong: 2, chingchongs: 2, chink: 2, chinks: 2, chinky: 2, choad: 2, chode: 2, chonkies: 2, chonky: 2, chonkys: 2, christ: 0, 'christ killer': 2, 'christ killers': 2, christian: 0, chug: 2, chugs: 2, chunger: 2, chungers: 2, chunkies: 2, chunky: 2, chunkys: 2, church: 0, cigarette: 0, cigs: 0, clamdigger: 2, clamdiver: 2, clansman: 2, clansmen: 2, clanswoman: 2, clanswomen: 2, clit: 1, clitoris: 1, clogwog: 2, cocaine: 1, cock: 1, cockblock: 2, cockblocker: 2, cockcowboy: 2, cockfight: 2, cockhead: 2, cockknob: 2, cocklicker: 2, cocklover: 2, cocknob: 2, cockqueen: 2, cockrider: 2, cocksman: 2, cocksmith: 2, cocksmoker: 2, cocksucer: 2, cocksuck: 2, cocksucked: 2, cocksucker: 2, cocksucking: 2, cocktail: 0, cocktease: 2, cocky: 2, coconut: 0, coconuts: 0, cohee: 2, coitus: 1, color: 0, colored: 0, coloured: 0, commie: 2, communist: 0, condom: 1, conservative: 0, conspiracy: 0, coolie: 2, coolies: 2, cooly: 2, coon: 2, 'coon ass': 2, 'coon asses': 2, coonass: 2, coonasses: 2, coondog: 2, coons: 2, copulate: 1, cornhole: 2, corruption: 0, cra5h: 1, crabs: 0, crack: 1, cracka: 2, cracker: 1, crackpipe: 1, crackwhore: 2, crap: 2, crapola: 2, crapper: 2, crappy: 2, crash: 0, creamy: 0, crime: 0, crimes: 0, criminal: 0, criminals: 0, crotch: 1, crotchjockey: 2, crotchmonkey: 2, crotchrot: 2, cum: 2, cumbubble: 2, cumfest: 2, cumjockey: 2, cumm: 2, cummer: 2, cumming: 2, cummings: 1, cumquat: 2, cumqueen: 2, cumshot: 2, cunilingus: 1, cunillingus: 1, cunn: 2, cunnilingus: 1, cunntt: 2, cunt: 2, cunteyed: 2, cuntfuck: 2, cuntfucker: 2, cuntlick: 2, cuntlicker: 2, cuntlicking: 2, cuntsucker: 2, 'curry muncher': 2, 'curry munchers': 2, currymuncher: 2, currymunchers: 2, cushi: 2, cushis: 2, cybersex: 1, cyberslimer: 2, dago: 2, dagos: 2, dahmer: 2, dammit: 2, damn: 1, damnation: 1, damnit: 2, darkey: 2, darkeys: 2, darkie: 2, darkies: 2, darky: 2, datnigga: 2, dead: 0, deapthroat: 2, death: 0, deepthroat: 2, defecate: 1, dego: 2, degos: 2, demon: 1, deposit: 0, desire: 0, destroy: 0, deth: 0, devil: 1, devilworshipper: 1, 'diaper head': 2, 'diaper heads': 2, diaperhead: 2, diaperheads: 2, dick: 1, dickbrain: 2, dickforbrains: 2, dickhead: 2, dickless: 2, dicklick: 2, dicklicker: 2, dickman: 2, dickwad: 2, dickweed: 2, diddle: 2, die: 0, died: 0, dies: 0, dike: 1, dildo: 1, dingleberry: 2, dink: 2, dinks: 2, dipshit: 2, dipstick: 2, dirty: 0, disease: 0, diseases: 0, disturbed: 0, dive: 0, dix: 2, dixiedike: 2, dixiedyke: 2, doggiestyle: 2, doggystyle: 2, dong: 2, doodoo: 2, doom: 0, dope: 2, 'dot head': 2, 'dot heads': 2, dothead: 2, dotheads: 2, dragqueen: 2, dragqween: 2, dripdick: 2, drug: 1, drunk: 1, drunken: 1, dumb: 2, dumbass: 2, dumbbitch: 2, dumbfuck: 2, 'dune coon': 2, 'dune coons': 2, dyefly: 2, dyke: 1, easyslut: 2, eatballs: 2, eatme: 2, eatpussy: 2, ecstacy: 0, 'eight ball': 2, 'eight balls': 2, ejaculate: 1, ejaculated: 1, ejaculating: 1, ejaculation: 1, enema: 1, enemy: 0, erect: 0, erection: 1, ero: 2, escort: 0, esqua: 2, ethiopian: 0, ethnic: 0, european: 0, evl: 2, excrement: 1, execute: 0, executed: 0, execution: 0, executioner: 0, exkwew: 2, explosion: 0, facefucker: 2, faeces: 2, fag: 1, fagging: 2, faggot: 2, fagot: 2, failed: 0, failure: 0, fairies: 0, fairy: 0, faith: 0, fannyfucker: 2, fart: 1, farted: 1, farting: 1, farty: 2, fastfuck: 2, fat: 0, fatah: 2, fatass: 2, fatfuck: 2, fatfucker: 2, fatso: 2, fckcum: 2, fear: 0, feces: 1, felatio: 1, felch: 2, felcher: 2, felching: 2, fellatio: 2, feltch: 2, feltcher: 2, feltching: 2, fetish: 1, fight: 0, filipina: 0, filipino: 0, fingerfood: 1, fingerfuck: 2, fingerfucked: 2, fingerfucker: 2, fingerfuckers: 2, fingerfucking: 2, fire: 0, firing: 0, fister: 2, fistfuck: 2, fistfucked: 2, fistfucker: 2, fistfucking: 2, fisting: 2, flange: 2, flasher: 1, flatulence: 1, floo: 2, flydie: 2, flydye: 2, fok: 2, fondle: 1, footaction: 1, footfuck: 2, footfucker: 2, footlicker: 2, footstar: 2, fore: 0, foreskin: 1, forni: 2, fornicate: 1, foursome: 1, fourtwenty: 1, fraud: 0, freakfuck: 2, freakyfucker: 2, freefuck: 2, fruitcake: 1, fu: 2, fubar: 2, fuc: 2, fucck: 2, fuck: 2, fucka: 2, fuckable: 2, fuckbag: 2, fuckbook: 2, fuckbuddy: 2, fucked: 2, fuckedup: 2, fucker: 2, fuckers: 2, fuckface: 2, fuckfest: 2, fuckfreak: 2, fuckfriend: 2, fuckhead: 2, fuckher: 2, fuckin: 2, fuckina: 2, fucking: 2, fuckingbitch: 2, fuckinnuts: 2, fuckinright: 2, fuckit: 2, fuckknob: 2, fuckme: 2, fuckmehard: 2, fuckmonkey: 2, fuckoff: 2, fuckpig: 2, fucks: 2, fucktard: 2, fuckwhore: 2, fuckyou: 2, fudgepacker: 2, fugly: 2, fuk: 2, fuks: 2, funeral: 0, funfuck: 2, fungus: 0, fuuck: 2, gable: 1, gables: 2, gangbang: 2, gangbanged: 2, gangbanger: 2, gangsta: 2, 'gator bait': 2, gatorbait: 2, gay: 0, gaymuthafuckinwhore: 2, gaysex: 2, geez: 2, geezer: 2, geni: 2, genital: 1, german: 0, getiton: 2, gin: 0, ginzo: 2, ginzos: 2, gipp: 2, gippo: 2, gippos: 2, gipps: 2, girls: 0, givehead: 2, glazeddonut: 2, gob: 1, god: 1, godammit: 2, goddamit: 2, goddammit: 2, goddamn: 2, goddamned: 2, goddamnes: 2, goddamnit: 2, goddamnmuthafucker: 2, goldenshower: 2, golliwog: 2, golliwogs: 2, gonorrehea: 2, gonzagas: 1, gook: 2, 'gook eye': 2, 'gook eyes': 2, gookeye: 2, gookeyes: 2, gookies: 2, gooks: 2, gooky: 2, gora: 2, goras: 2, gotohell: 2, goy: 1, goyim: 1, greaseball: 2, greaseballs: 2, greaser: 2, greasers: 2, gringo: 2, gringos: 2, groe: 1, groid: 2, groids: 2, gross: 1, grostulation: 1, gub: 1, gubba: 2, gubbas: 2, gubs: 2, guinea: 1, guineas: 1, guizi: 1, gummer: 2, gun: 0, gwailo: 2, gwailos: 2, gweilo: 2, gweilos: 2, gyopo: 2, gyopos: 2, gyp: 2, gyped: 2, gypo: 2, gypos: 2, gypp: 2, gypped: 2, gyppie: 2, gyppies: 2, gyppo: 2, gyppos: 2, gyppy: 2, gyppys: 2, gypsies: 2, gypsy: 2, gypsys: 2, hadji: 2, hadjis: 2, hairyback: 2, hairybacks: 2, haji: 2, hajis: 2, hajji: 2, hajjis: 2, 'half breed': 2, 'half caste': 2, halfbreed: 2, halfcaste: 2, hamas: 1, handjob: 2, haole: 2, haoles: 2, hapa: 2, harder: 0, hardon: 2, harem: 0, headfuck: 2, headlights: 0, hebe: 2, hebephila: 1, hebephile: 1, hebephiles: 1, hebephilia: 1, hebephilic: 1, hebes: 2, heeb: 2, heebs: 2, hell: 0, henhouse: 0, heroin: 1, herpes: 1, heterosexual: 0, hijack: 0, hijacker: 0, hijacking: 0, hillbillies: 2, hillbilly: 2, hindoo: 2, hiscock: 2, hitler: 1, hitlerism: 2, hitlerist: 2, hiv: 1, ho: 2, hobo: 2, hodgie: 2, hoes: 2, hole: 0, holestuffer: 2, homicide: 1, homo: 2, homobangers: 2, homosexual: 1, honger: 2, honk: 0, honkers: 2, honkey: 2, honkeys: 2, honkie: 2, honkies: 2, honky: 2, hook: 0, hooker: 2, hookers: 2, hooters: 2, hore: 2, hori: 2, horis: 2, hork: 2, horn: 0, horney: 2, horniest: 2, horny: 1, horseshit: 2, hosejob: 2, hoser: 2, hostage: 0, hotdamn: 2, hotpussy: 2, hottotrot: 2, hummer: 0, hun: 0, huns: 0, husky: 0, hussy: 2, hustler: 0, hymen: 1, hymie: 2, hymies: 2, iblowu: 2, idiot: 2, ike: 1, ikes: 1, ikey: 1, ikeymo: 2, ikeymos: 2, ikwe: 2, illegal: 0, illegals: 1, incest: 1, indon: 2, indons: 2, injun: 2, injuns: 2, insest: 2, intercourse: 1, interracial: 1, intheass: 2, inthebuff: 2, israel: 0, israeli: 0, israels: 0, italiano: 1, itch: 0, jackass: 2, jackoff: 2, jackshit: 2, jacktheripper: 2, jade: 0, jap: 2, japanese: 0, japcrap: 2, japie: 2, japies: 2, japs: 2, jebus: 2, jeez: 2, jerkoff: 2, jerries: 1, jerry: 0, jesus: 1, jesuschrist: 1, jew: 0, jewboy: 2, jewed: 2, jewess: 2, jewish: 0, jig: 2, jiga: 2, jigaboo: 2, jigaboos: 2, jigarooni: 2, jigaroonis: 2, jigg: 2, jigga: 2, jiggabo: 2, jiggabos: 2, jiggas: 2, jigger: 2, jiggers: 2, jiggs: 2, jiggy: 2, jigs: 2, jihad: 1, jijjiboo: 2, jijjiboos: 2, jimfish: 2, jism: 2, jiz: 2, jizim: 2, jizjuice: 2, jizm: 2, jizz: 2, jizzim: 2, jizzum: 2, joint: 0, juggalo: 2, jugs: 0, 'jungle bunnies': 2, 'jungle bunny': 2, junglebunny: 2, kacap: 2, kacapas: 2, kacaps: 2, kaffer: 2, kaffir: 2, kaffre: 2, kafir: 2, kanake: 2, katsap: 2, katsaps: 2, khokhol: 2, khokhols: 2, kid: 0, kigger: 2, kike: 2, kikes: 2, kill: 0, killed: 0, killer: 0, killing: 0, kills: 0, kimchi: 0, kimchis: 2, kink: 1, kinky: 1, kissass: 2, kkk: 2, klansman: 2, klansmen: 2, klanswoman: 2, klanswomen: 2, knife: 0, knockers: 1, kock: 1, kondum: 2, koon: 2, kotex: 1, krap: 2, krappy: 2, kraut: 1, krauts: 2, kuffar: 2, kum: 2, kumbubble: 2, kumbullbe: 2, kummer: 2, kumming: 2, kumquat: 2, kums: 2, kunilingus: 2, kunnilingus: 2, kunt: 2, kushi: 2, kushis: 2, kwa: 2, 'kwai lo': 2, 'kwai los': 2, ky: 1, kyke: 2, kykes: 2, kyopo: 2, kyopos: 2, lactate: 1, laid: 0, lapdance: 1, latin: 0, lebo: 2, lebos: 2, lesbain: 2, lesbayn: 2, lesbian: 0, lesbin: 2, lesbo: 2, lez: 2, lezbe: 2, lezbefriends: 2, lezbo: 2, lezz: 2, lezzo: 2, liberal: 0, libido: 1, licker: 1, lickme: 2, lies: 0, limey: 2, limpdick: 2, limy: 2, lingerie: 0, liquor: 1, livesex: 2, loadedgun: 2, lolita: 1, looser: 2, loser: 2, lotion: 0, lovebone: 2, lovegoo: 2, lovegun: 2, lovejuice: 2, lovemuscle: 2, lovepistol: 2, loverocket: 2, lowlife: 2, lsd: 1, lubejob: 2, lubra: 2, lucifer: 0, luckycammeltoe: 2, lugan: 2, lugans: 2, lynch: 1, mabuno: 2, mabunos: 2, macaca: 2, macacas: 2, mad: 0, mafia: 1, magicwand: 2, mahbuno: 2, mahbunos: 2, mams: 2, manhater: 2, manpaste: 2, marijuana: 1, mastabate: 2, mastabater: 2, masterbate: 2, masterblaster: 2, mastrabator: 2, masturbate: 2, masturbating: 2, mattressprincess: 2, 'mau mau': 2, 'mau maus': 2, maumau: 2, maumaus: 2, meatbeatter: 2, meatrack: 2, meth: 1, mexican: 0, mgger: 2, mggor: 2, mick: 1, mickeyfinn: 2, mideast: 0, milf: 2, minority: 0, mockey: 2, mockie: 2, mocky: 2, mofo: 2, moky: 2, moles: 0, molest: 1, molestation: 1, molester: 1, molestor: 1, moneyshot: 2, 'moon cricket': 2, 'moon crickets': 2, mooncricket: 2, mooncrickets: 2, mormon: 0, moron: 2, moskal: 2, moskals: 2, moslem: 2, mosshead: 2, mothafuck: 2, mothafucka: 2, mothafuckaz: 2, mothafucked: 2, mothafucker: 2, mothafuckin: 2, mothafucking: 2, mothafuckings: 2, motherfuck: 2, motherfucked: 2, motherfucker: 2, motherfuckin: 2, motherfucking: 2, motherfuckings: 2, motherlovebone: 2, muff: 2, muffdive: 2, muffdiver: 2, muffindiver: 2, mufflikcer: 2, mulatto: 2, muncher: 2, munt: 2, murder: 1, murderer: 1, muslim: 0, mzungu: 2, mzungus: 2, naked: 0, narcotic: 1, nasty: 0, nastybitch: 2, nastyho: 2, nastyslut: 2, nastywhore: 2, nazi: 1, necro: 1, negres: 2, negress: 2, negro: 2, negroes: 2, negroid: 2, negros: 2, nig: 2, nigar: 2, nigars: 2, niger: 0, nigerian: 1, nigerians: 1, nigers: 2, nigette: 2, nigettes: 2, nigg: 2, nigga: 2, niggah: 2, niggahs: 2, niggar: 2, niggaracci: 2, niggard: 2, niggarded: 2, niggarding: 2, niggardliness: 2, niggardlinesss: 2, niggardly: 0, niggards: 2, niggars: 2, niggas: 2, niggaz: 2, nigger: 2, niggerhead: 2, niggerhole: 2, niggers: 2, niggle: 2, niggled: 2, niggles: 2, niggling: 2, nigglings: 2, niggor: 2, niggress: 2, niggresses: 2, nigguh: 2, nigguhs: 2, niggur: 2, niggurs: 2, niglet: 2, nignog: 2, nigor: 2, nigors: 2, nigr: 2, nigra: 2, nigras: 2, nigre: 2, nigres: 2, nigress: 2, nigs: 2, nip: 2, nipple: 1, nipplering: 1, nittit: 2, nlgger: 2, nlggor: 2, nofuckingway: 2, nook: 1, nookey: 2, nookie: 2, noonan: 2, nooner: 1, nude: 1, nudger: 2, nuke: 1, nutfucker: 2, nymph: 1, ontherag: 2, oral: 1, oreo: 0, oreos: 0, orga: 2, orgasim: 2, orgasm: 1, orgies: 1, orgy: 1, osama: 0, paddy: 1, paederastic: 1, paederasts: 1, paederasty: 1, paki: 2, pakis: 2, palesimian: 2, palestinian: 0, 'pancake face': 2, 'pancake faces': 2, pansies: 2, pansy: 2, panti: 2, panties: 0, payo: 2, pearlnecklace: 1, peck: 1, pecker: 1, peckerwood: 2, pederastic: 1, pederasts: 1, pederasty: 1, pedo: 2, pedophile: 1, pedophiles: 1, pedophilia: 1, pedophilic: 1, pee: 1, peehole: 2, peepee: 2, peepshow: 1, peepshpw: 2, pendy: 1, penetration: 1, peni5: 2, penile: 1, penis: 1, penises: 1, penthouse: 0, period: 0, perv: 2, phonesex: 1, phuk: 2, phuked: 2, phuking: 2, phukked: 2, phukking: 2, phungky: 2, phuq: 2, pi55: 2, picaninny: 2, piccaninny: 2, pickaninnies: 2, pickaninny: 2, piefke: 2, piefkes: 2, piker: 2, pikey: 2, piky: 2, pimp: 2, pimped: 2, pimper: 2, pimpjuic: 2, pimpjuice: 2, pimpsimp: 2, pindick: 2, piss: 2, pissed: 2, pisser: 2, pisses: 2, pisshead: 2, pissin: 2, pissing: 2, pissoff: 2, pistol: 1, pixie: 1, pixy: 1, playboy: 1, playgirl: 1, pocha: 2, pochas: 2, pocho: 2, pochos: 2, pocketpool: 2, pohm: 2, pohms: 2, polack: 2, polacks: 2, pollock: 2, pollocks: 2, pom: 2, pommie: 2, 'pommie grant': 2, 'pommie grants': 2, pommies: 2, pommy: 2, poms: 2, poo: 2, poon: 2, poontang: 2, poop: 2, pooper: 2, pooperscooper: 2, pooping: 2, poorwhitetrash: 2, popimp: 2, 'porch monkey': 2, 'porch monkies': 2, porchmonkey: 2, porn: 1, pornflick: 1, pornking: 2, porno: 1, pornography: 1, pornprincess: 2, pot: 0, poverty: 0, 'prairie nigger': 2, 'prairie niggers': 2, premature: 0, pric: 2, prick: 2, prickhead: 2, primetime: 0, propaganda: 0, pros: 0, prostitute: 1, protestant: 1, pu55i: 2, pu55y: 2, pube: 1, pubic: 1, pubiclice: 2, pud: 2, pudboy: 2, pudd: 2, puddboy: 2, puke: 2, puntang: 2, purinapricness: 2, puss: 2, pussie: 2, pussies: 2, pussy: 1, pussycat: 1, pussyeater: 2, pussyfucker: 2, pussylicker: 2, pussylips: 2, pussylover: 2, pussypounder: 2, pusy: 2, quashie: 2, que: 0, queef: 2, queer: 1, quickie: 2, quim: 2, ra8s: 2, rabbi: 0, racial: 0, racist: 1, radical: 1, radicals: 1, raghead: 2, ragheads: 2, randy: 1, rape: 1, raped: 1, raper: 2, rapist: 1, rearend: 2, rearentry: 2, rectum: 1, redleg: 2, redlegs: 2, redlight: 0, redneck: 2, rednecks: 2, redskin: 2, redskins: 2, reefer: 2, reestie: 2, refugee: 0, reject: 0, remains: 0, rentafuck: 2, republican: 0, rere: 2, retard: 2, retarded: 2, ribbed: 1, rigger: 2, rimjob: 2, rimming: 2, roach: 0, robber: 0, 'round eyes': 2, roundeye: 2, rump: 0, russki: 2, russkie: 2, sadis: 2, sadom: 2, sambo: 2, sambos: 2, samckdaddy: 2, 'sand nigger': 2, 'sand niggers': 2, sandm: 2, sandnigger: 2, satan: 1, scag: 1, scallywag: 2, scat: 1, schlong: 2, schvartse: 2, schvartsen: 2, schwartze: 2, schwartzen: 2, screw: 1, screwyou: 2, scrotum: 1, scum: 1, semen: 1, seppo: 2, seppos: 2, septic: 1, septics: 1, servant: 0, sex: 1, sexed: 2, sexfarm: 2, sexhound: 2, sexhouse: 1, sexing: 2, sexkitten: 2, sexpot: 2, sexslave: 2, sextogo: 2, sextoy: 1, sextoys: 1, sexual: 1, sexually: 1, sexwhore: 2, sexy: 1, sexymoma: 2, sexyslim: 2, shag: 1, shaggin: 2, shagging: 2, shat: 2, shav: 2, shawtypimp: 2, sheeney: 2, shhit: 2, shiksa: 2, shinola: 1, shit: 1, shitcan: 2, shitdick: 2, shite: 2, shiteater: 2, shited: 2, shitface: 2, shitfaced: 2, shitfit: 2, shitforbrains: 2, shitfuck: 2, shitfucker: 2, shitfull: 2, shithapens: 2, shithappens: 2, shithead: 2, shithouse: 2, shiting: 2, shitlist: 2, shitola: 2, shitoutofluck: 2, shits: 2, shitstain: 2, shitted: 2, shitter: 2, shitting: 2, shitty: 2, shoot: 0, shooting: 0, shortfuck: 2, showtime: 0, shylock: 2, shylocks: 2, sick: 0, sissy: 2, sixsixsix: 2, sixtynine: 2, sixtyniner: 2, skank: 2, skankbitch: 2, skankfuck: 2, skankwhore: 2, skanky: 2, skankybitch: 2, skankywhore: 2, skinflute: 2, skum: 2, skumbag: 2, skwa: 2, skwe: 2, slant: 0, slanteye: 2, slanty: 2, slapper: 2, slaughter: 1, slav: 0, slave: 2, slavedriver: 2, sleezebag: 2, sleezeball: 2, slideitin: 2, slime: 0, slimeball: 2, slimebucket: 2, slope: 0, slopehead: 2, slopeheads: 2, sloper: 2, slopers: 2, slopes: 0, slopey: 2, slopeys: 2, slopies: 2, slopy: 2, slut: 2, sluts: 2, slutt: 2, slutting: 2, slutty: 2, slutwear: 2, slutwhore: 2, smack: 1, smackthemonkey: 2, smut: 2, snatch: 1, snatchpatch: 2, snigger: 0, sniggered: 0, sniggering: 0, sniggers: 1, sniper: 0, snot: 0, snowback: 2, snownigger: 2, sob: 0, sodom: 1, sodomise: 2, sodomite: 1, sodomize: 2, sodomy: 2, sonofabitch: 2, sonofbitch: 2, sooties: 2, sooty: 2, sos: 0, soviet: 0, spa: 0, spade: 1, spades: 1, spaghettibender: 2, spaghettinigger: 2, spank: 1, spankthemonkey: 2, spearchucker: 2, spearchuckers: 2, sperm: 1, spermacide: 2, spermbag: 2, spermhearder: 2, spermherder: 2, spic: 2, spick: 2, spicks: 2, spics: 2, spig: 2, spigotty: 2, spik: 2, spit: 2, spitter: 2, splittail: 2, spooge: 2, spreadeagle: 2, spunk: 2, spunky: 2, sqeh: 2, squa: 2, squarehead: 2, squareheads: 2, squaw: 2, squinty: 2, stagg: 1, stiffy: 1, strapon: 1, stringer: 2, stripclub: 2, stroke: 0, stroking: 1, stuinties: 2, stupid: 2, stupidfuck: 2, stupidfucker: 2, suck: 1, suckdick: 2, sucker: 2, suckme: 2, suckmyass: 2, suckmydick: 2, suckmytit: 2, suckoff: 2, suicide: 1, swallow: 1, swallower: 2, swalow: 2, 'swamp guinea': 2, 'swamp guineas': 2, swastika: 1, sweetness: 0, syphilis: 1, taboo: 0, tacohead: 2, tacoheads: 2, taff: 2, tampon: 0, tang: 2, tantra: 1, 'tar babies': 2, 'tar baby': 2, tarbaby: 2, tard: 2, teat: 1, terror: 0, terrorist: 1, teste: 2, testicle: 1, testicles: 1, thicklip: 2, thicklips: 2, thirdeye: 2, thirdleg: 2, threesome: 1, threeway: 2, 'timber nigger': 2, 'timber niggers': 2, timbernigger: 2, tinker: 2, tinkers: 2, tinkle: 1, tit: 1, titbitnipply: 2, titfuck: 2, titfucker: 2, titfuckin: 2, titjob: 2, titlicker: 2, titlover: 2, tits: 1, tittie: 2, titties: 2, titty: 2, tnt: 1, toilet: 0, tongethruster: 2, tongue: 0, tonguethrust: 2, tonguetramp: 2, tortur: 2, torture: 1, tosser: 2, 'towel head': 2, 'towel heads': 2, towelhead: 2, trailertrash: 2, tramp: 1, trannie: 2, tranny: 2, transexual: 0, transsexual: 0, transvestite: 2, trap: 1, triplex: 2, trisexual: 1, trojan: 0, trots: 1, tuckahoe: 2, tunneloflove: 2, turd: 1, turnon: 2, twat: 2, twink: 2, twinkie: 2, twobitwhore: 2, uck: 2, uk: 0, ukrop: 2, 'uncle tom': 2, unfuckable: 2, upskirt: 2, uptheass: 2, upthebutt: 2, urinary: 0, urinate: 0, urine: 0, usama: 2, uterus: 1, vagina: 1, vaginal: 1, vatican: 0, vibr: 2, vibrater: 2, vibrator: 1, vietcong: 0, violence: 0, virgin: 0, virginbreaker: 2, vomit: 2, vulva: 1, wab: 2, wank: 2, wanker: 2, wanking: 2, waysted: 2, weapon: 0, weenie: 2, weewee: 2, welcher: 2, welfare: 2, wetb: 2, wetback: 2, wetbacks: 2, wetspot: 2, whacker: 2, whash: 2, whigger: 2, whiggers: 2, whiskey: 0, whiskeydick: 2, whiskydick: 2, whit: 1, 'white trash': 2, whitenigger: 2, whites: 1, whitetrash: 2, whitey: 2, whiteys: 2, whities: 2, whiz: 2, whop: 2, whore: 2, whorefucker: 2, whorehouse: 2, wigga: 2, wiggas: 2, wigger: 2, wiggers: 2, willie: 2, williewanker: 2, willy: 1, wn: 2, wog: 2, wogs: 2, womens: 0, wop: 2, wtf: 2, wuss: 2, wuzzie: 2, xkwe: 2, xtc: 1, xxx: 1, yank: 2, yankee: 1, yankees: 1, yanks: 2, yarpie: 2, yarpies: 2, yellowman: 2, yid: 2, yids: 2, zigabo: 2, zigabos: 2, zipperhead: 2, zipperheads: 2 }",1
395115,"10/31/15 - kia - ""you may not be thinking about fighting a culture war, but the sjws are...not only a culture war, but a war to destroy western civilisation and eliminate the white race.""",1
694347,black guy shows how easy it is to get laid in poland.,1
509895,"words twitch mods have banned me for saying african't, antique farm equipment, ape, ashy, aunt jemima, baboon, banjo lips, bantu, basketball american, bebe’s kids, biscuit lip, bix nood, blackie, blackie chan, bloods, bobblehead, brownie, bubba, buckwheat, camel lips, carlton, chain dragger, cheshire cat, chicken bandit, choco, clicky, cliff ape, clocker, colonel’s kids, congo lip, convict, coon, criminals, crips, crow, curb-biter, darky, dawg, defendant, democrats, digger nick, donkey kong, doujin, eggplant, eight ball, elevator operator, extra crispy, fakey jamaikey, fat albert, floppy, franklin, frobro, frostbite, fubu, future inmate, g, ghetto, gimpy, golliwog, gorilla, groid, guttermonkey, hambone, harlem, hey arnold’s best friend, homie, hoopty, hootie, horse-gums, huxtable, inky, j.j., jambo, jar jar, jellybean, jerry curl, jet, jigaboo, jim crow, juba, june bug, jungle bunny, justin igger, kfc, knee grow, knuckle-dragger, kobe, koolaid, kunta kinte, lando, latifah, lawn jockey, leroy, levar, lincoln’s mistake, liverlips, lucius, magila gorilla, mammy, mayate, melanzana, mellanoid, midnight, miss cleo, mississippi blue lip, mlk, monkey, moolie, moulinyan, mr. bojangles, mud duck, mud people, muffin-head, nanner, nappy head, nate higgers, negress, negro, negroid, nig-nog, niger, nigeria, niglet, nigra, nigress, nigrum, nog, nola, non-swimmer, o.j., oar tuggers, oil slick, omarosa, pickaninny, pink-heel, plow jockey, poc, porch monkey, primate, property, pube head, raisinhead, rockfish, rope-head, rope-straightener, rufus, sambo, satchmo, scat, schvartze, shade, shadow, shaniqua, shipping cargo, shitskin, shoe shiner, shuffalong, silverback, simian, skillet, slave, smoke, spade, spear-chucker, sponge head, spook, spoon, stovepipe, street cheetah, sub-human, suspect, swamp donkey, tagger, the missing link, thick lips, thief, toad, toby, token, tootsie rolls, tree-jumper, tree-swinger, tyrone, uncle ben, uncle tom, unemployus africanus, urkel, velcro-head, voodoo, watermelon, welfare monkey, whipping post, who’s my daddy?, wog, wool head, yard ape, you people, zip coon, zoo ape, zulu",1
181140,"19 [f4m] - an undeniable connection **what am i looking for?**  * someone who is respectful * someone who is sweet * someone who is open to /likes to voice chat * someone who is in search of a deep connection * someone who puts personality first  **who am i?**  * i love gaming * i enjoy cooking * i'm a diehard bears fan * late night walks are great * i have three cats and (coming soon!) a puppy  **what do i look like?**  * brown hair * brown eyes * white * 5'2"" * chubby  **what is my personality like?**  (i've been told that i'm...)  * down to earth * sweet * funny * ""special""  *i've been searching for my other half. ""searching"" may be unconventional to some, but i yearn for someone that'll be there for me through thick and thin. i'd love to first develop a friendship, and then see where it goes from there.*  i look forward to hearing from you.  x maddy",1
368608,large condoms for s african men,1
964645,25 [m4f] white man looking for some interracial fun [deleted],1
578295,racism against white doesn't exist,1
749145,the white man´s burden - why the west´s efforts to aid the rest have done so much ill and so little good,1
279882,"offensive words and slurs etymology being of a group often subjected to slurs (and dating someone from another group regularly subjected to slurs) i find it fascinating that so many slurs and insults are thrown about yet people really have no idea where they came from.  i mean how is an italian a ""wop""?  or a jew a ""kike""?  some insults really make no sense when you think about it (and likely would lose their power if a non-offensive origin were known).  anyway, this post is not meant to be a dig against any group, i was researching a bit online out of curiosity and just thought i'd list some interesting etymology and a link for y'all to poke around at.    here's a decent source:  http://www.etymonline.com/index.php  and now without further ado...  **wop**:  derogatory for ""italian,"" 1912, amer.eng. slang, apparently from southern it. dialect guappo ""dandy, dude, stud,"" a greeting among male neapolitans, said to be from sp. guapo ""bold, dandy,"" which is from l. vappa ""sour wine,"" also ""worthless fellow;"" related to vapidus  **kike**:  derogatory slang for ""jew,"" 1904, perhaps originating among ger.-american jews in reference to newcomers from eastern europe, whose names ended in -ki or -ky. philip cowen, first editor of ""the american hebrew,"" suggests a source in yiddish kikel ""circle."" according to him, jewish immigrants, ignorant of writing with the latin alphabet, signed their entry forms with a circle, eschewing the ""x"" as a sign of christianity. ellis island immigration inspectors began calling such people kikels, and the term shortened as it passed into general use.  **chink**:  ""a chinaman,"" 1901, derogatory, perhaps derived somehow from china, or else from chink (1) with ref. to eye shape.    **nigger**:  the word originated as a term used in a neutral context to refer to black people, as a variation of the spanish/portuguese noun negro, a descendant of the latin adjective niger, meaning the colour ""black"".  1786, earlier neger (1568, scot. and northern england dialect), from fr. nègre, from sp. negro.  from the earliest usage it was ""the term that carries with it all the obloquy and contempt and rejection which whites have inflicted on blacks"" [cited in gowers, 1965]. but as black inferiority was at one time a near universal assumption in eng.-speaking lands, the word in some cases could be used without deliberate insult. more sympathetic writers late 18c. and early 19c. seem to have used black (n.) and, after the american civil war, colored person. also applied by eng. settlers to dark-skinned native peoples in india, australia, polynesia.  variant niggah, attested from 1925 (without the -h, from 1969), is found usually in situations where blacks use the word. nigra (1944), on the other hand, reflects a pronunciation in certain circles of negro, but meant to suggest nigger, and is thus deemed (according to a 1960 slang dictionary) ""even more derog. than 'nigger.'  **honky**:  derogatory slang word for ""white person,"" 1967, black slang, of unknown origin, perhaps from late 19c. hunky ""east-central european immigrant,"" a colloquial shortening of hungarian. honky in the sense of ""factory hand"" is attested from 1946.  **dago**:  1823, from sp. diego ""james,"" orig. used of sp. or port. sailors on eng. or amer. ships, by 1900 it had broadened to include non-sailors and shifted to mean chiefly ""italian.""  **polack**: ""polish person,"" 1570s, from polish polak ""(male) polish person;"" in n.amer. usage, ""polish immigrant, person of polish descent"" (1879) and in that context considered offensive in english.  **spick**: derogatory for ""latino person,"" 1913, from cliche protestation, no spick english. earlier spiggoty (1910); the term is said to have originated in panama during the canal construction. but it also was applied from an early date to italians, and some have suggested an alteration of spaghetti.  **gook**:  1899, u.s. military slang for ""filipino"" during the insurrection there, probably from a native word, or imitative of the babbling sound of their language to american ears (cf. barbarian). the term goo-goo eyes ""soft, seductive eyes"" was in vogue c.1900 and may have contributed to this somehow. extended over time to ""nicaraguan,"" ""any pacific islander"" (world war ii), ""korean"" (1950s), ""vietnamese"" and ""any asian"" (1960s).  **mick**:  derogatory slang for ""irishman,"" 1856, from nickname of common irish name michael.  also taken from the ""mc"" beginning of many irish last names.  **fag**:  ""male homosexual,"" 1914, amer.eng. slang (shortened form fag is from 1921), probably from earlier contemptuous term for ""woman"" (1591), especially an old and unpleasant one, in reference to faggot.  it was used in this sense in 20c. by d.h. lawrence and james joyce, among others. it may also be reinforced by yiddish faygele ""homosexual,"" lit. ""little bird."" it also may have roots in brit. public school slang fag ""a junior who does certain duties for a senior"" (1785), with suggestions of ""catamite,"" from fag.  **dyke**:  1931, amer.eng., probably shortening of morphadike, dialectal garbling of hermaphrodite, but bulldyker ""engage in lesbian activities"" is attested from 1921, and a source from 1896 lists dyke as slang for ""the vulva.""  ok, that's a decent list to start.  there are plenty more i haven't cut &amp; pasted... feel free to add to the list (and perhaps a lively discussion may ensue, huzzah!)",1
886521,"white skin privilege &gt;earlier this year, fashion model cameron russell condemned the unbearable whiteness of her industry:  &gt;&gt;[…] i won a genetic lottery, and i am a recipient of a legacy. for the past few centuries, we have defined beauty not just as health and youth and symmetry that we’re biologically programmed to admire, but also as tall, slender figures with femininity and white skin. this is a legacy that was built for me, and that i’ve been cashing in on. (russell, 2013)  &gt;yes, ms. russell did win a genetic lottery, being certainly more attractive than average. but she also mentioned a second unearned windfall: a beauty privilege due to the “legacy” of the past few centuries, when europeans lorded over the world. without that legacy, she would presumably be a very ordinary woman, perhaps even ugly.  &gt;this presumption can be tested. there was a time, not so long ago, when europeans were weaklings on the world scene, when large parts of their continent were ruled by other peoples, and when the center of geopolitical power lay in the middle east. in such a context, women like cameron russell would have had much less beauty privilege to cash in on.  &gt;in reality, they had plenty, and not just in europe. ‘white slavery’ today means the international trafficking of women for prostitution. back then, it meant the provisioning of the muslim world with european concubines, who were valued for their white skin (lewis, 1990, pp. 11-13, 56, 72). this trade was considerable in muslim spain:  &gt;&gt;the same convoys of booty also included women, these frankish women who were all the more sought after in cordova because they were blond and fair-skinned. it was among them, as among the captive women from gascony, that the umayyad princes chose their most pampered concubines and who, once they became mothers, were themselves raised to the rank of veritable princesses, of proven sultanesses (umm walad) who were influential and quick to enter, with the assistance of slav eunuchs, into secret and complicated palace intrigues. but the frankish women did not populate only the caliph's harems; the dignitaries of the khassa and the rich burghers of the cities also procured them at lavish prices, like, in the modern period, the circassian women who have so curiously tinted the upper classes of oriental muslim society. (lévi-provençal, 1953, p. 179)  &gt;such women came from places that were poorer and less advanced than the muslim world. neither they nor their future masters knew what white skin would signify over a half-millennium later. indeed, no one foresaw the rise of europe to geopolitical preeminence, certainly not this 11th-century muslim author:  &gt;&gt;for those who live furthest to the north between the last of the seven climates and the limits of the inhabited world, the excessive distance of the sun in relation to the zenith line makes the air cold and the atmosphere thick. their temperaments are therefore frigid, their humors raw, their bellies gross, their color pale, their hair long and lank. thus they lack keenness of understanding and clarity of intelligence, and are overcome by ignorance and dullness, lack of discernment, and stupidity. such are the slavs, the bulgars, and their neighbors. (lewis, 1990, p. 47)  &gt;nonetheless, their women were considered strikingly attractive, even to the point of being simply called ‘beautiful girls.’ an 8th-century arab musician wrote: “they used not to train beautiful slave girls to sing, but they used only to train yellow and black girls. the first to teach valuable girls to sing was my father” (lewis, 1990, p. 56).  &gt;what gave rise to this desire for light-skinned foreign women? it seems that fair skin has long been key to arab notions of female beauty:  &gt;&gt;praise of a girl's looks is traditionally couched in such terms as: her face is like the full moon, her mouth is an almond, her nose a cardamon, she is plump, and dimpled etc. [...] the highest praise is perhaps that she is as white as snow — strange praise indeed to come from a people very few of whom had ever seen snow. (haim 1978, p. 88)  &gt;&gt;[the moon] is the most common image used to represent female beauty. when attempting to draw the attention of a beautiful girl on the street, a young man may call out, “’es ya qamar?” (roughly, “what’s happening, o moon?”). two important components of the image, brightness (fairness of skin) and roundness (of face), convey the popular conception of beauty in palestinian and arab culture. (muhawi and kanaana 1989, p. 60, cf. also 122, 181)  &gt;**not just in arab societies …**  &gt;in general, traditional human societies share a belief that women should be fairer-skinned than men (van den berghe and frost, 1986). this cultural norm runs parallel to a physical norm, i.e., in all human populations, women are less pigmented than men from puberty onward. both melanin and cutaneous blood are involved, with the result that women look paler and men browner and ruddier. women also display a sharper contrast between facial skin color and eye/lip color. these visual cues are subconsciously used by the human mind to determine whether an individual is a man or a women (dupuis-roy et al., 2009; frost, 2011; russell, 2010; russell, 2003; russell and sinha, 2007; tarr et al., 2001).  &gt;in addition to aiding sex recognition, these visual cues may also trigger feelings that in one way or another depend on the sex of the person being observed. since lighter skin is specific not only to women but also to infants, some authors view it as one of several features (smooth, pliable skin, high-pitched voice, small nose and chin, etc.) that the adult female body has borrowed for the purpose of calming aggressive impulses in the adult male and inducing feelings of care (frost, 2010, pp. 134-135). such feelings may feed into male eroticism but are not erotic per se. desire for darker female skin is attested as an alternate, though secondary mode of sexual arousal, even in contexts where exotic otherness seems to play no role, such as premodern european peasant societies, specifically within a context of passionate but short-lived relationships (frost, 2010, pp. 90-91). this alternate eroticism, previously repressed, has become popular in the western world since the 1920s with the growing acceptance of tanned skin as a female fashion accessory (frost, 2010, pp. 91-103).  &gt;men thus seem to be innately oriented toward paler female skin, if only as part of a mechanism for sex recognition. this orientation can, but does not always, translate into erotic attraction and mate choice. one notable exception is the modern western world, where tanned female skin has become increasingly popular. another seems to be the high-polygyny region of sub-saharan africa and papua-new guinea, where attitudes toward female skin color tend to be ambivalent (frost, 2010, pp. 83-97). first, the relative scarcity of female mates ensures that all available women have takers. second, due to the higher polygyny rate, fathers invest less in their offspring and mothers invest more. darker women may thus benefit from a perception that they are better at hoe farming and providing for their children. ardener (1954) makes this point with regard to the ibo of nigeria:  &gt;&gt;in the choice of a wife, yellow-skinned girls are regarded as beauties, and, other things being equal, they command higher bride prices.  on the other hand it is generally held, especially by dark-complexioned persons, that yellow-skinned people are not as strong as the dark and do not live as long.  a 'black' girl is said to be a harder worker. […] a mission headmaster was of the opinion that the preference for yellow girls was greater nowadays than in his youth.  he thought that the reason for this was that people formerly looked for strength rather than beauty and tended to marry black girls.  &gt;**conclusion**  &gt;there is a widespread belief, particularly among proponents of whiteness studies, that notions of beauty are determined by power relationships. the strong and mighty are inevitably ‘beautiful.’ this belief is so entrenched that little concern is shown for counterfactual evidence, such as the medieval trade in fair-skinned women for clients in north africa, the middle east, and south asia.  &gt;this trade existed for two reasons. on the one hand, european states were too weak to stop it. on the other, european women were considered beautiful by people in geopolitically stronger states to the south and east.  again, this pattern is inconsistent with the belief that power relationships determine notions of beauty.    &gt;**references**  &gt;ardener, e.w. (1954). some ibo attitudes to skin pigmentation, man, 54, 71-73.  &gt;dupuis-roy, n., i. fortin, d. fiset, et al., et al. (2009). uncovering gender discrimination cues in a realistic setting, journal of vision, 9(2), art. 10, 1–8.  &gt;haim, s.g. (1978). love in an arab climate, encounter, 50, 86‑91.  &gt;frost, p. (2011). hue and luminosity of human skin: a visual cue for gender recognition and other mental tasks, human ethology bulletin, 26(2), 25-34.  &gt;http://media.anthro.univie.ac.at/ishe/index.php/bulletin/bulletin-contents  &gt;frost, p. (2010). femmes claires, hommes foncés. les racines oubliées du colorisme, quebec city : presses universitaires de laval.  &gt;lévi-provençal, é. (1953). histoire de l’espagne musulmane, tome iii, paris: g.p. maisonneuve.  &gt;lewis, b. (1990). race and slavery in the middle east, new york: oxford university press.  &gt;muhawi, i. and s. kanaana. (1989). speak, bird, speak again, berkeley: university of california press.  &gt;russell, c. (2013). model cameron russell: i get what i don’t deserve, february 18, cnn edition international &gt;http://edition.cnn.com/2013/02/17/opinion/russell-model-genetic-lottery/index.html?hpt=hp_c3  &gt;russell, r. (2010). why cosmetics work, in r. b. adams, n. ambady, k. nakayama et al. (eds.) the science of social vision. new york, oxford.  &gt;russell, r. (2003). sex, beauty, and the relative luminance of facial features, perception, 32, 1093-1107.  &gt;russell, r. and p. sinha. (2007). real-world face recognition: the importance of surface reflectance properties, perception, 36, 1368-1374.  &gt;tarr, m.j., d. kersten, y. cheng et al. (2001). it’s pat! sexing faces using only red and green, journal of vision, 1(3), 337, 337a.  &gt;van den berghe, p. l. and p. frost. (1986). skin color preference, sexual dimorphism, and sexual selection: a case of gene-culture co-evolution?, ethnic and racial studies, 9, 87-113.  http://evoandproud.blogspot.com/2013/07/white-skin-privilege.html",1
568418,i’m in position to receive your white cock [deleted],1
674727,"every single word for dick. 100% all-beef thermometer, 21st digit, ace in the hole, acorn andy, action jackson, adam halfpint, admiral winky, african black snake, afro man, aids baster, aids grenade, alabama blacksnake, albino cave dweller, all-day sucker, anaconda, anal impaler, anal intruder, anal spear, ankle spanker, apple-headed monster, ass blaster, ass pirate, ass wedge, astralgod, auger-headed gut wrench.   baby maker, baby's arm holding an apple, baby's arm in a boxing glove, bacon bazooker, bacon rod, badboy, bagpipe, bald avenger, bald butler, bald-headed beauty, bald-headed giggle stick, bald-headed hermit, bald-headed jesus, bald-headed yogurt slinger, bald-headed spunk-juice dispenser, ball buddy, baloney pony, banana, bat and balls, battering ram, bayonet, bavarian beefstick, beard splitter, bearded blood sausage, bearded burglar, beastus maximus, beaver buster, beaver cleaver, bed snake, beef baton, beef bayonet, beef belt buckle, beef bugle, beef bus, beef missile, beef soldier, beef stick, beefy mcmanstick, bell rope, belly stick, best leg of three, (big) beanpole, big & the twins, big us, big jake the one-eyed snake, big jim and the twins, big johnson, big lebowski, big number one, big mac, big red, big rod, big uncle, biggus us, bilbo baggins, bishop, bishop with his nice red hat, blaster, stick, bits and pieces, blind butler, blind snake, blinky, blood blunt, blood slug, blood sword, blow pop, blowtorch, blue steel, blue-veined jackhammer, blue-veined junket pumper, blue-veined piccolo, blue-veined puss chucker, blue-veiner, blunt, bob, bob dole, bob johnson, bobo, bone, bone phone, bone rollercoaster, boneless beef, boneless fish, boner, boney cannelloni, bone-her, bookmark, bop gun, bottle rocket, bow-legged swamp donkey, box buster, boybrush, bradford and the pair, bratwurst, breakfast burrito, breakfast wood, broom, brutus, bubba, bulbulous big-knob, bumtickler, bush beater, bush rusher, bushwhacker, buster hymen, buster mcthunderstick, butt blaster, butt pirate, butter churn, butterknife.  candy cane, canelo, caped crusader, captain bilbo, captain crook, captain hook, captain howdy, captain kirk, captain winky, carnal stump, cattle prod, cave hunter, cax, cervix crusader, cervix pounder, chancellor, chap, charlie russell the one-eyed muscle, cheese staff, cherry picker, cherry poppin' daddy, cherry splitter, chi zi wang, chick sticker, chicksicle, chief of staff, chimbo, chimney cleaner, choo-choo, choad (chode), chorizo, chowder dumper, chubby, chubby conquistador, chum, chunk 'o' love, chunder thunder, cigar, circus boy, clam digger, clam hammer, clam sticker, clit tickler, cob, codger, colon cowboy, colon crusader, colossus, coral branch, corndog, cornholer, cornstalk, cornstalk cowboy, crack hunter, crack smacker, cramstick, crank, crank shaft, cream-filled meat stick, cream bandit, cream cannon, creamsicle, creamstick, cream spritzer, crimson chitterling, crimson darth vader, crippler, crotch cobra, crotch cowboy, crotch rocket, crotch vomiter, crushin' russian, cum pump, cummingtonite, cunny-catcher, cunt destroyer, cupid's arrow, curious george, custard cannon, custard pump, cyclops.  daddy long-stroke, danger the one-e ranger, danglin' fury, danglin' wang, dangling participle, dart of love, darth vader, davy crockett, deep-veined purple-helmeted spartan of love, demeanor, diamond cutter, digit, diller, dilly-ho-ho, ding-a-ling, ding-dong, dingaroo, dingle, dingle dangle, dingledong, dinglehopper, dingus, dingy, dinky, dipstick, dirk diggler, divining rod, dobber, docking tube, dog knot, dolphin, dong, dong-bong, dong-stick, dongle, donker, donkey kong, doo-dad, doo-dar, doodle, doodle dandy, dooker, doo-hickey, doppelganger, dork, doughnut holder, dribbling dart of love, dribbling dragon, dr. cyclops, dr. feelgood, dr. wang, dude piston, duke, dumb stick, dungula bone.   early riser, earthworm jim, easy rider, egg roll, eight inches of blunt fury, eight inches of throbbing pink jesus, equipment, el capitan, el presidente, elastic plastic, elephant trunk, elmer the glue shooter, elvis, engine cranker, everlasting gob-dropper, every-other-time, excalibur, excreting eel, executive staff member.  family jewels, fandangle, fandangled mandangler, fat albert, fat finger, fat johnson, fetus feeler, fiddle bow, fiddle stick, fire breathing dragon, fire hose, fire rod, fireman ed, firm worm, fish hook, fishing rod, fishing tackle, flapdoodle, fleshbone, flesh bat, flesh enema, flesh flute, flesh hoagie, flesh injection, flesh maggot, flesh pistol, flesh rocket, flesh tornado, flesh trumpet, flesh twinkie, fleshy winnebago, flip-flap, fluid spitter, foaming beef probe, foo-foo, foofer , fool sticker, footlong, fondo worm, frank 'n' beans, frankfurter, freddy firehose, freddy fish monger, free willy, frigamajig, frightful hog, flute,   fudgebar, fudgepacker, full meal, fun gun, fun truncheon, fury, fuzzbuster.  gadget, gag mallet, gap stopper, gash mallet, gear shift, general, gentleman's sausage, german soldier, gherkin, giant-sized man-thing, giggle stick, gimmer stick, girthy mcgirth, girthy sausage, giving tree, gleaming love sword, glo worm, gluestick, godzilla, goo pipe, goose's neck, governor, grabthar's hammer, grandpa's knee , granite edifice, gravy maker, great pyramid, grinding tool, grissel stick, gummi worm, gushin' prussian, gut buster, gut stick, gut tappa, gut wrench, my guy.   hair splitter, hairy acorn, hairy houdini, hairy pencil, hairy scary and the two bald men, hairy snake, ham roll, hammer of thor, hampton, hander, handgun, handwarmer, handy andy, hang-lo, hanging chad, hanging hag, hanging johnny, happy worm, hard-on, hardware, harry, harry & the hendersons, harry hot dog, he-ham, he-man sword, he who must be obeyed, heat-seeking moisture missile, helmet man, herbie, herculean lizard, hercules, herman the one-eyed german, herman von longschlongstein, hidden treasure, high pressure vein cane, him-hang, his eminence, his majesty, his rig, hog, hog leg, hole cork, holy poker, holy water sprinkler, homewrecker, honeypot cleaver, honeystick, honk the magic goose, hoo hoo, hooded warrior, hooty hoo, horse-necked clam, hose, hot beef injection, hot dog, hot popsicle, hot rod harvey, hot stick, hot tamale, hugo, hum-diddler, hung wei lo, hunka-hunka burnin' love, hymen hammer.   ice cream machine, impregnator, incredible bulk, bean stalk, inflatable iron, injection erection, instant sex drive lever, internal spinal massager, intrusion protrusion, invincible man, iron horse, iron rod, italian stallion, itty bitty meat, ivan the terrible, ivory shaft.  jack in the box, jackhammer, jake the one-eyed snake, javelin, jellyfish jerkin' gherkin, jibberstick, jigger, jiggling bone, jim and the twins, jiminy cricket, jimmy, jimmy wriggler, jing jang, jingle bone, jive sausage, the syringe, the whiz, jockey stick, johnson, john thomas, john thursday, johnny come early, joint, jojo the circus clown, jolly green giant, jolly jellybean, joybuzzer, joyprong, joystick, julio, junior, junior burger, junk.   kaptain kielbasa, ken cracker, kentucky horn, kentucky telescope, kibble 'n' bitz, kick stand, kidney cracker, kidney ser, kidney wiper, kielbasa, king dingaling, king dong, king, kipper ripper, knee knocker, knowledge stick, knob, kojak, komodo dragon, kong, kosher pickle.   lady dagger, lance of love, lap rope, last action hero, leaky faucet, leather lollipop, lewinski lunch, lickin' stick, licorice stick, life preserver, lil buddy, lil mr., lincoln log, little admiral, little jilly, little billy, little bishop in a turtle neck, little brother, little colonel, little dutch boy, little elvis, little friend, little gator, little guy, little jesus, little juan, little man, little shepherd boy, little slugger, little willy, live sausage, lizard, lobster, lollipop, long dong silver, lord hardwick, long john, long tom, longrod von hugenstein, lord james d'armais, lord plumber, louisville plugger, louisville slugger, love gun, love leg, love log, love lollipop, love meat, love muscle, love-n-ator, love pole, love pump, love sausage, love stick, love sub, love sword, love thruster, love train, love truncheon, love wand, love weasel, love whistle, love torpedo, lucky charm, lucky chucky, lunch, lunchmeat truncheon, lung disturber, lung puncturer, (luscious) lollipop.   magenta mushroom, magic johnson,   magic member, magic wand, maiden scissors, main vein, major manchowder, major woody, man-dingler, man-milk dispenser, man-sized manicotti, manchild, mangina, mangroin, manimal, man axe, man cannon, man hammer, man loaf, man log, man meat, man muscle, man pipe, man plow, man pole, man root, mandingo, manoy, man's best friend, marriage tackle, marrowbone, master blaster, master john goodfellow, master of ceremonies, master wang, mayonnaise cannon, mayonnaise pistol, maypole, meat, meat 'n' potatoes, meat 'n' (two) veggies, meat balloon, meat bat, meat cigar, meat enema, meat flute, meat hammer, meat missile, meat musket, meat pipe, meat pole, meat popsicle, meat puppet, meat skewer, meat speculum, meat stick, meat straw, meat tampon, meat thermometer, meat train, meat twinkie, meat whistle, meat wrench, meaty cudgel, meaty internal spine support, meaty tongue depressor, melon baster, member, menstrual miner, midas, middle leg, midnight wangler, mighty anaconda, mighty dolan, mighty joe young, mighty monkey, mighty thor, milkman, mini-me, mister, mister happy, moby , mojo, molten mushroom, monkeymaker, monkey, monkey tamer, monster, monty's python, morning glory, morning muscle, moses, mr. bendy, mr. big, mr. bigglesworth, mr. bo, mr. boing boing, mr. bojangles, mr. bozack, mr. clean, mr. eel-y, mr. friendly, mr. giggles, mr. good bar, mr. happy, mr. jiggle daddy, mr johnson and the juice crew, mr. magoo, mr. matey, mr. merrymaker, mr. microphone, mr. mojo risin', mr. mouth missle, mr. mushroom head, mr. pee-pee, mr. peepers, mr. plumpy, mr. potato head, mr. president, mr. rogers, mr. salami, mr. sniffles, mr. toad's wild ride, mr. wiggles, mr. wigglestick, mr. wiggly, mr. wiggly flops, mr. willy, mr. winky, mr. wobbly, muff marauder, muffin butterer, mule, murky lurker, the, muscle of love, mushroom on a stick, mushroom tip, mushroom-tipped love dart, mushroom-tipped man sword, mustn'touchit, mutton dagger, mutton javelin, mutton pole, muzzled bulldog.   nag, nail, nathan, navajo hogan, nebuchadnezzar, needle, nightcrawler, night stick, nimrod, nine inch knocker, nudger, nuke, nut cannon.  o'henry, ol' diamond cutter, ol' one-eye, old blind bob, old chap, old drizzly, old faithful, old fella, old man, old slimy, oliver twist, optimus prime, organ, other head, otis deepthroatis, our one-e brother, ovarian pool stick, oyster probe.   package, pajama python, palm pilot, panda express, pants snake, papa's poker, passion pistol, passion pump, peacemaker, peanut, pearl diver, pearl pole, pebbles and bam bam, pecker, pedro, pee pee, pee-wee, peener, peenie, pelvic punisher, pelvis thumb, pelvis presley, pencil, pendulum, peni, penial,   pennis the menace, pepe, pepper mill, peppito, percy, perpendicular pickle, pete(r), peter the great, petit jesu, phallus, piccolo, pickle, pied piper, piece, piece of pork, pig in a blanket, pigskin bus, pigsticker, pikestaff, piledriver, pillipacker, pimp cane, pimpin' stick, pink cigar, pink floyd, pink oboe, pink seeking missile, pink steel, pink torpedo, pinkle, pinnochio, pipe cleaner, piston rod, placenta poker, pleasure missile, pleasure pickle, pleasure piston, plonker, pocket pool stick, pocket rocket, polish kielbasa, polished pine, plum-tree shaker, pocket otter, pocket perch, pocket rocket, poka-her-hontas, pogo-stick, pointer, pole, polvo, polyphemus, pompadoodle, poon farmer, poon prod, poon wrecker, poontanger, poozle weasel (woozle), pope john pole iii, popeye, porcelain plumber, porridge gun, pork knife, pork pistol, pork sword, pork truncheon, porkeroon, porksicle, prong, porridge pump, power rod, powerprawn, premeditator, presidential podium, prick, prickolo, pride and joy, primus pilus, prince charming, prince everhard of the netherlands, private parts, probe, prong, protein ket, protein torpedo, pube kabob, pubic bong, pud, pudding cannon, puff the magic dragon, pulsating python of love, pulsating throat clogger, pulsating woodwind, pump-action yogurt rifle, pump handle, pumping pole of penile power, pup tent, puppet jack, purple avenger, purple bulb, purple-headed bed snake, purple-headed belly ripper, purple-headed burrow beast, purple-headed cum shooter, purple-headed custard chucker, purple-headed love truncheon, purple-headed meat scepter, purple-headed pirate, purple-headed punisher, purple-headed warrior, purple-headed womb broom, purple-headed womb ferret, purple-headed yogurt slinger, purple-helmeted snot nazi, purple-helmeted soldier of love, purple-helmeted nazi of love, purple-helmeted warrior, purple muffin, purple mushroom, purple piledriver, purple pork chop, purple pulsating pillar of power, purple turkey baster, piston, plumber, plunger, poker, pounder, stretcher, pud, putz.     quarter master, quarter pounder with cheese, quick shot sam, quim-tickler, quivering member.  rainbow roll, ralph the fur faced chicken, ramburglar, ramrod, ranger, rape van winkle, real deal, reaming tower of penis, red ender, red helmeted love warrior, red hot poker, red rocket, rhubarb, richard and the twins, richard cranium, richard head, rick hard, ring stinger, rising cedar, rocket to uranus, rod, rod hard ride, rod of lordly might, rodney stickshift, rodzilla, roger, rogering ramjet, roger's profanisaurus, rolling pin, roman soldier, root, root of all evil, rosey red reproductive rod, roto-rooter, round steak, ruby-headed love dart, ruddy sausage, rump wrangler, rumpleforeskin, russell the love muscle, russell the one eyed (wonder) muscle, russian spurtnik.  salami, salami grande, salty dog, saucer-headed swamp rhing, sausage roll, scabby mayonnaise revolver, scepter, schlock, schlong, schlongmaster 2000, schnickel, schnitzel, schvance/schvantz, schvontz/schwantz, schwartz, scooby snack, schlort, schmeckle, seed shooter, señor happy, sergeant stiffy, serpent, serpentine, sex pistol, shaft, shaft of cupid, sheep shank, sheep shifter, shift stick, shiny banana, hook, stick, short arm, shrimp boat , shunter's pole, silk shocker, silly willy's stick of mayhem, single-bore mayonnaise pistol, sir martin wagstaff, sir spanks a lot, six shooter, skin boat, skin bus, skin diver, skin flute, skivvies lizard, skippy, sleeping beauty, slick dilly, slim jim, slim reaper, slippery love dolphin, slit-e demon, slong, sludge pump, stick, snappy beefstick, snot nazi, snot rocket, snot sausage, soldier, solicitor general, soul pole, soupcan, sour cream rifle, snake, snapper slapper, snozwanger, spackle hammer, spam dagger, spam javelin, spanky, spelunker, spelunking sausage, sperm burper, sperm spitter, spermin' herman, sperminator, splattering ram, spongey-headed warrior, spoo shooter, sprout, spunk blaster, spunk spitter, spunk stick, spunk trunk, spunker, spurt reynolds, squinty blowpop, stanley the powertool, stick 'o' salami, stick, stick shift, sticky shooter, stiff one-eye, stiff sausage, stiffy, stink hammer, stomach wrench, strawberry snake, stretch johnson,, stretchy and the twins, strumpet thumper, stubby, sugar stick, superschlong of love, super soaker, suspect, the, sweet meat, swelling mushroom, swingin' death, swingin' nixon, swingin' sirloin, swizzle stick, swollen blood bomber.   taco warmer, tadger, tallywhacker, tankslapper, tapioca sprinkler, tassle, teeter, tennessee throatwarmer, tent peg, tent pole, texas trout banger, thadge navigator, thingamabob, thing(y), third arm of justice, third leg, thomas, thor's hammer, three inch punisher, three's company, thrill drill, throat choker, throat spackler,   throbbing blood sword, throbbing horse, throbbing purple pneumatic drill of love, throbbing purple spear of destiny, throbbing python of love, thumper, thunderstick, tickle tail, tickle toby, tiddlywinker, tingler, tinkie winkie, tiny elvis, tiny tim, titmouse, tobias the cheeky monkey, tockley, todger, tom jones, tom slick, tonka, tonsil tickler, tonsil toothbrush, tool, tool of the patriarchy, torch of cupid, totem pole, tower of power, tree of life, trembling torpedo, trombone, troublemaker, trouser flute, trouser hawg, trouser mouse, trouser snake, trouser tortoise, trouser trombone, trouser trout, trout baster, trout tickler, tuba, tube steak, tummy banana, tummy buster, tuna baster, tuna fisher, tunnel tickler, turd burglar, turgid member, turkey neck, turtle, expander, torquer, torpedo, washer, tweeder, twelve inch train of pain, twig, twig 'n' berries, twig n' giggle berries, twiggy, twinkie, twizzler of love, the, two-legged sword, two pebbles and a twig, two pounds of swinging meat.   ugly brother, ugly stick, uncle chunk, uncle , uncle reamus, uncle richard, uncle spunk, uncle throbby, uncle wiggly, unit, upright citizen, upright organ, upright uncle, uterus unicorn.  vagina miner, vaginal dilator, vaginal explorer, vein-laden meat pipe, vein-laden meat stick, veinous maximus, veiny bangstick, veiny meat dagger, verga, vertical dangler, verve pipe, viagra baby, vicious dink, virile member, vlad the impaler, vomit rod, vomiting dummy.  wacker, waldo, walloper, wally, wally the one-e wonder wiener, wand of light, wang, wangdoodle, wife's best friend, wife's worst enemy, wigga wagga, wiggedy wang, wiggity wang, wiggle stick, wiggling worm, wilbert, wilbur, willard, willy, willy wonka, womb broom, womb hammer, womb raider, womb scud, womb warrior, wonder down under, wonder weiner, wonder wick, wonder worm, wong, wonga, wood, woodle, woody, wookie, worm in a roll-neck pullover, wormy mcjuicemaker, wriggling pole, wrinklebeast.   xcaliber, xtc stick.  yang, yard o' beef, yin(g) yang, yogurt hose, yogurt shooter, yogurt slinger, your penis.  zamboner, zamboni baloney, zapper wrench, zipper ripper, zipper trout, zipper wookie.",1
777846,big black dick (sfw),1
828874,"racism, anti-racism, race realism, and the ancient egyptians race, race, race.  our society’s public discourse is full of controversies about systemic racism, white supremacy, race and genetics, critical race theory, and so on.  these controversies are driven by the struggle to ensure full rights and justice for everyone in a multiracial society.  the arguments over the best ways to achieve that goal touch on certain philosophical issues i would like to explore:  1) how racial identity should be viewed, and 2) how power dynamics between racial groups impact the determination of truth.  i am going to examine these issues through a rather peculiar lens:  the ancient egyptians.  i’ve been pulled down this rabbit hole due to my interest in ancient history and paleogenetics.  you might think the ancient egyptians would be far removed from modern racial politics, but actually, a race war is being fought over their poor old mummified bodies.  # the battle over the race of the ancient egyptians  the idea that the ancient egyptians were black, and that to imagine otherwise is racist, has been around for decades.  it keeps popping up in the news and in popular culture (with increasing frequency in recent years, i think).  in the early 2000s, when the tutankhamen exhibit toured the united states, protesters showed up to complain that the forensic reconstruction of king tut looked too white:  [king tut forensic reconstruction](https://www.flickr.com/photos/193070116@n02/51825745809/in/dateposted-public/)  in 2016, we were treated to a racial controversy over the very silly fantasy film, gods of egypt.  the egyptian gods were portrayed by a multiracial cast, but in socially conscious news media and social media, it was stated the cast should have been all non-white.  the black actor chadwick boseman said, “that’s why i wanted to do it, so you would see someone of african descent playing thoth, the father of mathematics, astronomy, the god of wisdom.”  in the 2019 cable series american gods, this divine racial casting problem has been resolved, as the egyptian gods are played by african american actors.  why is the race of the ancient egyptians such a charged subject?  why do some scholars (known as afrocentrists) assert that ancient egypt was a black nation?  this is where the “racism” and “anti-racism” terms of my “race, race, race” title come into play.  the “anti-racism” involved isn’t quite the same as the critical race theory that is so much in the news, but it draws from some of the same roots.  namely, the notion that black people need accept an identity and world view separate from that of whites, and develop independent scholarship centered on the black experience, to free themselves from racist white influences.  some scholars who follow this approach have concluded that white racism leads mainstream egyptologists to deny the evidence that ancient egypt was a black nation.  this is significant because white supremacists often claim that black people never created any civilizations, and cite that as proof of the inferiority of the “black race.”  here's a washington post opinion piece laying out the reasons for the white denial of black egypt and the evidence in favor of black egypt.  this is an old essay, from 1987, showing that these views have been percolating through the culture for some time.  [the black roots of egypt’s glory](https://www.washingtonpost.com/archive/opinions/1987/10/11/the-black-roots-of-egypts-glory/1c3faf74-331c-4cc1-a6a0-3535fa3e098a/)  the themes of afrocentrism are broad, and overlap with critical race theory and postcolonial studies.  but black egypt is certainly a lynch pin.  this is illustrated in the following excerpt from a 2009 essay by dr. molefi kete asante, professor and chair, department of africology and african american studies at temple university:  “according to herodotus, writing in the 5th century bc in book ii of history, the ethiopians said that the egyptians were nothing but a colony of ethiopians. of course, today there remains an entire system of disbelief about the history, experiences, and knowledge of the people of africa, created during the past five hundred years of european conquest.  a rhetoric of denial of africa’s capability was developed to accompany the dispossession of africa.”  later in the essay, dr. asante asserts that the egyptians who built the pyramids “were black skinned with woolly hair.”  the afrocentric concept of black egypt involves more than just the physical appearance of the ancient egyptians.  it also encompasses some non-mainstream ideas about the role of egypt in world history.  for example, the essay quoted above declares that the ancient greeks learned philosophy from the egyptians.  but for now, i’m going to stick with exploring the key assertion on which everything else rests:  the blackness of the ancient egyptians.  # what does it mean to say the ancient egyptians were black?  we can’t investigate this issue without thinking about how race is defined.  judging from what i have read, and from the public controversies it generates, i think “black” in this context means people who “look black” (see below) and have at least as much sub-saharan african ancestry as most african americans.  that certainly seems to be how black egypt is conceived in the popular imagination.  that definition is generally though not universally also used by afrocentric scholars.  ## what does it mean to “look black”?  in the americas, europe, and some other parts of the world, people determine whether a person is of “black” african descent based on a constellation of physical traits.  i would say the traits are as follows:  * skin color – dark to very dark. * hair – kinky texture, black color. * facial features – broad nose and full lips, i guess?  though this factors into judging who “looks black” it’s hard to quantify, as there is a lot of variation within races and overlap between races.  there aren’t any sharp boundaries in physical appearance between racial categories, especially in places (like the u.s.) where those of partially european or other ancestry fall under the “black” umbrella.  nonetheless, most people are usually able to judge whether a particular person “looks black,” and have their perception correlate with that person’s racial self-identification.  ## why is sub-saharan africa considered black?  in our definition, “blackness” is associated with sub-saharan african ancestry.  i think that classifying all the very diverse peoples of sub-saharan africa as one race is pretty strange.  yet both afrocentrists and white racists do this.  i believe what it comes down to is that, in the modern era, the international slave trade was largely supplied from equatorial africa.  (this includes both the transatlantic slave trade and the arab slave trade.)  the peoples of sub-saharan africa and the resulting “black” diaspora have been labeled racially inferior stemming from that.  the idea of black egypt pushes against those notions (as we saw in the essays above).  the identification of “black” with sub-saharan africa also touches on the reason that “ancient egypt was black” is not an obviously true statement.  if we observe the modern people of egypt (and north africa generally), some of them “look black.”  but most look more near eastern/arab/southern european (i.e., mediterranean), and would generally be classified as caucasian or “white.”  (though some people would call them “brown” and classify only northern europeans as “white.”)  anyway, proponents of black egypt argue that egypt was “black” in ancient times but the ethnic profile has changed.  since thousands of years have passed, and egypt is bordered by “black” areas to its south, this isn’t an implausible proposition on its face.  # can we determine whether the ancient egyptians were black?  now that we have defined what we mean by “black,” we can evaluate the evidence for and against the blackness of the ancient egyptians.  we’re trying to identify physical characteristics, especially skin and hair, plus sources of ancestry.  i’m going to do an extensive review of the evidence, as it relates to both of our philosophical questions.  (plus it’s just interesting.)  ## the evidence from language and historical accounts  afrocentrists point to ancient greek and roman accounts as proof that the ancient egyptians were black.  they often cite herodotus, who they say described the egyptians as “black skinned and woolly haired.”  but some scholars say the translation should be more like “dark skinned and curly haired.”  other ancient accounts have similar uncertainties.  afrocentrists also consider it very telling that the name the ancient egyptians used for their own country, “kemet,” means “the black land.”  they believe this refers to the color of the people.  but mainstream egyptologists say it refers to the fertile black soil of the nile valley, which the egyptians contrasted with “the red land,” the desert on either side.  there are other elements of egyptian language and mythology that some afrocentrists regard as connected to an original home or holy land in the south (as described in the essay linked above).  but these things are a matter of interpretation.  ## the evidence from ancient egyptian art  in their art, the ancient egyptians usually depicted themselves as having rather dark, red-brown skin.  afrocentrists say this shows they were black.  we’ve all seen lots of ancient egyptian art, but here are some examples to focus on.  [an image of pharaoh tutankhamen and his wife ankhesenamun, c1330 bc](https://www.flickr.com/photos/193070116@n02/51825745769/in/dateposted-public/)  [a mural from the tomb of nakht, c1400 bc](https://www.flickr.com/photos/193070116@n02/51825403901/in/dateposted-public/)  [a painted limestone statue of prince rahotep and princess nofret, c2560 bc](https://www.flickr.com/photos/193070116@n02/51825403926/in/dateposted-public/)  when trying to decide what the art of the ancient egyptians reveals about their skin color, it is helpful to look at the way the ancient egyptians depicted neighboring peoples.  here is a series of tiles from the mortuary temple of ramses ii that depict foreign prisoners.  from left to right, they show a libyan (people to the west), a nubian (people to the south), and three kinds of asiatics (that is, people to the east, from the levant and adjacent areas).  [tiles depicting foreign prisoners, 1200 bc](https://www.flickr.com/photos/193070116@n02/51826125820/in/dateposted-public/)  these images are typical of how these foreigners were depicted in egyptian art.  the people to the west and east of egypt “look white” to our eyes, while those to the south “look black.”  but what about the egyptians themselves?  in artwork, their skin color seems intermediate in shade between the “white” foreigners and the “black” foreigners.  does that mean they were a mix of those two physical types, and therefore “black” (according to the u.s. definition)?  maybe not.  while egyptian men are consistently portrayed with red-brown skin, egyptian women are often given lighter, yellowish skin.  that isn’t the case in the tutankhamen piece shown above, but it is in the next two pieces.  what does it mean for men to be depicted as having darker skin that women?  one interpretation is that women were more likely to spend time indoors, and therefore not get as tanned.  if that interpretation is correct, it suggests the ancient egyptians had pretty fair skin.  another interpretation is that the lighter color for women was purely symbolic, representing fertility, and had nothing to do with actual skin color.  that’s the interpretation favored by afrocentrists.  the trouble is that ancient egyptian art is stylized.  it wasn’t intended to depict exactly what the eye sees.  so, for example, human figures are painted as though the chest is facing forward even though the rest of the body is in profile.  that’s what gives them that funky ancient egyptian look.  so, why were women given a lighter complexion some of the time but not all the time?  did all egyptian men really have that same red-brown shade of skin, or was that an artistic convention?  the art of the ancient egyptians is beautiful and tells us a great deal about their lives.  but it doesn’t allow us to reach a definite conclusion about their skin color.  during later periods, after egypt was conquered by the greeks and romans, the more realistic classical style of art made its appearance.  some egyptians of the roman period had themselves mummified, but also commissioned a roman-style painted portrait to place over the head of the mummy.  [mummy portraits](https://www.flickr.com/photos/193070116@n02/51825745819/in/dateposted-public/)  afrocentrists cite greek and roman accounts as proof that the ancient egyptians were black.  the people in these portraits do not look black, but we have to be cautious.  those who could afford mummy portraits were among the elite of roman egypt, a society where having greek or roman ancestry helped get you into the elite.  these portraits are amazing.  but the kinds of faces they depict might not be representative of the whole egyptian population.  ## the evidence from physical remains  ancient egypt is famous for its mummies.  since the question of race is about bodily characteristics, what do we see when we look at mummies?  as someone who’s looked at way too many mummy photos, i can tell you we see desiccated corpses, and they aren’t pretty.  a number of forensic reconstructions have been created based on mummy skulls (such as for tutankhamen), but as i noted before, facial features aren’t a good racial indicator.  the reconstructions can look either black or white depending on what shade of skin is chosen.  most mummies have black skin, but this is caused by the embalming chemicals used by the ancient egyptians, and doesn’t correspond to the skin color they had when alive.  the senegalese scholar and early afrocentrist cheikh anta diop devised a test to determine the melanin content of mummy skin.  he concluded it has a high melanin concentration similar to the skin of sub-saharan africans.  but i haven’t seen any corroboration from researchers outside the afrocentric community, or any other scholarly claims of any sort regarding the original color of mummy skin.  not even for natural mummies (that is, bodies that were not embalmed, but simply desiccated by the arid sands).  i’ve seen photos of natural mummies and their skin doesn’t look especially dark, but apparently the original skin color cannot be determined.  hair is the other big criteria for distinguishing black from white, and we’re in much better shape there.  it’s not uncommon for mummies to retain their hair, as keratin preserves well in egypt’s climate.  also, wigs made of human hair have been found in egyptian tombs.  a lower-class cemetery at amarna was excavated in 2014.  the bodies were not embalmed, and are today little more than skeletons   yet their hair is sometimes preserved.  [3,300-year-old skull with hair](https://www.flickr.com/photos/193070116@n02/51827617738/in/dateposted-public/)  according to archeologist jolanda bos, the hair from this cemetery ranged “from very curly black hair, to middle brown straight.”  she noted this “might reflect a degree of ethnic variation.”  an egyptologist named dr. joann fletcher has made the study of egyptian hair and wigs one of her specialties.  in an interview she said:  “the most common hair color then, as now, was a very dark brown, almost black color, although natural auburn and even (rather surprisingly) blonde hair are also to be found.”  the ancient egyptians used hair dye, and some mummies apparently have bleached blond hair due to the effect of embalming chemicals.  however, microscopic examination of hair can determine if the color was artificially altered, so we are able to identify original hair color with some confidence.  original hair texture is even easier to establish, since it is created by the cross-sectional shape of each hair shaft.  round shafts produce straight hair; oval shafts create wavy to curly hair; and “kinky” african hair has a distinctive, flattened cross-section.  quoting dr. fletcher again:  “the vast majority of hair samples discovered at the site were cymotrichous (caucasian) in type as opposed to heliotrichous (negroid), a feature which is standard throughout dynastic times…”  i haven’t found a statistical breakdown of mummy hair, but from what i’ve read, some is of the “black african” type but most is not.  ## the evidence from genetics  “race realism,” which is included in my “race, race, race” title, is a term with multiple meanings.  the most common is that race is not just socially constructed, but is real on a genetic level.  the most controversial version of this definition says genetic differences between the races impact group averages for traits like cognition and personality, and this explains at least some of the difference in socioeconomic outcomes between racial groups.  some people say that boils down to plain old racism.  ironically, the term “race realism” is also used by critical race theorists and the like to mean that race is real *even though* it is socially constructed, because dominant social forces produce systemic discrimination along racial lines.  therefore, racial identity must be regarded as crucial, and it is right and proper to treat people differently based on their race in order to achieve equity between races.  some say that also boils down to plain old racism.  all of these meanings relate to the issues we are exploring here, but in this section, i am primarily concerned with using population genetics to identify race.  a population (in the genetic sense) is created when a group of humans is completely or partially blocked from interbreeding with other groups, due to geographical and/or social barriers.  over time, that population’s gene pool becomes statistically distinct from that of other populations.  geneticists study populations at many different levels, from large continental regions to ethnic and tribal groups or even particular towns (when looking at people whose ancestors have come from the same town for generations).  population and race are not the same thing.  however, race can be mapped onto populations, such that a geneticist can use a person’s genes to predict their self-identified race with a high degree of accuracy.  genetics has revolutionized our understanding of human history.  genetic analysis of present-day populations enables us to extrapolate ancestral relationships and migration patterns.  even more revealing is the study of ancient dna.  scientists have been able to read the dna of people who died thousands of years ago (or even tens of thousands, as when they sequenced the genomes of neanderthals and other archaic humans).  egyptian mummies are an obvious target for ancient dna studies, but they have proven a difficult target.  because of egypt’s hot climate, the effect of embalming chemicals, and other factors, mummy dna is generally in poor shape.  **partial genetic results from mummies**  around 2010, the egyptian government launched a project to read the dna of pharaoh tutankhamen and several other royal mummies known or believed to be his relatives.  they got partial results -- and a race controversy.  the big controversy involved a piece of data the egyptian team did not release:  the ydna haplogroup of king tut.  ydna allows us to trace a person’s ancestry in the direct male line.  similarly, mitochondrial dna (mtdna) identifies the direct female line.  these types of dna are easier to read than the main part of the genome as they are smaller and simpler (and in the case of mtdna, more abundant).  they do not recombine in each generation like the main part of the genome, but instead slowly accumulate changes over many generations.  mitochondrial dna was instrumental to proving the out of africa hypothesis (i.e., that modern humans originated in africa, and that some migrated out 70,000-50,000 years ago and peopled the rest of the world).  some haplogroups (genetic variants) and entire ydna and mtdna lineages are found only in sub-saharan africa, while other haplogroups originated in eurasia, among humans who had already left africa.  the tutankhamen project included a documentary film, which was broadcast on the discovery channel.  a swiss genetics company claimed that, based on a graph that appeared in the documentary, they could tell king tut’s ydna haplogroup was r1b – which is rare in modern egypt but the most common haplogroup in western europe.  some people interpreted this as meaning that king tut looked just like a western european.  white supremacists jumped on this.  at the time, egyptian researchers called the swiss company’s claims “unscientific,” but in 2020 they published a paper confirming that king tut was indeed r1b, along with his father pharaoh akhenaten and grandfather pharaoh amenhotep iii.  i can only speculate as to why the egyptians were reluctant to release this information.  maybe it was racial politics, or maybe they were afraid they’d made a mistake.  of course, king tut’s ydna haplogroup does not identify his race.  the direct male line constitutes only a small fraction of anyone’s ancestry (only one of four grandparents, one of eight great-grandparents, one of sixteen great-great-grandparents, etc.).  without full genome results (which we don’t have), we can’t know whether king tut also had sub-saharan ancestry.  in 2012, egyptian researchers analyzed the dna of pharaoh ramesses iii and identified his ydna haplogroup as e1b1a, which is commonly found in sub-saharan africa.  you can imagine the reaction to this news:  ramesses iii was black!  in subsequent years, the mtdna and ydna haplogroups of more mummies have been determined.  although haplogroups do not necessarily identify the race of an individual, their distribution in a population suggests deep ancestry for the group.  most of the mummy haplogroups are west eurasian in origin, with a smaller number associated with sub-saharan africa.  this indicates the ancient egyptians were probably descended mostly from populations who migrated into north africa after living outside africa for thousands of years.  **full genome results from mummies**  fortunately, ancient dna techniques and technology have advanced rapidly.  over the past five years in particular, the number of fully sequenced ancient individuals has exploded.  in 2017, a german team not only read the mitochondrial dna of 90 mummies, but also sequenced the full genome of three mummies.  this was a huge breakthrough, as the amount of information contained in the main part of the genome is vastly greater than that available from mtdna or ydna.  the findings did not make afrocentrists happy, as you can guess just from the title of the paper:  [ancient egyptian mummy genomes suggest an increase of sub-saharan african ancestry in post-roman periods](https://www.nature.com/articles/ncomms15694)  the mummies in the sample all came from the same cemetery in middle egypt, but died over a long period of time (about 1,300 years).  the sample period begins during the new kingdom, when ancient egypt was at the height of its power, and continues through egypt’s decline and conquest by a succession of foreign nations and empires, including libyans, assyrians, nubians, persians, greeks, and finally romans.  one of the goals of the researchers was to see whether all those foreign conquests left genetic traces.  they concluded the sample population’s genetic profile remained largely unaffected.  i don’t find this surprising, even though it is known that some greeks and romans did settle in egypt.  egypt has been a densely populated nation from ancient times, so a large amount of immigration and/or emigration would be required to have any substantial impact.  but when the researchers did a statistical comparison of the ancient egyptians’ genes against modern egyptians, they found significant differences.  the biggest change between ancient and modern is an increase in sub-saharan genes, with modern egyptians having about 20% sub-saharan ancestry, while the ancient egyptians had more like 10%.  this sub-saharan influx occurred after the roman period   possibly due to the arab slave trade, which is estimated to have moved 6 to 7 million sub-saharans into north africa.  ***what did these ancient egyptians look like?***  our definition of “black” depends a lot on whether a person “looks black.”  can we use our full genome data from the three ancient egyptians to determine what they looked like?  to some extent.  there are two ways to do this.  *physical appearance based on population match*  the authors of the paper conducted two kinds of statistical analysis to compare the full-genome ancient egyptians to various ancient and modern genetic samples.  both kinds of analysis found that the best matches are ancient individuals (neolithic to bronze age) from anatolia, europe, and especially the levant.  it’s not surprising that these individuals were more similar to the ancient egyptians than modern people, as the genetic profile of populations is constantly shifting, because of migration and admixture as well as selection pressure and genetic drift.  among modern populations, principal component analysis found that people from the levant (jordanians, palestinians, syrians) are the most similar to the ancient egyptians, while shared drift analysis identified sardinians as the best match.  that second result might seem surprising, since sardinia is an island in the western mediterranean.  but scientists have found that, to an unusual degree, sardinians preserve the genetic profile of the “first farmers,” the people who spread out of the near east during the neolithic, bringing agriculture with them.  this is apparently because the many subsequent migrations that changed the genetics of other areas largely bypassed their island.  by looking at these “best match” populations, we can get a sense of the appearance of the ancient egyptians.  [a photo of some jordanians](https://www.flickr.com/photos/193070116@n02/51825745814/in/dateposted-public/)  [a photo of some sardinians (in folk costume)](https://www.flickr.com/photos/193070116@n02/51825745789/in/dateposted-public/)  *physical appearance based directly on genes*  when it comes to determining the effect of particular genes, there is still a great deal we don’t know.  many traits are polygenetic, meaning they are contingent on complex interactions between a large number of genes.  but there are some genes whose function we have identified or partially identified.  in the egyptian mummy paper, the authors reported that the individual with the best preserved dna had an allele for lighter skin pigmentation, as well as genes for dark eyes and lactose intolerance.  in 2021, a dna technology company used forensic dna phenotyping to create digital reconstructions of the faces of the three full-genome ancient egyptians.  according to the company’s statement, “they found that the men had light brown skin with dark eyes and hair; overall, their genetic makeup was closer to that of modern individuals in the mediterranean or the middle east than it was to modern egyptians.”  i suspect there’s a good deal of guesswork involved in these reconstructions, but here’s what they came up with:  [genetic reconstruction of ancient egyptian faces](https://www.livescience.com/ancient-egyptian-mummies-faces-reconstructed-dna)  ***possible regional variation in physical appearance***  as the researchers noted in their paper, there is uncertainty regarding the magnitude of the sub-saharan genetic shift between ancient times and the present, since their ancient samples all come from the same location in middle egypt.  genetic analysis of modern egyptians has shown that sub-saharan ancestry increases as you move from the northern part of the country to the southern part, and it is reasonable to suppose that was true for ancient egypt too.  so ancient egyptians from southern egypt may have looked “blacker” than the three individuals whose genomes were sequenced.  **other genetic data from north africa**  as discussed previously, modern egypt is similar to the rest of north africa in being mostly (though not entirely) non-black.  afrocentrists posit that this is a relatively recent phenomenon and that, in ancient egyptian times and before, the population of north africa was more like that of sub-saharan africa.  but is that correct?  the strongest evidence comes from fully sequenced ancient individuals.  besides the egyptian ancient dna discussed above, we have full-genome ancient dna from morocco.  ***paleolithic ancient dna from morocco***  the oldest full-genome moroccan sample comes from individuals who lived about 15,000 years ago, and is described in this paper:  [pleistocene north african genomes link near eastern and sub-saharan african human populations](https://www.science.org/doi/10.1126/science.aar8380)  as the abstract says:  “the taforalt individuals were found to be most closely related to populations from the near east (natufians), with a third of their ancestry from sub-saharan africa.”  so, two-thirds of the ancient moroccans’ genome is consistent with a paleolithic migration into north africa from the levant.  the one-third of this people’s genome that has sub-saharan characteristics is not a good match for any known population.  maybe the sub-saharan component came from an older north african population that mixed with the incoming eurasians.  there must have been a point, prior to the migration from eurasia, when the population of north africa was more similar to the rest of africa.  but contrary to what is believed by afrocentrists, that point seems to have been in the very distant past.  by 15,000 years ago, even western north africa was filled with people of mostly levantine extraction.  ***neolithic ancient dna from morocco***  a 2018 study examined two different full-genome samples from morocco, one from the early neolithic (5,000 bc) and the second from the late neolithic (3,000 bc).  for comparison, the study also looked at an early neolithic sample from iberia.  the study is described in this paper:  [ancient genomes from north africa evidence prehistoric migrations to the maghreb from both the levant and europe](https://www.pnas.org/content/115/26/6774)  the early neolithic moroccan sample shows genetic affinities with ancient peoples from the levant.  the late neolithic moroccan sample included elements similar to ancient europeans as well.  that indicates that between 5,000 bc and 3,000 bc, people migrated from europe into north africa, and interbred with the existing north african population.  neither of the neolithic moroccan samples had any sub-saharan components, even though people living in the same area today do have sub-saharan ancestry.  this is similar to what we saw in egypt, with the modern population being blacker than the ancient one.  though in the case of egypt, the ancient population did have some sub-saharan ancestry.  perhaps the nile, which provides a north-south avenue of communication, fostered contact with the african interior.  ***north african genetic data as a whole***  genetic analysis of present-day north africans, including egyptians, also provides data about population history.  the following paper pulls together the genetic evidence from present-day and ancient samples.  [population history of north africa based on modern and ancient genomes](https://academic.oup.com/hmg/article/30/r1/r17/6025449)  scientists have concluded that north african ancestry is complex, and varies considerably between different regions and ethnic groups.  based on the above papers and some others, the following major components have been identified:  1. a paleolithic migration of eurasians into north africa from the levant, which occurred more than 12,000 years ago.  this genetic component is referred to as indigenous or autochthonous by geneticists, because this population has been in north africa such a long time it has developed a distinct genetic profile. 2. a neolithic migration of people from the near east into north africa from the levant.  this migration is associated with"",,,,,,,,,,,,,,,,,,,,,,,,,,
the spread of farming and pastoralism. 3. an arab component, associated with the medieval arab conquest of north africa. 4. a sub-saharan african component, mostly associated with the arab slave trade but also with some prehistoric populations. 5. a european component, mostly associated with migrations in the historical period but also with some prehistoric migrations. the first two population sources still account for the largest portion of north african ancestry.  in summary, the population structure we see in africa today, where north africa is genetically separate from the rest of africa, has existed for more than 12,000 years.  north africa has been mostly (though not entirely) non-black since long before the creation of ancient egypt.  # conclusion:  were the ancient egyptians black?  based on the definition of “black” we have established, i think we can answer this question with a fair degree of confidence if we focus on the hardest evidence.  to jump the gun on my philosophical question regarding the determination of truth, hard evidence is not dependent on interpretation – or at least, less dependent.  the hardest evidence in this case is the genetic data and the mummy hair.  both kinds of evidence point to the same conclusion:  ancient egypt was a multiracial society.  some ancient egyptians were black, but they seem to have been a minority.  most ancient egyptians were caucasians of the mediterranean type – light brown skin, dark eyes, dark hair.  however, there were also some ancient egyptians with fair coloring, as shown by the light brown, red, and blond mummy hair.  of course, the evidence is still fairly scanty, so i don’t think we can say much about the exact proportions of the different physical types in the population, or exactly how that varied by region within egypt.  but i think a general picture of the ancient egyptian population as majority caucasian, minority black, with the black proportion increasing from north to south, is the best fit for the evidence.  so, afrocentrist ideas about the race of the ancient egyptians are mostly incorrect.  * ancient egypt was not a black nation – though some ancient egyptians were black. * ancient egypt was probably not blacker than modern egypt.  if anything, it was whiter.  # intermission  well,"" i haven’t even started on my philosophical questions yet:  1. how should racial identity be viewed? 2. how do power dynamics between racial groups impact the determination of truth?  i’ll deal with those questions in future posts.""",1
214804,there's another joke about white people and /r/blackpeopletwitter reacts accordingly,1
259048,"[m4f] let's rp a fun, relaxed role hello. i am 18+ and all participants and characters must be 18+. i am looking for a new rp to start. i have a few ideas that might interest you. you can message me and let me know which roles you truly like.    - escort and her most loyal client. you would be an escort who sees one client in particular so often. eventually the client would fall for you, making you question whether you'd like to continue or not.    -a young black/latina woman who has a young white man move into her apartment complex, she has a certain eye for him, but her family and friends wouldn't approve, but she can't control herself    - goddess who delights in using mortal men for pleasure. she chooses one mortal and finds out he is just what she was lacking. she becomes infatuated with him and they become lovers    - you always heard rumors about your older brother from the girls at school. they called him names referencing his large penis. you just couldn't get the thought out of your head. you had to know.    - you are a famous adult film star, you've been to parties all around the world and met all kinds of people. the studio contracted you to meet a fan and film it for them. you didnt expect to be quite so attracted to him though.    - you're an art student, preparing for your final exam of painting a nude man, you hire a model, but his body is too much for you to just paint.    - i have travelled to a far away place, that is exotic and beautiful.  you are there to be my guide,  you show me more than just the beautiful architecture and land.    -- you are a rich woman, a golddigger perhaps, and you have had enough of your husband, he is disgusting older,  and doesnt satisfy you.  i'm your servant in your mansion. you decide to get rid of your husband, but you need help from me, which you use your looks to get me to help.    -- you're a nurse who works at a reproductive health center. you are the most popular and well liked nurse there, i am a new patient, and i'm about to find out why.     -- you're my gf/wife/sister/mom and you find out that i have a really small penis,  you decide to try to help, looking up remedies and approach me trying to fix it.   - you are a worker at a bath house for wealthy businessmen. i come in to relax and you are there to please me.   -if you are a male we can work out a mmf role   i am open to other rp ideas. these are just a few to get the gears turning. i'm looking for something long term although it's ok if you arent looking for something quite so long. please send me a kik message at erockjuffle.",1
515110,"like men of war: black troops in the civil war, 1862-1865, by noah andre trudeau | jotted lines",1
962142,can a black person join the kkk?,1
301746,i hate it when i can't see black people at night...,1
283899,"[table] iama: i have albinism—ama **verified?** *(this bot cannot verify amas just yet)*  **date:** 2013-07-28  **[link to submission](http://www.reddit.com/r/iama/comments/1j842f/)** (*has self-text*)    questions|answers :--|:-- [are you a black white guy or a white white guy?](http://www.reddit.com/r/iama/comments/1j842f/i_have_albinismama/cbc1unk?context=5)|i'm actually mexican, but i'll pick white white guy. [is mexican a color now?](http://www.reddit.com/r/iama/comments/1j842f/i_have_albinismama/cbc25c0?context=5)|when i was in world history, we were watching a film on african apartheid. i can't remember who was on the stand, but the judge asked ""why do we call black people black if they're more brown than black?"" the man responded, ""why do we call white people white if they're more pink than white?"" [did that shape what you want to do as a career?(i saw that you want to be a child psychiatrist\)](http://www.reddit.com/r/iama/comments/1j842f/i_have_albinismama/cbc1yv5?context=5)|well, it definitely limits what i can do for a career. but i just like helping people, so mental health is a great path. and since all you need to do is sit in a chair and listen and give advice, i can do it! [is there a history of albinism in your family?  ](http://www.reddit.com/r/iama/comments/1j842f/i_have_albinismama/cbc1yv5?context=5)|we think my great grandfather had albinism. there are no photos, but everyone says he had blue eyes and white hair. i also have a cousin in mexico who's a little older and also has albinism, but that's it. [you just need to start a rumour that an albino's semen has magical properties.](http://www.reddit.com/r/iama/comments/1j842f/i_have_albinismama/cbc3y5r?context=5)|i need someone famous to start the romour. it would spread better that way. [really? i'd think people would be drawn to the exotic. i am, anyways.](http://www.reddit.com/r/iama/comments/1j842f/i_have_albinismama/cbc340r?context=5)|you're probably just as rare as i am :p. [most people who really care about that sort of thing aren't worth it anyhow. i'm sure you'll find someone who wants to be with you someday, &amp; not just because they want to hack you up &amp; turn your body parts into a magical potion.](http://www.reddit.com/r/iama/comments/1j842f/i_have_albinismama/cbc3624?context=5)|i know i will, someday. it can just get frustrating at times. [do you have moles or other skin things that are a different pigment than the rest of you? dark/light spots? ...and...i feel horrible and dumb...are your pubes all the same color as your hair? sorry, just really curious! :(](http://www.reddit.com/r/iama/comments/1j842f/i_have_albinismama/cbc35dr?context=5)|yes, several on my hands and arms that are sort of light brown.  |don't feel bad, i said ama :) yes, they are. [what is the biggest misconception about albinism you've found?](http://www.reddit.com/r/iama/comments/1j842f/i_have_albinismama/cbc289u?context=5)|that we all have red eyes. i can't tell you how often i've heard, ""you're not albino, you don't have red eyes!"" [the one albino girl i knew at highschool had to wear dark glasses due to light sensitivity, but she had blue eyes. is this the case for yourself also? and, is the photophobia why you are classed as legally blind?](http://www.reddit.com/r/iama/comments/1j842f/i_have_albinismama/cbc2tth?context=5)|photophobia is one of the symptoms of albinism, but i'm legally blind because of that eye chart with the giant e at the top. i can't even see the big e... [i've gotta admit, i thought that when i saw the pictures, and figured it'd get answered here.](http://www.reddit.com/r/iama/comments/1j842f/i_have_albinismama/cbc2u3h?context=5)|i'm surprised people haven't asked if i have red eyes yet. there are plenty of misconceptions but that's the main one that really gets old after a while. [do you not have eyelashes? ](http://www.reddit.com/r/iama/comments/1j842f/i_have_albinismama/cbc38nc?context=5)|i do. the photographer moved them out of the way to take that picture. the little sliver of blue is her gloved finger. [do you have contacts/glasses/ any type of corrective vision?](http://www.reddit.com/r/iama/comments/1j842f/i_have_albinismama/cbc30nl?context=5)|i use reading glasses, but nothing for distance. the best correction available is to 20/200. [that said, the test is kind of silly as everyone knows that the first letter is e.](http://www.reddit.com/r/iama/comments/1j842f/i_have_albinismama/cbc36y0?context=5)|in low vision clinics, the eye chart is a reversed pyramid, so there are like 9 letters at the top. [do some albinos have red eyes or is it entirely a misconception? i am referring of course to humans because clearly most other albino animals seem to have red eyes. ](http://www.reddit.com/r/iama/comments/1j842f/i_have_albinismama/cbc32fk?context=5)|most people with albinism have light blue eyes (light blue being the least pigmented colour). [is the stories about medicine men offering huge money for albino's bones true? if you were strapped for cash would you consider it?](http://www.reddit.com/r/iama/comments/1j842f/i_have_albinismama/cbc1vna?context=5)|yes. in tanzania, witch doctors who make potions that apparently make you rich or whatever do. they use body parts to make them. limbs, mainly, but also skin, hair, blood, etc. it's a huge problem that has even gotten the attention of the un.  |i wouldn't do it simply because it'd be supporting the horrid, horrid crime. plus, i could always make money by selling my junk on ebay :p. [no, but seriously, i'd become immortal if i ate you wouldn't i? don't lie to me.](http://www.reddit.com/r/iama/comments/1j842f/i_have_albinismama/cbc2ezx?context=5)|yes, but you must eat my left arm. the right arm just makes you rich. each part has its own magical power. [what sort of magical properties do your legs have?](http://www.reddit.com/r/iama/comments/1j842f/i_have_albinismama/cbc2ndb?context=5)|the left one gives you super strength. the right one gives you super speed. take your pick. [have you ever thought of teaming up with a 1 handed dwarf and using superscience to battle *the guild of calamitous intent*?](http://www.reddit.com/r/iama/comments/1j842f/i_have_albinismama/cbc264s?context=5)|i have not, i'll put it on my to-do list! [on a serious note, are you offended by the fact that most fiction, whether it be film, television or literature tends to stereotype those with albinism into villainous roles?](http://www.reddit.com/r/iama/comments/1j842f/i_have_albinismama/cbc264s?context=5)|i'm not really offended by it, but it just gets old after a while. the sad part is that there really aren't films that portray albinism in a good light. they just all pull the evil albino joke. the albinism community hates it with a passion. [powder. i consider him more of a hero than anything else.](http://www.reddit.com/r/iama/comments/1j842f/i_have_albinismama/cbc2ttu?context=5)|i really should see the film before i make comments about it but... a fashion photographer who now takes pictures of people with rare genetic conditions once slammed powder. i think he said it was bad because the guy had albinism because his mother was struck by lightning. again, i should probably see it before i talk about it. and someday i will. [are there any other medical side effects to having albinism besides the lack of colour pigment in your body?](http://www.reddit.com/r/iama/comments/1j842f/i_have_albinismama/cbc29ig?context=5)|visual impairment. most with albinism are legally blind, someone are just above the cutoff. however, some have relatively good vision, and i've heard of someone with albinism with 20/20 vision. [are your eyes correctable to 20/20?  also, do you have any form of color blindness?](http://www.reddit.com/r/iama/comments/1j842f/i_have_albinismama/cbc3lof?context=5)|i can get up to 20/20 with a monocular, but not with regular glasses. no colour blindness, thankfully :) [ah the monocular. got my first one from the low vision department back in 6th grade. did you get large print books too? people thought those were cool. i thought they were heavy. ](http://www.reddit.com/r/iama/comments/1j842f/i_have_albinismama/cbcf4ai?context=5)|yeah, in primary and secondary. everyone thought they were cool, i thought they were a massive pain to carry around and they barely fit in my locker. i'm in college now and all my textbooks are in my ipad :) [does being an albino mexican give you an insight into race/prejudice that others might not see? do people treat you like a 'white' guy until they find out that you're mexican?](http://www.reddit.com/r/iama/comments/1j842f/i_have_albinismama/cbc32yj?context=5)|somewhat. absolutely! no one ever believes i speak spanish, ever. they always think i'm just another american. my favourite part is when people talk about me, out loud, right in front of me in spanish because they think i can't understand them. [do people stare it you often?  you hair is pretty unusual (not bad!\) and i would imagine you could stick out in a crowd.  do you let it bother you?  do kids ever ask you weird questions?](http://www.reddit.com/r/iama/comments/1j842f/i_have_albinismama/cbc2363?context=5)|i'm told that when i walk down the street, everyone in a passing car stares. but being legally blind, i don't notice. i definitely do stick out in a crowd, which is why i hate when people tell me to find them. it's like, dude, find me! way easier! i did think about it when i was walking through a park yesterday, but the way i see it... when people stare, it's because they're fascinated. so, say you saw someone on the street with like three arms or someone. you'd stop and stare because you're thinking, ""whoa! that's weird!"" you're not staring because you think the person is a freak. hmm... kids never really ask questions. [your legally blind?  that sucks dude.](http://www.reddit.com/r/iama/comments/1j842f/i_have_albinismama/cbc2363?context=5)|it can have its pros. i get to cut lines in places, i never have to do jury duty, and i get priority registration for classes at my college. but, the not driving part does suck. [does it irritate you when people assume that someone or something has albinism just because of their pale complexion?](http://www.reddit.com/r/iama/comments/1j842f/i_have_albinismama/cbc2p6w?context=5)|somewhat. i'll have people tell me that someone they know has albinism because they're really pale. i even had someone tell me that someone they know ""used to be albino."" sure, we're both pale. but i'm blind, they aren't. [i'm pale with light hair and eyes, and a lot of my friends crack jokes about me being albino... it pisses me off, mostly because they have never even met an albino person and are being extremely annoying.](http://www.reddit.com/r/iama/comments/1j842f/i_have_albinismama/cbc3hfd?context=5)|precisely! [are there albinism support groups/conventions like there are for little people? if so, do you attend? are you active in the albino community?](http://www.reddit.com/r/iama/comments/1j842f/i_have_albinismama/cbc2qbv?context=5)|oh yes. there's the national organization for albinism and hypopigmentation (noah). they host conferences every two years. i attended the last one in st. louis and i'm going to the one in san diego next year. the albinism fellowship of australia also hosts conferences, and i'm going to sydney to their conference this october.  |i try to be as active as possible. in research, in event attendance, in public awareness, etc. noah publishes a quarterly magazine called albinism insight, and i write for it every single quarter. [why did they think it would be a good idea to bring a bunch of albinos to australia, where they have a really thin ozone? haha.  that's awesome that you're so involved, it's great to be a part of connected communities like that.](http://www.reddit.com/r/iama/comments/1j842f/i_have_albinismama/cbc3gxn?context=5)|australia has its own albinism support group, so it's mostly people who live there already. i'm just going because i don't want to wait until 2014 for another conference. [that's so cool you're so involved at such a young age. what do you write about?](http://www.reddit.com/r/iama/comments/1j842f/i_have_albinismama/cbc3p1l?context=5)|conferences, college, technology, travel, mass transit, low vision aids, etc. it's really fun :) [mate, if your coming down just remember: australian sun is hard core. i'm currently traveling through europe and it takes me all day in the sun to get burnt. back home in oz, i'll get burnt in the time it takes to hang out the laundry.](http://www.reddit.com/r/iama/comments/1j842f/i_have_albinismama/cbc4xwr?context=5)|challenge accepted. [not to sound mean but have you ever dyed your hair? i've always wondered why albino people don't dye their hair? ](http://www.reddit.com/r/iama/comments/1j842f/i_have_albinismama/cbc2n1u?context=5)|i have not, personally. but people with albinism do dye their hair—i know several that do. my best guess is that those who don't are happy with who they are, and see no need to change it. [yeah please never do, your platinum afro must always remain.](http://www.reddit.com/r/iama/comments/1j842f/i_have_albinismama/cbc37uj?context=5)|then so it shall be. [i was wondering the same question and not because i think ""are you unhappy with your hair"" is because with a white hair like this any primary or bright colors must come out wonderful, it doesn't have to go through the whole chemical bleaching thing...  i have dye envy (really alergic to hair dyes\)](http://www.reddit.com/r/iama/comments/1j842f/i_have_albinismama/cbc3tzj?context=5)|the same way tattoos would really pop with the white skin :) [what color are your nipples? ](http://www.reddit.com/r/iama/comments/1j842f/i_have_albinismama/cbc3e6t?context=5)|light pink? it's kinda hard to see, believe it or not. [is it kinda hard to see because you are legally blind, or because the nipples are actually only shade or so off from your regular skin color? sorry.](http://www.reddit.com/r/iama/comments/1j842f/i_have_albinismama/cbc9evs?context=5)|both. [what about the soldiers helmet? ](http://www.reddit.com/r/iama/comments/1j842f/i_have_albinismama/cbcbdwp?context=5)|soldier's helmets are green, no? [maybe you should get yours checked out then i think it might be infected.](http://www.reddit.com/r/iama/comments/1j842f/i_have_albinismama/cbcc85y?context=5)|nah, it's fine. [i am now tempted to do an ama titled ""i have gingerism""  i have bright orange hair and pale skin. i hesitated though, because the thread would die after ""do you have a soul?"" and ""does the carpet match the drapes?"" etc.](http://www.reddit.com/r/iama/comments/1j842f/i_have_albinismama/cbc3ef9?context=5)|do it! i mean, you're going to get stupid questions, that's just it. but i'm sure there are plenty of people with legitimate questions. i have a few myself :) [since you're mexican (and i am hispanic too\) i was curious, what your parents have told you about their reaction to your albinism when you were born? ](http://www.reddit.com/r/iama/comments/1j842f/i_have_albinismama/cbc31s5?context=5)|i think i remember them saying they were shocked. but overall in the first year they were just really scared. because they didn't know what caused it or what it meant to have albinism or what would happen. and they were so scared when they found out about the vision part. and that part really broke my heart. i hear a lot of these stories from new parents of children with albinism, and i'm glad there are support groups now. [i bet your dad thought your mom cheated on him :\)](http://www.reddit.com/r/iama/comments/1j842f/i_have_albinismama/cbccb25?context=5)|probably :p. [what are the odds that you will have a albino child? i think you are handsome, btw.](http://www.reddit.com/r/iama/comments/1j842f/i_have_albinismama/cbc313b?context=5)|if i have kids with someone else who has albinism, the odds are 100% (yes, every single child) the child will have albinism. however, if that person has a different type of albinism than mine, than none of the kids will have albinism, but they'd be carriers for both types.  |if i have kids with someone who doesn't have albinism, the odds are 50% if they carry the gene for albinism, and 0% if they don't. [would you rather be albino or ginger? ](http://www.reddit.com/r/iama/comments/1j842f/i_have_albinismama/cbc2djo?context=5)|i'd rather have albinism. [as a ginger, i was momentarily offended...but now i shamefully agree. i'll be going now. ](http://www.reddit.com/r/iama/comments/1j842f/i_have_albinismama/cbc2mxd?context=5)|it wasn't really that albinism is better or anything, i didn't make a mental comparison. i picked albinism because i already have it. [you are funny. your sense of humour has really made this ama entertaining, as well as educational. this might be a shallow and vapid question, but i'm curious. are you attracted to people with albinism? ](http://www.reddit.com/r/iama/comments/1j842f/i_have_albinismama/cbc2y5o?context=5)|thank you :) um... somewhat. i've dated people with albinism before and the connection is just indescribable. but i don't really pursue people with albinism more or anything. [what are your superpowers?](http://www.reddit.com/r/iama/comments/1j842f/i_have_albinismama/cbc2ppt?context=5)|i see dead people... [no seriously, how has being am albino affected your identity? was/is it a big part of who you are?](http://www.reddit.com/r/iama/comments/1j842f/i_have_albinismama/cbc2ppt?context=5)|it is in a sense that i wouldn't change it even if i could. but i try my best to live life as normally as possible. albinism identifies me, it doesn't define me. [how do you prefer to be referred to? is ""an albino"" offensive? should i always refer to people with your condition as just ""people with albinism""? and finally people with albinism are often portrayed as evil in the media, how do you feel about this? thank you!](http://www.reddit.com/r/iama/comments/1j842f/i_have_albinismama/cbc3eq4?context=5)|people with conditions generally like the ""people first"" use. ""person with albinism"" is generally better, and is used by noah. ""albino"" is accepted in australia and the uk. it just depends. some people hate it with a passion, others will call themselves albino. i don't really mind, but i always use ""person with albinism"" just because, again, there are some that hate the alternative.  |yes, the evil albino card is player over and over and over again. i don't really mind it, personally, i just wish there was a balance. [is it true that its hard for albinos to go outside because the sun hurts their skin? i forgot where i heard that from.](http://www.reddit.com/r/iama/comments/1j842f/i_have_albinismama/cbc1zqv?context=5)|it doesn't necessarily hurt our skin just going in the sun, but we do sunburn a lot easier than everyone else. the skin cancer risk is much higher, too. [does the albino code actually exist?](http://www.reddit.com/r/iama/comments/1j842f/i_have_albinismama/cbc2bef?context=5)|i don't think so. we should create one! [when did you first find out you were living in albania?](http://www.reddit.com/r/iama/comments/1j842f/i_have_albinismama/cbc34di?context=5)|when i was six and i read about this show called american idol. i turned on the tv, but only managed to catch albanian idol. i was sad. [what do plan to do for a living?](http://www.reddit.com/r/iama/comments/1j842f/i_have_albinismama/cbc1uhr?context=5)|i'd love to be a child and adolescent psychiatrist. if that doesn't work out, i'll go to graduate school and become a psychologist. [as a child and adolescent psychologist i have to say... ouch man. ouch. ](http://www.reddit.com/r/iama/comments/1j842f/i_have_albinismama/cbc40uo?context=5)|i was kidding! i know psychiatry and psychology are very very tough field with a lot of responsibility and emotion and such. what i was getting at was that they're not vision intensive, so it's something i can do. [how would you get through medical school with your vision? you'll still have to do general residencies. ](http://www.reddit.com/r/iama/comments/1j842f/i_have_albinismama/cbc5rke?context=5)|i know several doctors with albinism, it's not impossible. [have you ever wished you didn't have albinism? ](http://www.reddit.com/r/iama/comments/1j842f/i_have_albinismama/cbc36db?context=5)|when i was younger, but i don't anymore. [thanks for answering man. good luck in all of your future endeavors! ](http://www.reddit.com/r/iama/comments/1j842f/i_have_albinismama/cbc3ije?context=5)|you're welcome, and thank you :) [does it know anything about hl3?](http://www.reddit.com/r/iama/comments/1j842f/i_have_albinismama/cbc30yx?context=5)|hl3 is coming in... in... damn! just lost it! ask me again tomorrow :) [is it creepy that i find albinism to be kind of a turn on? (i'm not hitting on you, don't worry. i'm a lesbian!\) have you met other people who feel this way? what have relationships been like for you?](http://www.reddit.com/r/iama/comments/1j842f/i_have_albinismama/cbc2zkc?context=5)|not really. everyone has their own turns on and fetishes and whatnot. free country. but i haven't met anyone else who feels that way, pretty interesting. relationships, and dating in general, have always been difficult. [don't worry you'll find someone! i think pale skin and white hair are beautiful!](http://www.reddit.com/r/iama/comments/1j842f/i_have_albinismama/cbc6w5l?context=5)|me too :) [are there any major set-backs that you have because you are albino? ](http://www.reddit.com/r/iama/comments/1j842f/i_have_albinismama/cbc26rl?context=5)|vision, mainly. being legally blind means i can't drive in my state, i have a hard time seeing the board in class. i sometimes bump into the most obvious things. i just have to get really close to everything. [do all albinos have poor vision?](http://www.reddit.com/r/iama/comments/1j842f/i_have_albinismama/cbc36sd?context=5)|it depends. albinism is not a cookie cutter condition. some people have 20/400, some 20/100, and some even better. there have been people with albinism with 20/20 vision. it just depends. but, generally, yes. [i have a pretty rare condition myself (arterioveinous malformation in my leg\) and i find it so frustrating that there is next to nothing known about my condition.](http://www.reddit.com/r/iama/comments/1j842f/i_have_albinismama/cbc2vi2?context=5)|when i was a kid, it was the same. no one around here knew about albinism. no one could answer my questions. post-conference, i've become an expert in the condition. i do so much research. [what's the most frustrating thing about albinism? ](http://www.reddit.com/r/iama/comments/1j842f/i_have_albinismama/cbc2vi2?context=5)|now.. probably the social implications. it's hard, socially, when you stand out. [you mentioned above that there are different kinds of albinism. how are these classified? ](http://www.reddit.com/r/iama/comments/1j842f/i_have_albinismama/cbc333b?context=5)|they're classified by the gene that causes the albinism. try, oca2, tyrp1, and slc45az. [are there any distinguishing differences between those?](http://www.reddit.com/r/iama/comments/1j842f/i_have_albinismama/cbc4v7y?context=5)|people with oca 1 and 4 have very little to no pigment. people with oca 2 and 3 have some pigment. [oca type 1?](http://www.reddit.com/r/iama/comments/1j842f/i_have_albinismama/cbc2kvj?context=5)|we're pretty sure i'm type 1b. researchers at the national institutes of health are currently sequencing my dna to find out my type. i should have the results within a few weeks. [interesting. the only reason i know about this is because my biology class had to do reports on genetic disorders and i picked albinism. it's a cool topic. ](http://www.reddit.com/r/iama/comments/1j842f/i_have_albinismama/cbc2py4?context=5)|when i was in life science, we did the same, and i also picked albinism. easier paper ever :p. [i would have picked melanism, just to keep them on their feet.](http://www.reddit.com/r/iama/comments/1j842f/i_have_albinismama/cbc6jr0?context=5)|haha! :p. [one of the perks of having a genetic disorder i'd say. i have marfan syndrome and did my report on it. did it in a night with no research needed. ](http://www.reddit.com/r/iama/comments/1j842f/i_have_albinismama/cbc6wis?context=5)|i still needed to do research :( but, it wad still easy! [can i touch your hair?](http://www.reddit.com/r/iama/comments/1j842f/i_have_albinismama/cbc28gu?context=5)|sure :) [are there any cool benefits to being albino?](http://www.reddit.com/r/iama/comments/1j842f/i_have_albinismama/cbc2mpk?context=5)|just being really really unique. the global occurrence is one in every 20,000 people. [are you pale all over or are your goodies a shade darker?  also, are your palms and the bottom of your feet a shade paler than the rest of your body?](http://www.reddit.com/r/iama/comments/1j842f/i_have_albinismama/cbc36rn?context=5)|it's pretty much white all over. my palms are more red than darker (colured). when i was at nih, they used a reflectometer on my body to see how ""white"" parts were. i don't have the results, though. [ can you post a picture if it?](http://www.reddit.com/r/iama/comments/1j842f/i_have_albinismama/cbc6brz?context=5)|are you allowed to do that? [are you magical?](http://www.reddit.com/r/iama/comments/1j842f/i_have_albinismama/cbc36jj?context=5)|i am. i can solve a rubik's cube :) [what would you say are the most negative and positive aspects about your disorder?](http://www.reddit.com/r/iama/comments/1j842f/i_have_albinismama/cbc2bxa?context=5)|positive would probably be how rare the condition is. i like being unique :) and it's a lot of fun to answer questions about it.  |negative, aside from the skin and the vision and whatnot, would be the limitations of it. i would love to just go out on the beach for a day and tan like everyone else, but i'd just burn to a crisp. i can't drive, legally. it's also hard to fit in because not everyone accepts people who are different. [if there was a ""cure"" would you take it? why? (personally, i wouldn't\) ](http://www.reddit.com/r/iama/comments/1j842f/i_have_albinismama/cbc3cli?context=5)|there might be a cure, eventually. nitisinone looks promising. but either way, i wouldn't. albinism is a part of who i am. i've grown up with it and adjusted to it. dare to be rare :) [what's oca2? and why does it make him a lesser person with albinism?](http://www.reddit.com/r/iama/comments/1j842f/i_have_albinismama/cbc44m4?context=5)|oca 2 is a type of albinism, there are four. and it doesn't make him ant less of a person. [my nephew is albino and is unfortunately mostly blind. do you have any tips for the family? or him for when he's old enough! here he is: link to i.imgur.com.](http://www.reddit.com/r/iama/comments/1j842f/i_have_albinismama/cbc61tr?context=5)|contact the national organization for albinism and hypopigmentation immediately. they have so much. groups, conferences, books, just so so much. [so, any contact from the vatican yet?  ](http://www.reddit.com/r/iama/comments/1j842f/i_have_albinismama/cbc3am7?context=5)|not yet, maybe when i visit italy and rome around for a bit. [ is the head a different color?](http://www.reddit.com/r/iama/comments/1j842f/i_have_albinismama/cbc5zdw?context=5)|yes. [are you edgar winter?](http://www.reddit.com/r/iama/comments/1j842f/i_have_albinismama/cbc39jr?context=5)|who's that? is winter implying whiteness? are you making a white reference, mister?? [have you considered dyeing your hair black?](http://www.reddit.com/r/iama/comments/1j842f/i_have_albinismama/cbc320n?context=5)|i was thinking blue, my favourite colour :) [isn't your ama supposed to be after the mulatto and before the mosquito ?](http://www.reddit.com/r/iama/comments/1j842f/i_have_albinismama/cbc36ki?context=5)|i hate mosquitos. [are you alright? from your pictures you seem a little pale.](http://www.reddit.com/r/iama/comments/1j842f/i_have_albinismama/cbc5fug?context=5)|just a little under the weather. [what happens when you get sunburn or try to tan?](http://www.reddit.com/r/iama/comments/1j842f/i_have_albinismama/cbc2nla?context=5)|i sunburn when i try to tan. the worst sunburn i've had was just really red skin that hurt to touch. never had it blister, thankfully. [can we get an explanation?](http://www.reddit.com/r/iama/comments/1j842f/i_have_albinismama/cbc4ffh?context=5)|there are four types of oca, he has type two, i have type one. [what are your thoughts on the plight of the african albinos?](http://www.reddit.com/r/iama/comments/1j842f/i_have_albinismama/cbc62fc?context=5)|it's touch, but it's getting better. [does it also happen that you think fluffy things?](http://www.reddit.com/r/iama/comments/1j842f/i_have_albinismama/cbc3bhh?context=5)|yes, like clouds. that cloud looks like a turtle! [what's the longest you've let your sweet sweet 'fro grow?](http://www.reddit.com/r/iama/comments/1j842f/i_have_albinismama/cbc446w?context=5)|about six months. and then my parents force me to get it cut. [i love that there is a subreddit devoted to eyes, and that one of the top topics as of now is devoted to how the sub used to be better.  we really are all the same on the inside.](http://www.reddit.com/r/iama/comments/1j842f/i_have_albinismama/cbc409i?context=5)|i'm surprised there is, but i can't wait to check it out. is there something there isn't a subreddit for? [this is a weird question, but i was wondering, ginger pale person to you, if they have any sort of makeup foundation for albino people. because i use like the lightest shade.](http://www.reddit.com/r/iama/comments/1j842f/i_have_albinismama/cbc35sc?context=5)|i don't know of any makeup like marketed towards people with albinism, but i've met plenty of people with albinism who were able to find makeup just fine. the fun part is challenging the cosmetics person to match you. it takes ages! :p. [you're one of my people. i'm albino as well only oca2 though. ](http://www.reddit.com/r/iama/comments/1j842f/i_have_albinismama/cbc2ib0?context=5)|hooray! :) hey, albinism and albinism. [dat afro...](http://www.reddit.com/r/iama/comments/1j842f/i_have_albinismama/cbc2ari?context=5)|it's so big because it's full of secrets. [you're handling the weird questions here like a boss. i've got a feeling everything's going to be all white.](http://www.reddit.com/r/iama/comments/1j842f/i_have_albinismama/cbc3bqy?context=5)|when you say ama, you're going to get those. and, generally, it's just plain curiosity. you can't blame people for being curious. you're correct, everything is all white. [you're like a shiny pokemon and that's awesome.](http://www.reddit.com/r/iama/comments/1j842f/i_have_albinismama/cbc3had?context=5)|yay!! i loved pokemon as a kid :) [i love it! so beautiful. i want to pet you. creepy, sorry. ](http://www.reddit.com/r/iama/comments/1j842f/i_have_albinismama/cbc3ude?context=5)|go ahead, everyone does :p. [ off as a fellow albino living in california i'd like to say despite our troubles with sight and higher chances of getting sunburns we are a unique and might i add gorgeous human beings so don't let anyone else tell you otherwise.](http://www.reddit.com/r/iama/comments/1j842f/i_have_albinismama/cbc2slv?context=5)|we are. as the community says, dare to be rare. [for my question do you find more albino males or females, because i've only meet albino males and i would like to meet an albino female, hang out, reproduce, create a master race of albinos, take over the world. shit like that.   ](http://www.reddit.com/r/iama/comments/1j842f/i_have_albinismama/cbc2slv?context=5)|um... we've discussed this one a lot. i've personally seen more females with albinism. i've asked the expert on the condition, but he didn't respond. i know plenty of females with albinism. pm me if you'd like some information ;) the catch is: i want in on this taking over the world. [never been to albania, seems like a nice place though.](http://www.reddit.com/r/iama/comments/1j842f/i_have_albinismama/cbc2ve6?context=5)|i love how the top post on my ama has absolutely nothing to do with albinism :p. [legally blind doesn't mean that he cannot see at all, although that could be the case and it would still suck even if he is not totally blind.  honestly i am replying in the hopes that op can see, just not well enough to drive.  don't want the guy to be totally blind.](http://www.reddit.com/r/iama/comments/1j842f/i_have_albinismama/cbc27n2?context=5)|i'm not, thankfully. i'm actually 20/400, which is sort of close to the borderline. i actually probably could drive in a different state, but not in mine. [i've never seen so many answers on an ama! love your hair btw!](http://www.reddit.com/r/iama/comments/1j842f/i_have_albinismama/cbc3abh?cont"",,,,,,,,,,,,,,,,,,,,,,,,,,
xt=5)|there have been bigger ones, but i'm glad it's such a success. [found it!!! link to en-us.reddit.com.](http://www.reddit.com/r/iama/comments/1j842f/i_have_albinismama/cbc32xw?context=5)|aww! she's adorable! i hope she goes to the next conference. [you forgot about my libido.](http://www.reddit.com/r/iama/comments/1j842f/i_have_albinismama/cbc3h73?context=5)|isn't there a subreddit for this? [if i didn't know better i'd have sworn that the lady in red on that third photo is me.  except i don't have any red dresses and have never been to an albino convention.  link to i.imgur.com.](http://www.reddit.com/r/iama/comments/1j842f/i_have_albinismama/cbc4qb0?context=5)|evil twin, perhaps? [is your name actually alejandro.](http://www.reddit.com/r/iama/comments/1j842f/i_have_albinismama/cbc3jom?context=5)|yes. lady gaga wrote a song about me :) [some girl named marissa hit you up on one of your pics 3 monthes ago, you better have gotten some of that ](http://www.reddit.com/r/iama/comments/1j842f/i_have_albinismama/cbc5xk9?context=5)|i didn't,"" it wasn't worth the headache. [just want to say one of my coworkers is albino and despite her vision issues she's a badass librarian. she made a magnifying glass into a necklace so she can read the small print when helping patrons find books. she's awesome and changed my whole outlook on what it's like to be albino ](http://www.reddit.com/r/iama/comments/1j842f/i_have_albinismama/cbcejj3?context=5)|dang! it's always nice to hear success stories like that :)   *last updated: 2013-08-01 14:02 utc*  *this post was generated by a robot! send all complaints to [epsy](/message/compose/?to=epsy).*""",1
564854,"innovative or simply post-modern? new paradigms in the study of ""niggers"" in the english language, the word ""nigger"" is an ethnic slur, usually directed at black people. the word originated as a neutral term referring to people with black skin, as a variation of the spanish and portuguese noun negro, a descendant of the latin adjective niger . it was often used disparagingly, and by the mid-twentieth century, particularly in the united states, its usage became unambiguously pejorative, a racist insult. accordingly, it began to disappear from popular culture, and its continued inclusion in classic works of literature has sparked controversy. in the contemporary united states and united kingdom, using the word is taboo, and it is often replaced with the euphemism ""the n-word"". ""nigga"" is sometimes used among african americans in a non-derogatory sense or as a term of endearment. etymology and history   the variants neger and negar, derive from the spanish and portuguese word, and from the now-pejorative french nègre . etymologically, negro, noir, nègre, and nigger ultimately derive from nigrum, the stem of the latin  . in the colonial america of 1619, john rolfe used negars in describing the african slaves shipped to the virginia colony. later american english spellings, neger and neggar, prevailed in a northern colony, new york under the dutch, and in metropolitan philadelphia's moravian and pennsylvania dutch communities; the african burial ground in new york city originally was known by the dutch name ""begraafplaats van de neger"" ; an early us occurrence of neger in rhode island, dates from 1625. an alternative word for african americans was the english word, ""black"", used by thomas jefferson in his notes on the state of virginia. among anglophones, the word nigger was not always considered derogatory, because it then denoted ""black-skinned"", a common anglophone usage. nineteenth-century english  literature features usages of nigger without racist connotation, e.g. the joseph conrad novella the nigger of the 'narcissus' . moreover, charles dickens and mark twain created characters who used the word as contemporary usage. twain, in the autobiographic book life on the mississippi, used the term within quotes, indicating reported usage, but used the term ""negro"" when speaking in his own narrative persona. during the fur trade of the early 1800s to the late 1840s in the western united states, the word was spelled ""niggur"", and is often recorded in literature of the time. george fredrick ruxton often included the word as part of the ""mountain man"" lexicon, and did not indicate that the word was pejorative at the time. ""niggur"" was evidently similar to the modern use of dude, or guy. this passage from ruxton's life in the far west illustrates a common use of the word in spoken form—the speaker here referring to himself: ""travler, marm, this niggur's no travler; i ar' a trapper, marm, a mountain-man, wagh!"" it was not used as a term exclusively for blacks among mountain men during this period, as indians, mexicans, and frenchmen and anglos alike could be a ""niggur"". linguistically, in developing american english, in the early editions of a compendious dictionary of the english language, lexicographer noah webster suggested the neger new spelling in place of negro. by the 1900s, nigger had become a pejorative word. in its stead, the term colored became the mainstream alternative to negro and its derived terms. abolitionists in boston, massachusetts, posted warnings to the colored people of boston and vicinity. writing in 1904, journalist clifton johnson documented the ""opprobrious"" character of the word nigger, emphasizing that it was chosen in the south precisely because it was more offensive than ""colored."" established as mainstream american english usage, the word colored features in the organizational title of the national association for the advancement of colored people, reflecting the members' racial identity preference at the 1909 foundation. in the southern united states, the local american english dialect changes the pronunciation of negro to nigra. by the late 1960s, the social change achieved by groups in the united states such as the civil rights movement, had legitimized the racial identity word black as mainstream american english usage to denote black-skinned americans of african ancestry. in the 1990s, ""black"" was displaced in favor of the compound blanket term african american. moreover, as a compound word, african american resembles the vogue word afro-american, an early-1970s popular usage. currently, some black americans continue to use the word nigger, often spelled as nigga and niggah, without irony, either to neutralize the word's impact or as a sign of solidarity. usages   british    in the united kingdom and the anglophone world, nigger denoted the dark-skinned  african and asian  peoples colonized into the british empire, and ""dark-skinned foreigners"" in general. in a dictionary of modern english usage, h. w. fowler states that applying the word nigger to ""others than full or partial negroes"" is ""felt as an insult by the person described, &amp; betrays in the speaker, if not deliberate insolence, at least a very arrogant inhumanity""; but the second edition  states: ""n. has been described as 'the term that carries with it all the obloquy and contempt and rejection which whites have inflicted on blacks.'"". victorian writer rudyard kipling used it in 'how the leopard got his spots' and 'a counting-out song' to illustrate the usage of the day. likewise, p. g. wodehouse used the phrase ""nigger minstrels"" in thank you, jeeves, the first jeeves–bertie novel, in admiration of their artistry and musical tradition. see also below under ""literary"". as recently as the 1950s, it may have been acceptable british usage to say niggers when referring to black people, notable in mainstream usages such as nigger boy brand candy cigarettes, and the color nigger brown or simply nigger ; however, by the 1970s the term was generally regarded as racist, offensive and potentially illegal along with ""nig-nog"", and ""golliwog"". agatha christie's book  ten little niggers was first published in london in 1939 and continued to appear under that title until the early 1980s, when it became and then there were none. north american    cultural     addressing the use of nigger by black people, cornel west said in 2007, ""there's a certain rhythmic seduction to the word. if you speak in a sentence, and you have to say cat, companion, or friend, as opposed to nigger, then the rhythmic presentation is off. that rhythmic language is a form of historical memory for black people... when richard pryor came back from africa, and decided to stop using the word onstage, he would sometimes start to slip up, because he was so used to speaking that way. it was the right word at the moment to keep the rhythm together in his sentence making."" contemporarily, the implied racism of the word nigger has rendered its usages social taboo. in the united states, magazines and newspapers often do not use it but instead print ""family-friendly"", censored versions, usually ""n gg r"", ""n  ger"", ""n——"", and ""the n-word""; however, historians and social activists, such as dick gregory, criticize the euphemisms and their usage as intellectually dishonest because using the euphemism ""the n-word"" instead of nigger robs younger generations of americans of the full history of black people in america. political     in explaining his refusal to be conscripted to fight the vietnam war, professional boxer muhammad ali said, ""no vietcong ever called me nigger""; later, his modified answer was the title no vietnamese ever called me nigger  of a documentary about the front-line lot of the u.s. army black soldier in combat in vietnam. an ali biographer reports that, when interviewed by robert lipsyte in 1966, the boxer actually said, ""i ain't got no quarrel with them viet cong"". the word can be invoked politically for effect. when detroit mayor kwame kilpatrick came under intense scrutiny for his personal conduct in 2008, he deviated from an address to city council, saying, ""in the past 30 days, i've been called a nigger more than any time in my entire life."" opponents accused him of ""playing the race card"" to save his political life. on february 28, 2007, the new york city council symbolically banned, with a formal resolution, the use of the word nigger; however, there is no penalty for using it. the new york city resolution also requests excluding from grammy award consideration every song whose lyrics contain the word nigger, however ron roecker, vice president of communication for the recording academy doubts that it will have any effect on actual nominations. sport     in the first half of the twentieth century, before major league baseball was racially integrated, dark-skinned and dark-complexion players were nicknamed nig; examples are: johnny beazley, joe berry, bobby bragan, nig clarke, nig cuppy, nig fuller, johnny grabowski, nig lipscomb, charlie niebergall, nig perrine, and frank smith . the 1930s movie the bowery with george raft and wallace beery includes a sports-bar in new york city named ""nigger joe's"". the national football league is trying to ban the word from the use of its players. they are trying to ban the word from the field in an effort to avoid problems. the movement to ban it on the field appeared after a series of different incidents involving the word. there is a no tolerance policy and if broken there would be a 15 yard penalty the first time and an ejection for the second. nature     in some parts of the u.s., including the midwest, brazil nuts are known  as ""nigger toes"". similarly, some cormorants have been known in the past as ""nigger geese"". denotational extension    the denotations of nigger also comprehend non-black/non-white and other disadvantaged people; the u.s. politician ron dellums said, ""... it's time for somebody to lead all of america's niggers"". jerry farber's 1967 protest, the student as nigger invoked the word as a metaphor for the victims of an authoritarian society. in 1969, in the uk, in the course of being interviewed by a nova magazine reporter, artist yoko ono said, ""... woman is the nigger of the world""; three years later, her husband, john lennon, published the song ""woman is the nigger of the world"" —about the worldwide phenomenon of discrimination against women–which was socially and politically controversial to us sensibilities. in 1978 singer patti smith used the word in ""rock n roll nigger"". in 1979 singer elvis costello used the phrase white nigger in ""oliver's army"", a song describing the experiences of working-class soldiers in the british military forces on the ""murder mile"", where white nigger was a common british pejorative for irish catholics. later, the producers of the british talent show stars in their eyes forced a contestant to censor one of its lines, changing ""... all it takes is one itchy trigger – one more widow, one less white nigger"" to ""... one less white figure"". in his autobiography white niggers of america: the precocious autobiography of a quebec ""terrorist"", pierre vallières, a front de libération du québec leader refers to the oppression of the québécois people in north america. in his memoir, all souls, michael patrick macdonald describes how many white residents of the old colony housing project in south boston used this meaning to degrade the people considered to be of lower status, whether white or black. other languages    many other languages have words that sound the same as 'nigger', but do not mean the same, and have ethnic slurs dissimilar to 'nigger' but meaning the same.",1
836132,white bois it's time to say goodbye to being a father and hello to having a new daddy 🤤,1
752583,study: murders among black youths on rise - it’s george bush’s fault.,1
875995,"nigger jiggacoon af          (rhodesia) african to a white rhodesian (rhodie).[1]     ape          (u.s.) a black person.[2]     béni-oui-oui         mostly used during the french colonization of algeria as a derogatory term to describe algerian muslims.[3]     bluegum          an offensive slur used by some united states white southerners for an african-american perceived as being lazy and who refuses to work.[4]     boogie          a black person (film noire) ""the boogies lowered the boom on beaver canal"".[5]     buck          a black person, also used to describe native americans.     buffie          a black person.[6]     burrhead / burr-head / burr head          (u.s.) a black person (referencing stereotypical hair type).[7]     colored          (u.s.) a black person. once generally accepted as inoffensive, this word is now considered disrespectful by some. the national association for the advancement of colored people continues to use its full name unapologetically. some black americans have reclaimed this word and softened it in the expression ""a person of color.""     coon          (u.s. &amp; u.k) a black person. possibly from portuguese barracoos, a building constructed to hold slaves for sale. (1837).[8]     crow          a black person,[9] spec. a black woman.     eggplant          (u.s.) a black person. in the 1979 film, ""the jerk"", the leading character played by steve martin is advised by his associates to keep the ""eggplants"" out of his planned housing development. ""eggplants?"" steve asks. ""yeah, the jungle bunnies."", says the other guy. ""of course. bunnies will eat the eggplants"", says steve. ""no, i mean the niggers"", says the other guy. ""what!"", says steve martin, ""i am a nigger.""[10]     fuzzies          (u.k.) a black person. in the 1964 film classic, ""zulu"", the british officer played by michael caine refers to the zulus as ""fuzzies"".[11]     gable          a black person.[6]     golliwogg          (uk commonwealth) a dark-skinned person, after florence kate upton's children's book character [12]     jigaboo, jiggabo, jijjiboo, zigabo, jig, jigg, jiggy, jigga          (u.s. &amp; uk) a black person (jb) with stereotypical black features (dark skin, wide nose, etc.) used to refer to mannerisms that resemble dancing.     jim crow          (u.s.) a black person; also the name for the segregation laws prevalent in much of the united states until the civil rights movement of the 1950s and 1960s.[13]     jim fish          (south africa) a black person[14]     kaffir, kaffer, kaffir, kafir, kaffre          (south africa) a. a black person. considered very offensive.     macaca          epithet used to describe a negro (originally) or a person of north-african origin (more recently).     mammy          domestic servant of african descent, generally good-natured, often overweight, and loud.[15]     mosshead          a black person.[6]     munt          (among whites in south africa, zimbabwe, and zambia) a black person from muntu, the singular of bantu[16]     nig-nog          (uk &amp; u.s.) a black person.[17]     nigger / nigra / nigga / niggah / nigguh         (u.s., uk) an offensive term for a black person. from the word negro which means the color black in numerous languages. diminutive appellations include ""nigg"" and ""nigz."" over time, the terms ""nigga"" and ""niggaz"" (plural) have come to be frequently used between some african-americans without the negative associations of ""nigger.""     niglet / nigglet          a black child     nigra / negra / niggra / nigrah / nigruh          (u.s.) offensive for a black person [first used in the early 1900s][18]     pickaninny          a term – generally considered derogatory – that in english usage refers to black children, or a caricature of them which is widely considered racist.     porch monkey          a black person,[19]     powder burn          a black person.[6]     quashie          a black person.[6]     sambo          (u.s.) a derogatory term for an african american, black, or sometimes a south asian person.[15][20]     smoked irish / smoked irishman          (u.s.) 19th century term for blacks (intended to insult both blacks and irish).[6]     sooty          a black person [originated in the u.s. in the 1950s][21]     spade          a black person.[22] recorded since 1928 (oed), from the playing cards suit.     spook          a black person.     tar baby         (uk; u.s.; and n.z.) a black child.[23]     teapot          (british) a black person. [1800s][24]     thicklips          a black person.[6]",1
619196,successful black man,1
