random_id,text,relevance
465519,"abbie, abe, abie, abc, abcd, abo/abbo, albino, alligator bait, alter kacker / alter kocker (yiddish) / alter kucker / a.k. anglo-pilferer, ann, ape, apple, argie, asian nigger, aunt jemima / aunt jane / aunt mary / aunt sally, banana, beaner, bluegum, boche; bosche; bosch, boer, bog irish, bohunk, boong / bong / bung, boonga / boong / bunga / boonie, bounty bar, brownie, buddhahead, buffie, camel jockey, cbcd, celestial, charlie, chee-chee, chi-chi, chinaman, cheese-eating surrender monkey, ching chong, chink/chinky, cholo, chonky, christ killer, chug, coal burner, coconut, coolie, coon, coonass, or coon-ass, cracker, crow, cunt-eyed, curry-muncher/curry-slurper, dago, darky / darkey / darkie, dink, dogan, dogun, dune coon, dutchman, eight ball, eskimo, eyetie, fenian, flip, free stater, fritz, frog, fuzzy-wuzzy, gable, gin, gin jockey, golliwog, gook-eye, gooky, gook, goy, goyim, goyum, greaser, greaseball, gringo, groid, gub, gubba, guero, gweilo, gwailo, or kwai lo, guido,guinea, ginzo, gypsy, gyppo, gippo, gypo, gyppie, gyppy, gipp, hajji, hadji, haji, half-breed, half caste, haole, heeb, hebe, hindoo, honky also spelled ""honkey"" or ""honkie"", house nigger, hun, hymie, ikey / ike / iky, ikey-mo / ikeymo, indon, injun, jap, jerry, jigaboo, jiggabo, jigarooni, jijjiboo, zigabo, jig, jigg, jigga, jigger, jock, jocky, jockie, jungle bunny, kaffir, kaffer, kaffir, kafir, kaffre, kuffar, kike or kyke, kraut, limey, mack, mick, mickey, mickey fin, mangal, mock / moch, mocky / moky / moxy / mockey / mockie / mocky, monkey, moulie / moulignon, munt / munter, mustalainen, mustalaiset, muzzie / mussie, nazi, niglet, nig-nog, nigger / niger / nig / nigor / nigra / nigre (caribbean) / nigar / niggor / niggur / nigga / niggah / niggar / nigguh / niggress / nigette, ,niglet, nip, nitchie, neche, neechee, neejee, nichi, nichiwa, nidge, nitchee, nitchy, northern monkey, ocker, orange bastard, oreo, paddy, paki, pancake face, pancake, pepper or pepsi, pickaninny, pikey / piky / piker, pocho / pocha, polack, pom, pohm, pommy, pommie, pommie grant, porch monkey, portagee, prairie nigger, quashie, raghead, redneck, redskin, roundeye, russki, russkie, sais/saesnes, sambo, sand nigger, sassenach, sawney, schvartse, seppo, septic, shelta, shiksa, shkutzim, skip /skippy, slant-eye, slant, slope, slopehead, slopy, slopey, smoked irish / smoked irishman, sooty, southern fairy, spade, spearchucker,  spic, spick, spik, spig, or spigotty, spook, square-head, squaw, sucker fish, swamp nigger, tan, taffy or taff, taig (also teague, teg and teig), tar baby, teapot, terrorist, teuchter, thicklips, timber nigger, tinker / tynekere / tinkere / tynkere, -are / tynker / tenker / tinkar / tyncar / tinkard / tynkard / tincker, touch of the tar brush, towel head, ugly american, uncle tom, wagon-burner, waki / whacki, west briton / westbrit, wetback, white nigger / wigger / whigger / wigga, whitey, wog, wop, yam-yam / yam yam, yank, yellow, yid, zog lover, zipperhead, zip.",1
546039,where's the black guy at?,1
549500,"technically, you're right. but when people say ""black pride"", they're usually referring to the african american community specifically, not so much jamaicans, africans, hatians, etc.",1
789524,"**while interacting with the different races who have a way of expressing spoken english in unique and often broken grammatical structure &amp; pronunciation, think:**  indian, pakistani &amp; arabic taxi drivers and waiters: ""waki paki"" ""punjab"" ""dune coon"" ""sand nigger"" ""haji"" ""towelhead"" ""raghead"" ""camel cowboy"" ""pull start"" ""push start/button"" ""carpet pilot"" ""camel fucker"" ""fig gobbler"" ""roach rancher"" ""napkin nigger""  chinese food caterers and dry laundry operators: ""chink"" ""chinaman"" ""yellow"" ""pancake face"" ""panhead"" ""bamboo coon"" ""lemonhead"" ""ping-pang"" ""squinty"" ""yolk""  italian plumbers, head custodians, garbage removal workers and nightclub bouncers: ""wop"" ""greaseball"" ""guinea"" ""spaghetti nigger"" ""goombah"" ""zip""  vietnamese/korean restaurant hostresses: ""dink"" ""gook"" ""cunt-eyed"" ""table face"" ""tape head"" ""tunnel digger"" ""yellow monkey"" ""zipperhead""  japanese sushi cooks and foreign exchange students: ""jap"" ""nip"" ""slant eye""  mexican construction workers and fast food order takers: ""wetback"" ""spic"" ""greaser"" ""beaner"" ""tonk"" ""bean burrito""  african-american in ghetto environment, i.e. l.a., bronx, atlanta, charlotte, camden, miami, new orleans and chicago: ""coon"" ""nigger"" ""ape"" ""savage"" ""crow"" ""sooty"" ""sambo"" ""spade"" ""porch monkey"" ""alligator bait"" ""inkface"" ""powder burn"" ""boogie"" ""babooma"" ""jungle bunny"" ""bootlip""' ""burnt match"" ""burnt toast"" ""chocolate drop"" ""suntan"" ""subhuman"" ""darkie"" ""spook"" ""moon cricket"" ""wikki wikki"" ""jigaboo"" ""whale turd"" ""yard ape"" ""welfare queen""  impoverished whites living on welfare or work at fast food joints, wal-mart/kmart and secondhand stores: ""white trash"" ""hillybilly"" ""moonshine"" ""cracker"" ""honky"" ""redneck"" ""white nigger"" ""gringo"" ""whitey"" ""cowfuck"" ""mullethead"" ""muppetfucker"" ""hick"" ""yank"" ""wonder bread""  to uphold political correctness in thought police on pain of self-mutiliation, you cannot bring yourself to call jews mangling english in heavy yiddish accent ""kike"" ""shylock"" ""hymie"" ""beanie"" ""sheister"" ""hooknose"" ""nickel nose"" ""yenta"" ""jap"" ""hebe"" ""ikey-mo"" ""christ killer"" ""khazar"" ""oven-baked"" ""oven dweller"" and ""oven magnet"".",1
313691,"does it always come down to the color of skin? what if one person is just simply better qualified than the other? your argument implies that every time a black man is turned down for a job it's because they were black.  as to your argument about serving ethnicities, obviously we don't agree with the practice. yet what does trying to enforce morality accomplish? you simply put another fence between the races.   that business must hire that person because he's *black*. you have to hire that person because he's *jewish*. you think that forcing a business to serve a certain person is going get rid of the hate the owner has?",1
485195,"i cant believe someone so *that* table and said, ""lets make it white.""",0
150559,all the commenters are unfunny white teenagers trying to use their lingo though,1
675728,i'm guessing because they we're black.,1
743740,"nig, nigger, coon, blackie, dindu, nigga, darkie, gator bait, groid, jigaboo, jungle bunny, kaffir, macaca, nig-nog, porch monkey, sambo, shitskin, spade, spearchucker, spook, tarbaby, wog",1
714701,"of course we *can* prohibit discrimination, the question is whether we *should*. that is, is it ethical and justifiable for a government to do so, and is it an effective means of ending discrimination. even if you think it passes the first test, i doubt it will survive the second. the most effective way to combat bigotry is to confront it openly. banning it only provides political ammunition to bigots. take, for example, the ku klux klan. we have not banned it, and doing so would have been unwise. they are still allowed to preach racism and exclude blacks from their membership. yet their influence is almost nil, precisely because they are allowed to voice their views and practice their intolerance. if their intolerance had been banned from all spaces you define as ""public"", they wouldn't be confronted constantly by detractors and counter-protestors who show the illogic and intellectual bankruptcy of their views.",1
283081,jewish conspiracy and their defiling of the good 'aryan' people of the world would be anti-semitic. i believe that is what is being implied.,1
575133,"white, dated asian, hispanic, white, and married white. i think it is also the exposure. i was never around many black women. then i went to private univesrity and all black women i knew were dating white guys. (i was married at the time)",1
378690,"over for tacocels? let me show you the wonderful world where no one gives a damn about your race/gender combination and you'll be sucking my dick faster than i can beat a ""latinx"" quip out a stupid white bitch.",1
306796,does reddit dislike blacks as much as it dislikes israel?,1
581305,"&gt;""69,666,1cup,2girls,2girls1cup,4r5e,5h1t,abortion,ahole,aids,anal,anal sex,analsex,angrydragon,angrydragons,angrypenguin,angrypenguins,angrypirate,angrypirates,anus,apeshit,ar5e,arrse,arse,arsehole,artard,askhole,ass,ass 2 ass,ass hole,ass kisser,ass licker,ass lover,ass man,ass master,ass pirate,ass rapage,ass rape,ass raper,ass to ass,ass wipe,assbag,assbandit,assbanger,assberger,assburger,assclown,asscock,asses,assface,assfuck,assfucker,assfukker,asshat,asshead,asshole,asshopper,assjacker,asslicker,assmunch,asswhole,asswipe,aunt flo,b000bs,b00bs,b17ch,b1tch,bag,ballbag,ballsack,bampot,bang,bastard,basterd,bastich,bean count,beaner,beastial,beastiality,beat it,beat off,beaver,beavers,beeyotch,betch,beyotch,bfe,bi sexual,bi sexuals,biatch,bigmuffpi,biotch,bisexual,bisexuality,bisexuals,bitch,bitched,bitches,bitchin,bitching,bizatch,blackie,blackies,block,bloody hell,blow,blow job,blow wad,blowjob,boff,boffing,boffs,boink,boinking,boinks,boiolas,bollick,bollock,bondage,boner,boners,bong,boob,boobies,boobs,booty,boy2boy,boy4boy,boyforboy,boyonboy,boys2boys,boys4boys,boysforboys,boysonboys,boytoboy,brothel,brothels,brotherfucker,buceta,bugger,bugger ,buggered,buggery,bukake,bullshit,bumblefuck,bumfuck,bung,bunghole,bush,bushpig,but,but plug,butplug,butsecks,butsekks,butseks,butsex,butt,buttfuck,buttfucka,buttfucker,butthole,buttmuch,buttmunch,buttplug,buttsecks,buttsekks,buttseks,buttsex,buttweed,c0ck,c0cksucker,cabron,camel toe,camel toes,cameltoe,canabis,cannabis,carpet muncher,castrate,castrates,castration,cawk,chank,cheesedick,chick2chick,chick4chick,chickforchick,chickonchick,chicks2chicks,chicks4chicks,chicksforchicks,chicksonchicks,chickstochicks,chicktochick,chinc,chink,chinks,choad,choads,chode,cipa,circlejerk,circlejerks,cl1t,cleavelandsteemer,cleveland,clevelandsteamer,clevelandsteemer,clit,clitoris,clitoris     ,clits,clusterfuck,cock,cock block,cock suck,cockblock,cockface,cockfucker,cockfucklutated,cockhead,cockmaster,cockmunch,cockmuncher,cockpenis,cockring,cocks,cocksuck,cocksucker,cocksuka,cocksukka,cok,cokmuncher,coksucka,comestain,condom,condoms,coochie,coon,coons,cooter,copulated,copulates,copulating,copulation,corn,corn_hole,cornhole,cornholes,cr4p,crap,crapping,craps,cream,creampie,crotch,crotches,cum,cumming,cums,cumshot,cumstain,cumtart,cunnilingus,cunt,cuntbag,cunthole,cuntilingis,cuntilingus,cunts,cuntulingis,cuntulingus,d1ck,dabitch,dago,dammit,damn,damned,dance,darkie,darkies,darky,deep,deepthroat,defecate,defecates,defecating,defecation,deggo,diaf,diarea,diarhea,diarrhea,dick,dickhead,dickhole,dickring,dicks,dicksucker,dicksuckers,dicksucking,dicksucks,dickwad,dickweed,dickwod,dik,dike,dikes,dildo,dildoe,dildoes,dildos,dilligaf,dingleberry,dipshit,dirsa,dlck,dog,doggin,doggystyle,dogshit,domination,dominatrix,donkey,donkeyribber,dook,doosh,dork,dorks,douche,douchebag,douchebags,douchejob,douchejobs,douches,douchewaffle,duche,dumass,dumb,dumb fuck,dumbass,dumbfuc,dumbfuck,dumbshit,dumdfuk,dumfuck,dumshit,dyke,dykes,ead,eat me,ejaculat,ejaculate,ejaculated,ejaculates,ejaculation,ejakulat,ejakulate,enema,enemas,enima,enimas,epeen,epenis,erect,erection,erekshun,erotic,eroticism,f0x0r,f0xx0r,fack,facker,facking,fag,fagbag,faggit,faggitt,faggot,faggots,faghag,fags,fagtard,fannyflaps,fannyfucker,fart,farting,farts,fatass,fck,fcker,fckers,fcking,fcks,fcuk,fcuker,fcuking,feck,fecker,felch,felched,felcher,felches,felching,fellate,fellatio,feltch,feltched,feltcher,feltches,feltching,fetish,fetishes,finger,fingering,fisting,flog,flogging,flogs,fook,fooker,foreskin,forked,fornicate,fornicates,fornicating,fornication,frigging,frottage,fubar,fuck,fucka,fuckas,fuckass,fucked,fuckedup,fucker,fuckers,fuckface,fuckfaces,fuckhead,fuckhole,fuckhouse,fuckin,fucking,fuckingshitmotherfucker,fucknugget,fucks,fucktard,fuckwad,fuckwhit,fuckwit,fuckyou,fucndork,fudgepacker,fudgepacking,fugly,fuk,fuken,fuker,fukker,fukkin,fukwhit,fukwit,fuq,fuqed,fuqing,fuqs,fux,fux0r,fuxx0r,gang bang,gangbang,gangbanger,gangbangers,gangbanging,gangbangs,ganja,gay,gaydar,gays,gaytard,gaywad,genital,genitalia,genitals,gerbiling,ghey,girl2girl,girl4girl,girlforgirl,girlongirl,girls2girls,girls4girls,girlsforgirls,girlsongirls,girlstogirls,girltogirl,gloryhole,goatse,gobshit,gobshite,gobtheknob,goddam,goddammit,goddamn,goddamned,goddamnit,gooch,gook,gooks,groe,gspot,gtfo,gubb,gummer,guppy,guy2guy,guy4guy,guyforguy,guyonguy,guys2guys,guys4guys,guysforguys,guysonguys,guystoguys,guytoguy,gyfs,hair pie,hairpie,hairpies,hairy bush,hand,handjob,harbl,hard on,hardon,hardons,hell,hentai,heroin,herpes,herps,hick,hiv,ho,hoare,hoe,hoebag,hoer,hoes,hole,homo,homos,homosexual,homosexuality,homosexuals,honkee,honkey,honkie,honkies,honky,hoochie,hooker,hookers,hore,horney,hornie,horny,horseshit,hosebeast,hot,hotcarl,hotkarl,hummer,hump,humping,humps,hymen,i like ass,i love ass,i love tit,i love tits,iluvsnatch,incest,ip freely,itard,jack,jack off,jackass,jackingoff,jackoff,jap,japs,jerk off,jerkoff,jesusfreak,jewbag,jewboy,jiga,jigaboo,jigga,jiggaboo,jis,jism,jiz,jizm,jizz,job,junglebunny,jysm,kawk,khunt,kike,kikes,kinky,kkk,klit,knob,knobjocky,knobjokey,knockers,kooch,koolie,koolielicker,koolies,kootch,kukluxklan,kunt,kyke,l3itch,labia,lap,lapdance,lelo,lemonparty,lesbian,lesbians,lesbifriends,lesbo,lesbos,leyed,lez,lezzie,lichercunt,lick ass,lick myass,lick tit,lickbeaver,lickcarpet,lickdick,lickherass,lickherpie,lickmy ass,lickpussy,like ass,like tit,limpdick,lingerie,llello,lleyed,loltard,love ass,love juice,love tit,lovehole,lsd,lucifer,lumpkin,m0f0,m0fo,mack,mammaries,man2man,man4man,mandingo,manforman,mangina,manonman,mantoman,marijuana,masochism,masochist,master,masterbate,masterbates,masterbating,masterbation,masterbations,masturbate,masturbates,masturbating,masturbation,meatcurtain,men2men,men4men,menformen,menonmen,mentomen,milf,minge,mistress,mof0,mofo,motha,motherfuck,motherfucka,motherfuckas,motherfucked,motherfucker,motherfuckers,motherfucking,motherfuckka,muff,muff diver,muffdiver,muffdiving,munch,mung,mutha,muther,muzza,my ass,n1gga,n1gger,naked,nambla,nards,nazi,nazies,nazis,necrophile,necrophiles,necrophilia,necrophiliac,negro,neonazi,nice ass,nig,nigg3r,nigg4h,nigga,niggah,niggas,niggaz,nigger,niggers,nigglet,niglet,nippies,nipple,nips,nobhead,nobjockey,nobjocky,nobjokey,nookey,nookie,noshit,nude,nudes,nudity,numbnuts,nut bag,nut lick,nut lover,nut sack,nut suck,nutnyamouth,nutnyomouth,nuts,nutsack,nutstains,nymph,nympho,nymphomania,nymphomaniac,nymphomaniacs,nymphos,oral,orgasm,orgasmic,orgasms,orgi,orgiastic,orgies,orgy,paedophile,panooch,panties,panty,patootie,pecker,peckerhead,peckers,pedophile,pedophiles,pedophilia,peepshow,peepshows,pen15,penii,penis,penises,penisfucker,perve,perversion,pervert,perverted,perverts,phat,phile,philes,philia,phuck,phucker,phuckers,phucking,phucks,phuk,phuker,phukers,phuking,phuks,phuq,phuqer,phuqers,phuqing,phuqs,pie,pigfucker,pimpis,piss,pissant,pissed,pisser,pisses,pissfart,pissflaps,pissing,pocket,poke,poon,poon eater,poon tang,poonani,poonanny,poonany,poonj,poonjab,poonjabie,poonjaby,poontang,poop,poopchute,poot,porchmonkey,porking,porks,porn,porno,prick,pricks,prostitot,pube,pubes,pubic,pud,pudd,puds,punani,punanni,punanny,punta,puntang,pusse,pussi,pussies,pussy,puta,puto,qeef,qfmft,qq more,quafe,quap,quatch,queef,queefe,queefed,queefing,queer,queerbait,queermo,queers,queev,quefe,queif,quief,quif,quiff,quim,quim nuts,qweef,racial,racism,racist,racists,rape,raped,raper,raping,rapist,redtide,reefer,renob,retard,ricockulous,rim job,rimjaw,rimjob,rimjobs,rimming,roofie,rtard,rtfm,rubbers,rump,rumpranger,rumprider,rumps,rustytrombone,sadism,sadist,sadomasochism,sand nigger,sandnigga,sandniggas,sandnigger,sandniggers,sapphic,sappho,sapphos,satan,scatological,scheiss,scheisse,schlong,schlonging,schlongs,schtup,schtupp,schtupping,schtups,screw,screw me,screw this,screw you,screwed,screwer,screwing,screws,screwyou,scroat,scrog,scrote,scrotum,secks,sekks,seks,semen,sex,sexed,sexking,sexkitten,sexmachine,sexqueen,sexual,sexuality,sexy,sexybitch,sexybitches,sh1t,shag,shagger,shaggin,shagging,shart,shemale,shit,shitdick,shite,shited,shitey,shitface,shitfaced,shitfuck,shithead,shitlist,shits,shitt,shitted,shitter,shittiest,shitting,shitts,shitty,shiznits,shotacon,shotakon,shyte,sickass,sixtynine,sixtynining,skank,skeet,sketell,sko,skrew,skrewing,skrews,slant eye,slanteyes,slattern,slave,slaves,slopehead,slopeheads,slut,slutbag,slutpuppy,sluts,slutty,slutwhore,smegma,smut,snatch,snatches,soddom,sodom,sodomist,sodomists,sodomize,sodomized,sodomizing,sodomy,sonnofabitch,sonnovabitch,sonnuvabitch,sonofabitch,spank,spanked,spanking,spanks,spearchucker,spearchuckers,sperm,spermicidal,spermjuice,sphincter,spic,spick,spicks,spics,spik,spiks,spooge,stank ho,stankpuss,steamer,stfu,stiffie,stiffy,stud,studs,submissive,submissives,suck,suck ass,sucks ass,swinger,swingers,t1tt1e5,t1tties,take a dump,takeadump,tar baby,tarbaby,tard,teabaggin,teabagging,teets,teez,testes,testical,testicals,testicle,testicles,threesome,throat,thundercunt,tiddie,tiddy,tit,titandass,titbabe,titball,titfuck,tits,titsandass,titt,tittie,tittie5,tittiefucker,titties,titts,titty,tittyfuck,tittywank,titwank,toke,toss salad,tramp,tramps,tranny,transexual,transexuals,transvestite,transvestites,tubgirl,turd,tw4t,twat,twathead,twatlips,twats,twatty,twunt,twunter,ufia,umfriend,underwear,up yours,upyours,upyourz,urinate,urinated,urinates,urinating,urination,urine,vaffanculo,vag,vagina,vaginal,vaginas,vaginer,vagitarian,vagoo,vagy,vajayjay,viagra,vibrator,virgin,virginity,virgins,voyeur,voyeurism,voyeurs,vulva,w00se,wackedoff,wackoff,wad blower,wad lover,wad sucker,wadblower,wadlover,wadsucker,waffle,wang,wank,wanker,wanky,wetback,wetbacks,wetdream,wetdreams,whackedoff,whackoff,whigger,whip,whipped,whipping,whips,whiz,whoe,whore,whored,whorehouse,whores,whoring,wigger,willies,wog,wogged,woggy,wogs,wop,xx,xxx,yank,yayo,yeat,yeet,yeyo,yiff,yiffy,yola,yols,yoni,youaregay,yourgay,zipperhead,zipperheads,zorch""  -joe derosa",1
505055,"i don't necessary disagree with panel 8, it's just that is not rich white dudes, just rich people, generaly politicians and lobbysts.",1
355468,"it's because some of those words use apostrophes `'` which automoderator parses as single quotation marks, meaning that anything between them will be handled as one phrase.   you'll need to put quotation marks `""` around every word to fix it. would be quite a feat to do it by hand, so i automated. i *think* i got them all.      title+body: [""arsehole"",""assfuck"",""assfucker"",""asshat"",""asshole"",""ass-hole"",""assholes"",""assholes"",""ass-holes"",""assmonkey"",""assmunch"",""assmuncher"",""asspacker"",""asspuppies"",""assranger"",""bumblefuck"",""bumfuck"",""cameljockey"",""carpetmuncher"",""clogwog"",""cockblock"",""cockblocker"",""cockcowboy"",""cockknob"",""cocklicker"",""cocklover"",""cocknob"",""cockqueen"",""cockrider"",""cocksman"",""cocksmith"",""cocksmoker"",""cocksucer"",""cocksuck"",""cocksucked"",""cocksucker"",""cock-sucker"",""cock-sucker"",""cocksuckers"",""cock-suckers"",""cocksucking"",""cock-sucking"",""coolie"",""cornhole"",""crotchjockey"",""crotchmonkey"",""cumjockey"",""cumquat"",""cumqueen"",""cumshot"",""cunnilingus"",""cunntt"",""cunt"",""cuntfuck"",""cuntfucker"",""cuntlick"",""cuntlicker"",""cuntlicking"",""cunts"",""cuntsucker"",""darkie"",""darky"",""datnigga"",""dickforbrains"",""dickhead"",""dickless"",""dicklick"",""dicklicker"",""doughnut-puncher"",""dripdick"",""dumbfuck"",""dyefly"",""facefucker"",""fag"",""faggot"",""faith"",""fannyfucker"",""fastfuck"",""fatfuck"",""fatfucker"",""fckcum"",""felch"",""felcher"",""felching"",""feltch"",""feltched"",""feltcher"",""feltcher"",""feltchers"",""feltches"",""feltching"",""feltching"",""fingerfuck"",""fingerfucked"",""fingerfucker"",""fingerfuckers"",""fingerfucking"",""fistfuck"",""fistfucked"",""fistfucker"",""fistfucking"",""footaction"",""footfuck"",""footfucker"",""fourtwenty"",""freakfuck"",""freakyfucker"",""freefuck"",""fuc"",""fucck"",""fuck"",""fucka"",""fuckable"",""fuckbag"",""fuckbuddy"",""fucked"",""fucked"",""fuckedup"",""fucker"",""fuckers"",""fuckface"",""fuckfest"",""fuckfreak"",""fuckfriend"",""fuckhead"",""fuckher"",""fuckin"",""fuckina"",""fucking"",""fucking"",""fuckingbitch"",""fuckinnuts"",""fuckinright"",""fuckit"",""fuckknob"",""fuckme"",""fuckmehard"",""fuckmonkey"",""fuckoff"",""fuckpig"",""fucks"",""fucktard"",""fuckwhore"",""fuckyou"",""fudgepacker"",""fudge-packer"",""fugly"",""goddamnmuthafucker"",""goldenshower"",""handjob"",""headfuck"",""heeb"",""hindoo"",""holestuffer"",""honger"",""hosejob"",""hymie"",""iblowu"",""intheass"",""jackoff"",""jackshit"",""japcrap"",""jebus"",""jeez"",""jerkoff"",""jigaboo"",""jiggabo"",""jiggy"",""jijjiboo"",""jimfish"",""junglebunny"",""kaffer"",""kaffir"",""kaffre"",""kafir"",""kanake"",""kigger"",""kike"",""kinky"",""kissass"",""kkk"",""knife"",""knockers"",""kock"",""kondum"",""koon"",""kraut"",""kum"",""kumbubble"",""kumbullbe"",""kummer"",""kumming"",""kumquat"",""kums"",""kunilingus"",""kunnilingus"",""kunt"",""kyke"",""limey"",""limpdick"",""lovejuice"",""lovemuscle"",""lucifer"",""luckycammeltoe"",""mocky"",""mofo"",""moky"",""mothafuck"",""mothafucka"",""mothafuckaz"",""mothafucked"",""mothafucker"",""mothafuckin"",""mothafucking"",""mothafuckings"",""motherfucked"",""motherfucker"",""mother-fucker"",""motherfuckers"",""mother-fuckers"",""motherfuckin"",""motherfucking"",""motherfucking"",""mother-fucking"",""motherfuckings"",""mufflicker"",""mulatto"",""muncher"",""munt"",""muthafucka"",""muthafucka"",""muthafucka"",""mutha-fucka"",""mutha-fucka"",""mutha-fucka"",""muthafucker"",""mutha-fucker"",""muthafuckers"",""mutha-fuckers"",""muthafucking"",""mutha-fucking"",""mutherfucker"",""muther-fucker"",""mutherfuckers"",""muther-fuckers"",""mutherfucking"",""muther-fucking"",""nastyho"",""nastyslut"",""nastywhore"",""nigga"",""niggah"",""niggards"",""niggard's"",""niggaz"",""nigger"",""niggerhead"",""niggerhole"",""niggers"",""nigger's"",""niggor"",""nigguh"",""niggur"",""niglet"",""nignog"",""nigr"",""nigra"",""nofuckingway"",""nookey"",""nookie"",""noonan"",""nooner"",""noons"",""nude"",""nudger"",""nuke"",""nutfucker"",""ontherag"",""orgy"",""osama"",""payo"",""pearlnecklace"",""peckerwood"",""pee"",""pendy"",""penis"",""pillow-biter"",""phuk"",""phuked"",""phuking"",""phukked"",""phukking"",""phungky"",""phuq"",""pi55"",""picaninny"",""piccaninny"",""pickaninny"",""piker"",""pikey"",""piky"",""pimp"",""pimped"",""pimper"",""pimpjuic"",""pimpjuice"",""pimpsimp"",""pindick"",""piss"",""piss"",""pissed"",""pisser"",""pissers"",""pisses"",""pisshead"",""pissin"",""pissing"",""pissoff"",""pisstake"",""piss-take"",""pissy"",""pocha"",""pocho"",""pocketpool"",""pohm"",""polack"",""poo"",""poof"",""poofter"",""poon"",""poontang"",""poop"",""pooper"",""pooperscooper"",""pooping"",""poorwhitetrash"",""popimp"",""porchmonkey"",""pornprincess"",""pric"",""prick"",""prickhead"",""pricks"",""primetime"",""pronk"",""prostitute"",""protestant"",""pu55i"",""pu55y"",""pube"",""pubic"",""pubiclice"",""pud"",""pudboy"",""pudd"",""puddboy"",""puke"",""punkass"",""punk-ass"",""puntang"",""purinapricness"",""puss"",""pussie"",""pussies"",""pussies"",""pussy"",""pussy_ass"",""pussy-ass"",""pussycat"",""pussyeater"",""pussyfucker"",""pussylicker"",""pussylips"",""pussylover"",""pussypounder"",""pusy"",""quashie"",""queef"",""quickie"",""quim"",""raghead"",""redneck"",""reefer"",""reestie"",""rentafuck"",""rimjob"",""roundeye"",""rump"",""russki"",""russkie"",""sadis"",""sadom"",""samckdaddy"",""sandm"",""sandnigger"",""scag"",""scallywag"",""scat"",""schlong"",""screwyou"",""scrotum"",""sexy"",""sexymoma"",""sexy-slim"",""shag"",""shat"",""shav"",""shawtypimp"",""sheeney"",""shhit"",""shinola"",""shit"",""shit_head"",""shitcan"",""shitdick"",""shite"",""shiteater"",""shited"",""shited"",""shiter"",""shiters"",""shitey"",""shitface"",""shitfaced"",""shitfit"",""shitforbrains"",""shitfuck"",""shitfucker"",""shitfull"",""shithapens"",""shithappens"",""shithead"",""shit-head"",""shithouse"",""shiting"",""shitlist"",""shitola"",""shitoutofluck"",""shits"",""shitstain"",""shitted"",""shitter"",""shitters"",""shitting"",""shitty"",""shortfuck"",""sixsixsix"",""sixtynine"",""sixtyniner"",""skankbitch"",""skankfuck"",""skankwhore"",""skanky"",""skankybitch"",""skankywhore"",""skinflute"",""skum"",""skumbag"",""slideitin"",""slimeball"",""slimebucket"",""slopehead"",""slutting"",""slutty"",""slutwear"",""slutwhore"",""smackthemonkey"",""snatch"",""snatchpatch"",""snigger"",""sniggered"",""sniggering"",""sniggers"",""snigger's"",""snot"",""snowback"",""snownigger"",""sob"",""sodom"",""sodomise"",""sodomite"",""sodomize"",""sodomy"",""sonofabitch"",""sonofbitch"",""sooty"",""spaghettibender"",""spaghettinigger"",""spank"",""spankthemonkey"",""sperm"",""spermacide"",""spermbag"",""spermhearder"",""spermherder"",""spic"",""spick"",""spig"",""spigotty"",""spik"",""splittail"",""spooge"",""stagg"",""stiffy"",""strapon"",""stupidfuck"",""stupidfucker"",""suck"",""suckcock"",""suck-cock"",""suckdick"",""suckmyass"",""suckmycock"",""suck-my-cock"",""suckmydick"",""suckmytit"",""swallower"",""taff"",""tang"",""tantra"",""tarbaby"",""tard"",""hicklips"",""timbernigger"",""tit"",""titbitnipply"",""titfuck"",""titfucker"",""titfuckin"",""titjob"",""titlicker"",""titlover"",""tits"",""tits"",""tittie"",""titties"",""titty"",""tnt"",""towelhead"",""trisexual"",""tuckahoe"",""twat"",""twat"",""twats"",""twobitwhore"",""unfuckable"",""upskirt"",""uptheass"",""upthebutt"",""vibrator"",""wab"",""wank"",""wank"",""wanked"",""wanker"",""wanker"",""wankers"",""wanking"",""wanking"",""wanks"",""whacker"",""whash"",""whigger"",""whiskeydick"",""whiskydick"",""whitenigger"",""whop"",""whorefucker"",""wigger"",""wop"",""zigabo"",""zipperhead"",""testtesttest12345""]     action: remove     comment: this post appears to contain profane language, which is not allowed. your post has been removed, and repeat offenders will be banned.     modmail: |         the above item contained profane language. issue a ban if necessary.              powered by [automoderator](http://reddit.com/r/automoderator) tsktsk",1
440142,"african-american, afro-american, ape, aunt jemima, basketball-american, beast, black, blackfella, bluegum, boy, buckwheat, chimpanzee, chimp, colored person, coon, cotton picker, dindu, gator bait, gorilla, jigaboo, jive talker, jungle bunny, mammy, monkey, moolie, moor, mud person, murder monkey, muthafuckah, gangsta, my man, nappy head, negro, negroid, nigga, nig, niggah, nigger, nig-nog, nognog, nigra, nigaboo, person of color, pickaninny, porch monkey, groid, rape apes, sambo, schwartze, schvoogie, sharecropper, shine, shooter, shitskin, slave, spade, spearchucker, spook, tar baby, token, uncle tom, welfare monkey, coons, cotton-pickers, dawgs, jungle monkeys, colored people, chimps, pavement apes, chocolate people, homies, porch monkeys, groids, spooks, darkies, shit-skins, spades, gorillas, blackies, nigras, welfare sloths, kaffirs, mooncrickets, dindunuffins and antique farming equipment.",1
412375,i would hazard a guess that many black people in america have heritage from multiple places where slaves were taken from.,1
579316,"a major reason that gangs rule is the lack of influence parents have over their kids.  it's something that is not limited to the black community.  when the parents and the community as a whole feel powerless, there really isn't anything that the police can do about it.",1
131835,so this makes news because she's a white canadian yet no one notices all the brown saudi's it's happening to. it doesn't matter they they were born there or not. it's just as wrong and should be treated the same.,1
570705,"we balling we balling we balling until we falling on the court with this ball you know you wont be talking   every single racial slur which are offensive and should not be used educational purposes only   every single slur abbie, abe, abie abc abcd abid/abeed abo/abbo afro engineering, african engineering or nigger rigging ah chah ali baba alligator bait / gator bait alpine serb ang mo ann annamite, mites ape apple arabush / aravush (ערבוש) argie/argies armo aseng ashke-nazi (אשכנאצי) aunt jemima/aunt jane/aunt mary/aunt sally bamboula balija banana barbarian beaner / beaney bluegum boche / bosche / bosch boeotian boerehater / boer-hater / boer hater bog / bogtrotter / bog-trotter bohunk bong boong / bong / bung boonga / boong / bunga / boonie bootlip bougnoule bounty bar bozgor brownie buddhahead buckra, bakra bule burrhead / burr-head / burr head cabbage eater camel jockey carcamano chankoro chee-chee, chi-chi cheesehead cheese-eating surrender monkey chefur (čefur) chernozhopy chilote ching chong chinaman chink chinky chonky christ-killer choc-ice chug chukhna churka ciapaty, ciapak cina/cokin coconut coolie coon coonass, coon-ass cracker crow crucco curry-muncher cushi, kushi (כושי) dago, dego dal khor darky / darkey / darkie dhoti dink dogan, dogun dothead, dot dune coon eight ball, 8ball eyetie fenian feuj (verlan for juif) fjellabe flip fritz, fricc, fryc, фриц, fricis frog, froggy, frogeater fuzzy-wuzzy gabacho gaijin (外人) gammon gans (ганс) gin gin jockey godon golliwog golliwog goombah gora goy, goyim, goyum grago, gragok (shrimp) greaseball, greaser gringo groid gub, gubba guiri guizi (鬼子) guido, guidette guinea, ginzo gusano gweilo, gwailo, kwai lo (鬼佬) gwer gyopo, kyopo (교포) gypsy, gyppo, gippo, gypo, gyppie, gyppy, gipp hairyback hajji, hadji, haji half-breed haole heeb, hebe hick hike hillbilly honky, honkey, honkie hori hun hunky, hunk hymie ikey / ike / iky ikey-mo / ikeymo indon indognesial / indonesial inyenzi injun jakun jap japie, yarpie jerry jewboy jigaboo, jiggabo, jigarooni, jijjiboo, zigabo, jig, jigg, jigger jidan jim crow jock, jocky, jockie jungle bunny kaew kaffir, kaffer, kaffir, kafir, kaffre, kuffar kaffir boetie kalar kalia, kalu, kallu kanaka kanake kano katsap or kacap or kacapas kaouiche, kawish kebab keling kharkhuwa khokhol kike or kyke kimchi knacker kolorad kraut labas laowai 老外 lebo, leb limey locust (蝗蟲) londo lubra lugan mabuno/mahbuno mayonnaise monkey macaca majus (مجوس) malakh-khor (ملخ خور) malaun malon malingsia / malingsial / malingsialan mangal / mango / mangasar marokaki (מרוקקי) mau-mau mayate mick mocro mof (singular) moffen (plural) momo/momos moskal, москаль, маскаль, moskal, moskowiter mountain turk mulignan/mulignon/moolinyan munt nawar nere niakoué niglet nig-nog or nignog nigger / niger / nig / nigor / nigra / nigre / nigar / niggur / nigga / niggah / niggar / nigguh / niggress / nigette / neger nigger toe nip nitchie / neche / neechee / neejee / nichi / nichiwa / nidge / nitchee / nitchy non-pri, from non-pribumi northern monkey nusayri ofay oláh oreo oven dodger overner paddy paki, pakkis, pak palagi paleface pancake face, pancake pastel de flango peckerwood pepper or pepsi petrol sniffer pickaninny piefke pikey / piky / piker plastic paddy pocho / pocha polack, polak, polock polaco polentone pom, pohm, pommy, pommie, pommie grant porch monkey porridge wog portagee potet prairie nigger prod pshek quashie raghead rastus razakars redlegs redskin roske, roske rooinek roto roundeye russki sambo sand nigger sassenach sawney scandihoovian seppo, septic schvartse, schwartze sheboon sheeny sheep shagger shelta shiksa (female), shegetz (male) shine shkije shkutzim shkutor, škutor shylock sideways vagina/pussy/cooter skinny skopianoi skip, skippy slant, slant–eye slope, slopehead, slopy, slopey, sloper snowflake snow nigger smoked irish/smoked irishman soosmar-khor: (سوسمار خور) sooty southern faerie, southern fairy soutpiel spade spearchucker spic, spick, spik, spig, or spigotty spook squarehead squaw swamp guinea tacohead taffy or taff taig, teague, teg, teig tanka tar-baby teapot terrone teuchter thicklips tibla timber nigger ting tong tinker / tynekere / tinkere / tynkere, -are / tynker / tenker / tinkar / tyncar / tinkard / tynkard / tincker toad towel head touch of the tar brush turco-albanian turk twinkie ukrop uncle tom vatnik, vatnyk, vata veneco wagon burner wasi'chu, wasichu west brit wetback white ears white interloper wigger / whigger / wigga winklestain / winkley white trash whitey wog wop xiao riben yam yam yanacona yank yankee yellow yellow bone yid yuon zip, zipperhead zhyd, zhid, zhydovka, zhidovka bugger cocksucker motherfucker cuntboy khanith shemale tranny angry white man beta male (slang) black buck bubba dick (slang) dickhead ergi fruit (slang) gammon (insult) girlie men himbo lothario lounge lizard mother's boy neckbeard (slang) prick (slang) simp sissy soy boy twink (gay slang) battle-axe (woman) becky (slang) bimbo bitch (slang) boseulachi cat lady cock tease crone cunt doenjang girl dog poop girl dyke (slang) essex girl fag hag feminazi floozie gold digger hag harpy karen (pejorative) kyōiku mama loosu ponnu miss ann nakusha pick me (slang) queen bee (sociology) shemale shrew (stock character) slut spinster squaw suzy homemaker termagant trophy wife twat virago wags welfare queen whore batty boy dyke (slang) fag bomb faggot (slang) homintern queen (slang) sea queens bible beater bible thumper cafeteria christian fundie god botherer rice christian/ricebag campbellite holy roller jaffa orangie prod, proddy dog russellite shaker soup-taker spike left-footer fenian mackerel snapper mick papist red letter tribe redneck roman catholic shaveling taig mormon molly mormon jack mormon abbie, abe, and abie heeb, hebe hymie ikey, ike, ik ikey-mo, ikeymo jewboy kike mocky, moky, moxy, mockey, mockie, mocky moch red sea pedestrian sheeny shylock yakubian yid zhyd, zhid, zhydovka, zhidovka mussie quran thumper hajji, haji or hodgie mohammedan raghead, towelhead osama clam giaour heathen infidel kaffir pagan shiksa (female), shegetz (male) cult, cultist",1
433899,"i don't understand this, please help a poor white soul? thanks!",1
508673,"wait, kyle o'quinn is a black dude?",1
486648,"they're not so much moving, they're out baby-ing.  ""european"" (ie: white) birthrates are down, while ""muslim"" (ie: brown) birthrates are up.",1
312609,"as another white woman in pa, who voted (by mail but dropped off in person) for biden/harris, i am also surprised, and disgusted....",1
251409,"lemme pull up my list of racial slurs...  ann (women)  bule  charlie  ciapaty, ciapak  cracker  farang khi nok  gin jockey  gub, gubba  gweilo, gwailo, kwai lo (鬼佬) (men)  gwer  haole  honky, honkey, honkie  kano  londo  mayonnaise monkey  mzungu  ofay  palagi  pale face  peckerwood  redlegs  roundeye  snowflake  white ears  white interloper  whitey  &amp;#x200b;  i found a wikipedia page full of them",1
196407,it's probably cuz youre white.,1
395298,"dont just use word nigger, be creative  aff ape baboon black blackamoor bobbejaan boog boon bush cat chimp cookie coon cotton picker darkie flatnose floppy golliwog hoat jack jack of spades jamal jiggaboo jungle bunny kaffir monkey mud skin muntu negro nigger nignog nigra nog pekkie sausage lips shine shoeshine skebenga sooty spade spook tar baby velcro top wekka wog wool head zot",1
851863,"racking up karma on reddit is easy as long as you contribute interesting, relevant posts and avoid terms redditors find offensive such as africoon, ape, ass monkey, ass pirate, ass reamer, banana, bastard, bent, bitch, bluegum, boong, breeder, broad, brownie, butt bandit, butt fucker, cairo coon, camel jockey, camel-fucker, carnie, carpet muncher, cave nigger, cazo, charlie, chink, cholo, chunt, cock sucker, cola, coon, coonass, cracker, crow, cum-dumpster, cum-guzzler, cunt, cunt-eye, dagger, dago, ginzo, derka derka, diaper-head, dickhead, dink, dune coon, dune nigger, dyke, eight ball, faggot, fence-hopper, flamer, fritz, frog, fruit, goat roper, golliwog, gook, goombah, greaseball, greaser, gringo, guido, guinea, gump, half-breed, heeb, hymie, ho, honky, hun, hurammi, jawa, jerry, jib-abdul, jihadi, jim crow, jumping bean, jungle bunny, kaffir, kike, landya, lezbo, limey, pommy, macaca, manuel labor,  mexcrement, mexi-ho, mexican't, mick, migger, mocha, mosshead, muff diver, muzzie, nancy boy, nigger, nip, oil nigger, pachucho, papa ganoush, peckerwood, pickaninny, pillow-biter, polack, pom, porch monkey, powder burn, puffter, q-tip head, quashie, rag-head, redneck, river-nigger, roach, roundeye, rump ranger, sand kisser, sand nigger, sand rat, sausage jockey, sawney, seppo, sheeny, shit stabber, shylock, sissy boy, sleeper cell, slope, slopehead, slurpee nigger, slut, sodomite, spade, spic, spook, squaw, swisher, taco jockey, tar baby, thicklips, tosser, towl-head, tramp, tranny, uke, uncle tom, vato, wanker, wegro, wetback, whitey, wigger, wog, wop, yank, yid, zeb, christian values, respecting authority and republican party.",1
636251,he said cartels and white supremacist groups were organizing it. which is a stupid thing to say because it seems like he wants the black people to turn on the white people protesting with them.,1
884112,"in my experience....  wall twp, manchester and egg harbor township......  these are all fairly large towns with large police departments....and have a reputation for being......overly *enthusiastic*.    however, pretty much any white, suburban middle-class-and-up towns are going to have the typical bored municipal cop mentality.  i'm not even a cop-hater....it's just the way it is.",1
299739,"51st stater        canadians        self-explanatory. abba-dabba        arabs        used in the movie ""betrayed"" by rural american hate group. abo        australian aboriginal        derogative shortened term for aboriginal. adolf        germans        hitler, of course. generally thought of the worst person ever. ahab        whites        from moby-dick. ahab hunted the white whale. ainu        japanese aboriginal        originally, a word for the native japanese islanders from hokkaido, but now means roughly a ""primitive"" person. usually look more european than their japanese counterparts, i.e., more hairy and fair skinned. albino        whites        albinos are white. ame-koh        americans        term for americans used by japanese. amerikkkan        americans        reference to inherent racism in us society. entered the language as a part 1960s counter-cultural slang. ami        americans        used by germans as derogatory reference of americans. shortened from scheiss-ami. amo        amish        pronounced ah-mo. angie        canadians        english-speaking canadians. short for ""anglophone"" and used in quebec, especially for anglophones in quebec province itself. antique farm equipment        blacks        slaves being used for labor. apple        native americans        used by native americans as derogatory for other native americans who are red on the outside but white on the inside. apple (2)        blacks        has to do with ""hanging from a tree"". apu        indians        hindu character from the simpsons. before that, one of the most famous films out of india was the ""apu trilogy."" armo        armenian        short for armenian. aunt jamima        blacks        after the stereotypically black trademark picture on ""aunt jemima""-brand breakfast foods. bbk        blacks        big black cocks. spelled with a k, as in the korn song of the same title. baboomba        blacks        from the ""booming"" of their car stereos. babuska        ukrainians/slavs        the head garment worn by old ukrainian women. bagel-dog        jews        from kosher ""bagel dogs"" - a kosher sausage inside of a bagel. bahadur        nepali        bahadur, means brave, has become a derogatory term for nepali servants. they are also called gaurkhs. bamboo coon        chinese        bamboo grows in china. banana        asians        an asian-american who has lost their heritage. yellow on the outside, white on the inside. bans/cans        hispanics        mexicans, puerto ricans, cubans. beach-nigger        whites        overly-tanned people/surfers. bean burrito        hispanics        common hispanic food is bean burritos and the coloring of the beans is similar to the coloring of their skin. beaner        hispanics        because they are known to have a lot of beans in their diet. beanie        jews        referring to the yarmulke. beaver-beater        french-canadians        fur trade. beef-curtain        greeks        possibly originated from their smell. berry picker        hispanics        refers to hispanics who would work berry fields in california, specifically illegal immigrants, as their employer didn't have to pay them as much. bhindu        pakistanis        pakistani name. bhrempti        indians        their pronunciation of the number 20. big nose        jews        refers to how jews are said to have large noses. bjork        icelanders        she's the icelander everyone knows. black barbie        blacks        refers to a black woman when she wears her hair and makeup to try and look like a white woman. black dagos        italians        believed that some sicilians are part black. blackie        blacks        self-explanatory. blackrobe        white missionaries        native american term. blanco        whites        'blanco' is spanish for white or blank. blanket-ass        native americans        from when the us government gave tribes blankets.. i guess to make up for killing so many of them. the blankets were also rumored to be infested with smallpox. blaxican        mixed races        black/mexican mix. pioneered by the black/mexican hip-hop group ""delinquent habits"". blockhead        macedonians        shape of their heads; australian. blow        blacks        originated from blacks originally living in africa and using blow guns. blue-gummer        blacks        refers to the blue tinge of the gums of some blacks/southern origin. blue-eyed devil        whites        whites primarily with blue eyes are said to be the most evil. especially since their skin is so pale, it looks scary to others as their blue eyes stare out at them. blue/blew        mixed races        black/jewish mix. boat-people        asians or cubans        could apply to any peoples who took a boat to immigrate to another country. see: fob. boffer/boofer        blacks        the hawaiians or polynesians call blacks this name. same as nigger in the united states. bog-trotter        irish        abundance of bogland in eire. bogan        native americans        male native americans. bogan (2)        whites        new zealand white trash or rednecks. bohunk        hungarians        may be a contraction of 'bohemian/hungarian', and might refer to hungarians or czechs. see: honky. boogalee        cajuns        may be a corruption of the french slang for ""feces"". boogie        blacks        referring to ""boogie woogie"" form of jazz? could come from w. african ""buuker"" or ""buckra"", meaning ""devil"", ""boogie man"" or ""white man"". turned around and used against blacks by whites. book-book        filipinos        from hawaii. a slur on how their language sounds to non-filipinos. boong        australian aboriginal        ""boong"" is the sound they make when they hit the bull bar (a metal bar attached to the front of a car to reduce damage when you hit an animal) bootlip        blacks        more or less self-explanatory, blacks tend to have big lips. border nigger        hispanics        obvious. border-bunny        hispanics        hopping the border to get into america. border-hopper        hispanics        same as border bunny. border-jumper too. boudreaux        cajuns        common name among cajuns. boxhead        germans        germans typically have, or are thought to have, rather square heads. boy        blacks        originated during slavery. used to belittle blacks. bozgor        hungarians        term used in eastern europe for hungarian-ethnics living in different countries after wwi. it means ""man without country"" or just imitates hungarian talking. brillo pad        blacks        hair reminiscent of a brillo pad. brit        british        short for british. used as in ""brits out!"": graffiti from ireland. bro        blacks        contraction of brother, see: brother. brother        blacks        used by blacks in an effort to help unify their race. also used by non-black races to poke fun at or try to identify with the black race. bruised banana        asians        a ""banana"" who acts black. bubble        greeks        ""bubble &amp; squeak"" is cockney slang for greek. buck/buck nigger        blacks        this word has been used since the 17th century to refer to a male negro - no matter whether slave or not. buckethead        koreans        of all asian groups, koreans are said to have the biggest heads. buckra        whites        gullah language word meaning white trash. buckwheat        blacks        refers to buckwheat, a black character on ""the little rascals."" buddhahead        asians        a lot of asians are buddhists. bug-eater        asians        many asians eat bugs such as locusts and grasshoppers. buleh        whites        asian term, origin unknown, encountered on trip through indonesia. bumblebee        mixed races        black/oriental couple or mixed child. bumper lips        blacks        self-explanatory. bun        blacks        big ugly nigger. buppie        blacks        a (young) black upwardly professional person. like yuppie, but refers to blacks. burnt cracker        blacks        used as a response to blacks who call whites crackers. burnt match        blacks        self-explanatory. burnt toast        blacks        skin color can resemble that of a burnt piece of bread. burr head        blacks        hair texture. bush-boogie        blacks        derived from their jungle origins. bushnigger        native americans        self-explanatory. butter        blacks        alternative to nigger. cab nigger        indians/arabs        many cabbies are arabs or indians. cabbage        whites        small town farm trash that wore spotted welder beanie caps and carried concealed knives to school. cabdriver        indians/arabs        a large portion of cab drivers seem to be foreigners, mostly of indian descent. camel cowboy        arabs        they ride camels like cowboys ride horses. camel jockey        arabs        from camels being a major form of transportation in the middle eastern countries. camel-humper        arabs        refers to lonely arab shepherds. camel-jacker        arabs        a take off on camel jockey and camel-humper. this refers to the act of ""stimulating"" a camel by hand. can'ardly        asians        they can'ardly see, originated in australia. canadian        blacks        used as a masked replacement for 'nigger.' canal        panamanians        panama canal. cancer        whites        cancer causes the face to become white, and the blood to drain away. caneater        australians        they consume a lot of canned beer. cankee/cankie        canadians        canadian-yankee. cans/bans        hispanics        mexicans, puerto ricans, cubans. canuck        canadians        from johnny canuck, emerging in 1869 as a ""younger, simpler cousin to america's uncle sam or britain's john bull."" reborn during world war ii as canada's 'defender from the nazi menace.' could only be a slur if you say it the right way. canucklehead        canadians        diminutive of canuck.",1
577941,"never any trouble, and a couple of them were very interested in the project.  and there was also another man who got some of the people involved in surveying one of the first all black graveyards.",1
923393,white trash trailer park scum approves.,1
207270,"happy new year, mah dahlings. may you have health, happiness, love, success, and everything you little black hearts desire. mwah.",1
868397,no. you are a white woman. plenty of other fellowships where you don’t have to potentially take away from minorities who only account for 5 percent of lawyers in america.,1
529584,"because he's ignorant, religious, and white. he's never experienced any repercussions for his actions in the past no matter how cruel.",1
864980,"look at what trump has done! look at the terror he has brought on this country! do we really want to live in an america where we're back to using terms like mick, coon, darkie, wop, dago, jap, chink, chinaman, slanteye, moonface, oriental, nigger, nignog, niglet, negro, negroid, mongoloid, kike, heeb, yid, nip, honkie, whitey, cracker, squint, coolie, shitskin, redskin, blackskin, cumskin, porchmonkey, shiney, wetback, beaner, spear chucker, abbo, boong, gook, haole, hooknose, jiggaboo, guinnie, paki, frog, wog, polack, limey, towelhead, raghead, sambo, pickaninny, camel jockey, greaseball, gringo, peckerwood, kraut, goombah, lebbo, mulatto,",1
488704,"as i said before, take your 6 figures, give 40-60% and help 1 or 2 families stay above a “livable wage.”  nobody today knows a slave. history does not affect what i do in the present, personally. my great great whatever’s, do not influence my decisions today. that’s victimhood. the crack, sentencing, was 30 years ago, shouldn’t influence 18-30 year olds ability to make proper decisions. poorly funded education and everything tied to poorly funded anything is based on businesses in that community (yes i know dept of education kicks in money). you are not honest with yourself if you say you are going to open your business in a crime ridden, proportionate poverty stricken neighborhood, regardless of what race is living there. you need citizens to be and feel safe before they will risk their livelihood in a community. over policing: so if everyone and i in the community know that between a particular street and another particular street, there are gang bangers, drug dealers, and everything in between, you’re suggesting to not police it? or there shouldn’t be more cops there because a higher percentage of race lives there?  once again, i said the leeches are non producers. that is every dead beat from all walks of life.  13% of the population has a way higher % of the crime rate, single motherhood rate, low graduation rate, etc. that european countries do not have to account for. all races have the same problem. i refuse to be labeled a racist when i can look at any fbi, cdc statistic and determine where a major problem is. it is not my opinion, it is a stated fact.  you know the greatest irony of our back and forths, you assume by identity politics, that i am white.  billion dollar companies and an employee come to a mutual agreement. i will exchange x for your labor. nobody is actually forced in this country to work anywhere. i am open to listen to any and all ideas of a more fruitful system where the opportunity for anyone to be anything they want to be, without government influence. socialism is not said system.",1
976233,"90% of serial crimes are committed by white males, so they got that right.   there’s definitely a lack of lgbt representation, and in later seasons the bau team became more diverse.",1
945546,white 2 and on wednesday,0
766082,"**a list of every racial slur:**  abbie, abe, abie  abc  abcd  abid/abeed  abo/abbo  afro engineering, african engineering or nigger rigging  ali baba  alligator bait / gator bait  ang mo  ann  annamite  ape  apple  arabush **(ערבוש)**  armo  aseng  aunt jemima / aunt jane / aunt mary / aunt sally  ayrab/a-rab  bamboula  balija  banana  beaner / beaney  bluegum  boche / bosche / bosch  boeotian  boerehater / boer-hater / boer hater  bog irish / bogtrotter / bog-trotter  bohunk  boong / bong / bung  boonga / boong / bunga / boonie  bootlip  bougnoule  bounty bar  bozgor  brownie  buddhahead  buckra, bakra  bule  burrhead / burr-head / burr head  cabbage eater  camel jockey  carcamano  chankoro  charlie  chee-chee, chi-chi  cheesehead  cheese-eating surrender monkey  chefur (čefur)  chernozhopy  chilote  ching chong  chinaman  chink  chinky  chonky  christ-killer  choc-ice  cholo  chug  chukhna   churka чурка  ciapaty or ciapak  cina/cokin  **coconut**  coolie  coon  coonass, or coon-ass  cracker  crow  curry-muncher  cushi, also spelled kushi (כושי)  dago, dego  dalit  dal khor  darky / darkey / darkie  dink  dogan, dogun  dothead, dot  dune coon  eight ball  eyetie  farang  fenian  feuj  flip  fritz  frog, froggy, frogeater  fuzzy-wuzzy  gabacho  gaijin   gammon   gans   gin  gin jockey  golliwog  gook, gook-eye, gooky  goy, goyim, goyum  grago or gragok (shrimp)  greaseball, greaser  gringo  groid  gub, gubba  guiri  guizi  guido  guinea, ginzo  gweilo, gwailo, or kwai lo (鬼佬)  gyopo, kyopo (교포)  gypsy, gyppo, gippo, gypo, gyppie, gyppy, gipp  hairyback  hajji, hadji, haji  half-breed  haole  heeb, hebe  hick  hike  hillbilly  honky also spelled ""honkey"" or ""honkie""  hori  hun  hunky, hunk  hymie  ikey / ike / iky  ikey-mo / ikeymo  indon  indognesial / indonesial  inyenzi  injun  jakun  jap  japie, yarpie  jerry  jewboy  jigaboo, jiggabo, jigarooni, jijjiboo, zigabo, jig, jigg, jigga, jigger  jim crow  jock, jocky, jockie  jungle bunny  kaffir, kaffer, kaffir, kafir, kaffre, kuffar  kaffir boetie  kalar  kalia, kalu, kallu  kanaka  kanake  kano  katsap or kacap or kacapas  kaouiche or kawish  kebab  keling  kharkhuwa  khokhol   kike or kyke  kimchi  knacker  kolorad  kraut  labas  laowai 老外  lebo, leb  limey  locust (蝗蟲)  lubra  lugan  mabuno/mahbuno  madrasi  mayonnaise monkey  macaca  majus (مجوس)  malakh-khor (ملخ خور)  malaun  malon  malingsia / malingsial / malingsialan  mangal / mango / mangasar   mau-mau  mayate  mick  momo/momos  moon cricket/mooncricket  mormon  moskal  mountain turk  mulignan/mulignon/moolinyan  munt  mzungu  nawar  nere   niakoué  niglet  nig-nog or nignog  nigger / niger / nig / nigor / nigra / nigre (caribbean) / nigar / niggur / nigga / niggah / niggar / nigguh / niggress / nigette  nip  nitchie / neche / neechee / neejee / nichi / nichiwa / nidge / nitchee / nitchy  non-pri, from non-pribumi  northern monkey  nusayri  ofay  oláh  oreo  oven dodger  overner  paddy  paki, pakkis, pak  palagi  paleface  pancake face, pancake  pastel de flango  peckerwood  pepper or pepsi  petrol sniffer  pickaninny  piefke  pikey / piky / piker  plastic paddy  pocho / pocha  polack, polak, polock  polaco  polentone  pom, pohm, pommy, pommie, pommie grant  porch monkey  portagee  potet  prairie nigger  prod  pshek  quashie  raghead  rastus  razakars  redlegs  redneck  redskin  rosuke, roske  rooinek  roto  roundeye  russki  rusnya  sambo  sand nigger  sassenach  sawney  scandihoovian  seppo, septic  schvartse, schwartze  sheeny  sheep shagger  shegetz  shelta  shiksa (yiddish)  shine  shiptar (šiptar)  shkije  shkutzim (yiddish, plural)  shylock  sideways vagina/pussy/cooter  skinny  skopianoi  skip, skippy  slant, slant–eye  slope, slopehead, slopy, slopey, sloper  snow nigger  smoked irish / smoked irishman  soosmar-khor  sooty  lizard eater  southern faerie, southern fairy  soutpiel  spade  spearchucker  spic, spick, spik, spig, or spigotty  spook  squarehead  squaw  swamp guinea  tacohead  taffy or taff  taig (also teague, teg and teig)  tar-baby  teapot  terrone  teuchter  thicklips  timber nigger  ting tong  tinker / tynekere / tinkere / tynkere, -are / tynker / tenker / tinkar / tyncar / tinkard / tynkard / tincker  toad  towel head  touch of the tar brush  turco-albanian  turk  twinkie  ukrop  uncle tom  vatnik  wagon burner   wasi'chu or wasichu  west brit  white ears  white interloper  west islander  wetback  wigger / whigger / wigga (white nigger)  white trash  whitey  wog  wop  xiao riben  yam yam  yanacona  yank  yankee  yellow  yellow bone  yid  yuon  zip, zipperhead",1
621831,"jesus christ, no.  we haven't had a good qb other than romo.  dak is black right?  sanchez is hispanic like romo.  i'm hoping they're both good",1
851902,"psa: yo radfems are terfs, trans exclusionary radical feminists, and are a transphobic bigoted cis privileged hate group. as a feminist please do not refer to radfems in a positive light unless you want to be jumped on for being transphobic.",0
123723,saw a bbc story recently that said pinterest users are 70+ percent *white* women.,1
675803,**that fucking:**  ass - butt  anus - butt  arse - butt  arsehole - butt  assbag - idiot  assbandit - homosexual  assbanger - homosexual  assbite - idiot  assclown - butt  asscock - idiot  assface - butt  assfuck - rear-loving  assfucker - homosexual  assgoblin - homosexual  asshat - butt  asshead - idiot  asshole - jerk  asshopper - homosexual  assjacker - homosexual  asslicker - buttlicker  assmunch - idiot  assshole - butt  asswipe - butt   back to top  -------------------------------------------------------------------------------- bampot - idiot  bastard - illegitimate child  beaner - mexican  bitch - female dog  bitchass - idiot  bitchtits - homosexual  bitchy - mean  blow job - sexual act  blowjob - sexual act  boner - erection  brotherfucker - homosexual  bullshit - poop  bumblefuck - homosexual  butt plug - cork  butt-pirate - homosexual  buttfucka - homosexual  buttfucker - homosexual   back to top  -------------------------------------------------------------------------------- camel toe - female genitalia  carpetmuncher - homosexual  chinc - chinese  chink - asian  choad - male genitalia  chode - small penis  clit - female genitals  clitfuck - sexual act  cock - penis  cockbite - idiot  cockface - idiot  cockfucker - idiot  cockknoker - homosexual  cockmaster - homosexual  cockmongruel - homosexual  cockmuncher - homosexual  cocksmoker - homosexual  cocksucker - homosexual  coochie - female genitalia  coochy - female genitalia  coon - african american  cooter - vagina  cracker - caucasian  cum - semen  cumbubble - idiot  cumtart - idiot  cunnilingus - sexual act  cunt - vagina  cunthole - female genitalia   back to top  -------------------------------------------------------------------------------- damn - darn  deggo - italian  dick - penis  dickbag - idiot  dickfuck - idiot  dickhead - phallace face  dickhole - male genitalia  dickmonger - homosexual  dicks - penises  dickweed - idiot  dickwod - idiot  dildo - sexual toy  dipshit - idiot  dookie - poop  douche - female hygene product  douche-fag - idiot  douchebag - female hygene accessory  douchewaffle - homosexual  dumass - idiot  dumb ass - idiot  dumbass - idiot  dumbfuck - idiot  dumbshit - idiot  dumshit - idiot  dyke - homosexual   back to top  -------------------------------------------------------------------------------- fag - homosexual  fagbag - homosexual  fagfucker - homosexual  faggit - homosexual  faggot - homosexual  fagtard - homosexual idiot  fatass - a fat person  fellatio - sexual act  fuck - fornicate  fuckass - idiot  fucked - had intercourse  fucker - fornicator  fuckface - idiot  fuckhead - butt  fuckhole - jerk  fuckin - sexual act  fucking - freaking  fucknut - idiot  fucks - sexual act  fuckstick - male genitalia  fucktard - moron  fuckup - idiot  fuckwad - idiot  fuckwit - dummy  fudgepacker - homosexual   back to top  -------------------------------------------------------------------------------- gay - homosexual  gaydo - homosexual  gaytard - homosexual  gaywad - homosexual  goddamn - goshdarn  goddamnit - goshdarnit  gooch - female genitalia  gook - chinese  gringo - foreigner  guido - italian   back to top  -------------------------------------------------------------------------------- handjob - sexual act  hard on - erection  heeb - jewish person  hell - heck  ho - woman  homo - homosexual  homodumbshit - idiot  honkey - white person  humping - sexual act   back to top  -------------------------------------------------------------------------------- jackass - idiot  jap - japanesse person  jerk off - masturbate  jigaboo - african american  jizz - semen  jungle bunny - african american   back to top  -------------------------------------------------------------------------------- kike - jewish person  kooch - female genitalia  kootch - female genitalia  kyke - jewish person   back to top  -------------------------------------------------------------------------------- lesbian - homosexual  lesbo - homosexual  lezzie - homosexual   back to top  -------------------------------------------------------------------------------- mcfagget - homosexual  mick - irish  minge - female genitalia  mothafucka - jerk  motherfucker - mother lover  motherfucking - fornicating with mother  muff - female genitalia  munging - sexual act   back to top  -------------------------------------------------------------------------------- negro - african american  nigga - african american  nigger - african american  niglet - african american child  nut sack - male genitalia  nutsack - male genitalia   back to top  -------------------------------------------------------------------------------- paki - pakistanien  panooch - femail genitalia  pecker - penis  peckerhead - idiot  penis - male genitalia  penisfucker - homosexual  piss - urinate  pissed - urinated  pissed off - angry  pollock - polish person  poon - female genitals  poonani - female genitalia  poonany - vagina  porch monkey - african american  porchmonkey - african american  prick - penis  punta - female dog  pussy - female reproductive organ  pussylicking - sexual act  puto - idiot   back to top  -------------------------------------------------------------------------------- queef - vaginal fart.  queer - homosexual  queerbait - homosexual   back to top  -------------------------------------------------------------------------------- renob - erection  rimjob - dirty sexual act  sand nigger - middle eastern  sandnigger - middle eastern  schlong - male genitalia  scrote - male genitalia  shit - poop  shitbagger - idiot  shitcunt - idiot  shitdick - idiot  shitface - pooface  shitfaced - drunk  shithead - jerk  shithouse - bathroom  shitstain - poop  shitter - defecator  shittiest - worst  shitting - pooping  shitty - bad  skank - dirty girl  skeet - semen  skullfuck - sexual act  slut - sexually popular woman  slutbag - sexually popular woman  snatch - female genitalia  spic - mexican  spick - mexican american  splooge - ejaculate  tard - mentally challenged  testicle - male genitalia  thundercunt - idiot  tit - breast  titfuck - sexual act  tits - breasts  twat - female genitals  twatlips - idiot  twats - vaginas  twatwaffle - homosexual  va-j-j - female genitalia  vag - femail genitalia  vagina - female genitalia  vjayjay - female genitalia  wank - sexual act  wetback - mexican  whore - hussy  whorebag - idiot  wop - italian,1
277797,"well, if it weren't for all those undesirables, the us would be crime free!       this is the fault of the abbies, abo, ali babas, alligator baits, annamites, apples, arabushes, armos, bananas, beaners, bogs, bohunks, bounty bars, buddaheads, burrheads, camel jockeys, cheeseheads, cheese-eating surrender monkeys, ching chongs, chinks, cholos, coolies, coonasses, dagos, dinks, dune coons, flips, frogs, gooks, guidos, half-breeds, haoles, heebs, hunkys, hymies, jigaboos, jungle bunnies, kaffirs, kikes, kimchis, *limeys*, macacas, micks, niggers, nips, peckerwoods, pickaninnies, pochos, porch monkies, prairie niggers, ragheads, rastus, sambos, scandihoovians, sheenies, skinnies, slopeheads, spades, spearchuckers, spics, tacoheads, towel heads, twinkies, wetbacks, wiggers, wops and zipperheads!      edit: this post is an equal opportunity slurry so i can not leave out limey!",1
181364,"&gt;l'm a...colored, spade, a nigra, a black nigger, a jungle bunny, jigaboo, coon, pickaninny, mau-mau, uncle tom, aunt jemima, little black sambo, cotton-pickin, swamp guinea, junk man, shoeshine boy, elevator operator, table cleaner at horn &amp; hardart, slave, voodoo, zombie, ubangi lipped, flat nosed, tap dancer, a resident of harlem, and president of the united states of love. shit!",1
686654,ones again dude from medieval england played by black actor :),1
303503,"i am the one who came up with the racial slur rules and can tell you that after a few weeks of fine tuning, the rules are working exceptionally well.      ---     # remove ethnic slurs     title+body: (abbie|abbo|abe|abie|abo|alligator bait|arabush|aunt jane|aunt jemima|aunt mary|aunt sally|beaner|beaney|bluegum|boche|bog irish|bohunk|boong|boong|boonga|bootlip|bosch|bosche|bounty bar|buddhahead|buffie|bule|bung|bunga|burr head|burrhead|burr-head|camel jockey|chee-chee|cheese-eating surrender monkey|cheesehead|chi-chi|chinaman|ching chong|chink|cholo|chonky|christ killer|chug|coolie|coon|coonass|coon-ass|cooter|curry muncher|cushi|dago|darkey|darkie|darky|dego|dink|dogan|dogun|dothead|dune coon|eight ball|eyetie|fritz|fuzzy-wuzzy|gable|gaijin|gin|gin jockey|ginzo|gippo|gippo|golliwog|gook|gook-eye|gooky|goy|goyim|goyum|greaseball|greaser|gringo|groid|gub|gubba|guido|guizi|gwailo|gweilo|gypo|gyppo|gyppoe|gyppy|hadji|hairyback|haji|hajji|half-breed|haole|hebe|heeb|hillbilly|hokie|honkey|honky|hun|hymie|ikey|ikeymo|ikey-mo|iky|indon|injun|jap|jigaboo|jigarooni|jigg|jigga|jigger|jijjiboo|joggabo|kaffer|kaffir|kaffre|kafir|kike|kraut|kuffar|kushi|kwai lo|kyke|limey|lubra|lugan|macaca|malaun|mau-mau|mulignan|mulignon|neche|neechee|neejee|nichi|nichiwa|nidge|nig|nigar|niger|nigette|nigga|niggah|niggar|nigger|niggress|nigguh|niggur|niglet|nig-nog|nigor|nigra|nigre|nitchee|nitchie|nitchy|northern monkey|nusayri|paddy|paki|pancake face|peckerwood|pickaninny|piker|pikey|piky|plastic paddy|pocha|pocho|pohm|polack|pom|pommie|pommie grant|pommu|porch monkey|prairie nigger|quashie|raghead|rastus|razakars|redlegs|redneck|redskin|roundeye|sambo|sand monkey|sand nigger|sawney|scandihoovian|schvartse|schwartze|seppo|septic|sheeny|sheep shagger|shelta|shiksa|shkutzim|sideways vagina|slant-eye|slopehead|sloper|slopey|smoked irish|smoked irishman|sooty|spearchucker|spic|spig|spigotty|sply|squarehead|squaw|squinty|taff|taffy|taffy|taff|taig|tar-baby|teague|teig|tenker|teuchter|thicklips|timber nigger|tincker|tinkar|tinkard|tinkere|touch of the tar brush|towel head|tyncar|tynekere|tynkard|tynkere|tynkere|uncle tom|wetback|whigger|whitey|wigga|wigger|wog|wop|yank|yankee|yid|zigabo|zip|zipperhead)s?     modifiers: regex     action: remove     ---     # remove homophobic slurs     title+body: (airy dairy fairy|anal assassin|anal buccaneer|arse bandit|ass bandit|back door bandit|batty boy|bean flicker|bean queen|bender|bentshot|bone smuggler|booty buffer|brown piper|brownie king|brownie queen|bufter|bufty|bum bandit|bum boy|bum chum|bum-driller|bumhole engineer|bun bandit|butch|butch-broad|butt pirate|butter beaner|button stitcher|cackpipe cosmonaut|carpet muncher|celesbian|chi chi man|chicken queen|chunder plunder|chutney ferret|clam licker|clam slammer|clit raider|closet queen|cock gobbler|cock jockey|cock knocker|cockknocker|cocknocker|cockpipe cosmonaut|couscous queen|crafty butcher|curry queen|dinge queen|doily queen|donut puncher|doubler tucker|drag dyke|drag queen|drama queen|dyke|fag|faggot|fanny basher|flap queen|fudge packer|gaysian|grey queen|gym queen|harry hoofter|homo|homo|jobby jabber|kitty puncher|knight of the pork sword|knob jockey|lesbo|leso|lezzer|lezzie|lick-a-lotta-puss|light in the loafers|light in the pants|limp wristed|marmite miner|mirror polisher|mound masher|muff buffer|muff diver|muff muncher|muscle mary|nancy boy|oklahomo|pansy|peter puffer|pillow biter|pissy queen|poo pusher|poofter|potato queen|pussy puncher|raging bandit|raging bandit|raving bandit|raving bandit|rear admiral|rectal pioneer|rice queen|ring raider|roarer|rug muncher|rug muncher|rump ranger|sausage jockey|scat queen|scissor sister|scissorchick|she who drinks from the furry cup|shirt lifter|shit stabber|sis lover|size queen|snow queen|taco bumper|the game of flats|tit gobbler|todger dodger|tribade|turd burglar|twink|twopence licker|uphill gardener|upstairs gardner|vin diesel dyke|womb raider|woolly)s?     modifiers: regex     action: remove     ---",1
290222,"speaking from personal experience:   i live in dearborn, mi, a city that has the highest arab-american population in the u.s. the highest arabic population outside of the middle east. the majority of arab-americans that i know are hard working people who take their culture, along with their newly adopted american culture, very seriously (e.g. muslims displaying christmas trees and elaborate christmas displays).   not only have these 2nd and 3rd generation arab-americans overcame racial and religious diversity, but they also had to learn a second language so they could have a fighting chance in an english speaking country. they've come here with nothing and in a relatively short period of time, have been able to achieve a level of success...  that said, from what i have deducted from first hand conversation and observation is that african-americans do not want to be a part of the white man's culture. not ever.  james baldwin (black/homosexual author) has stated, and would probably still agree (if he were still alive) that a black man has absolutely no desire to speak, dress, or act in any way like a white person. never.   (james baldwin has also blamed african slave trade on african slave traders... but has placed the majority of the guilt on the white man for letting it happen in the first place... which sounds rather similar to ""race card logic"")  when a race collectively, but unofficially, chooses to avoid all things white, which is obviously the norm in america, said race naturally tends to limit their opportunities in the so called ""white mans world."" i used to work at a black owned and operated company. i was the only white-boy employed there; and even throughout the hard times, the owner of this company (black man) would not take on white clients, even if the pay was exceptionally good. not once.  so the real question here is how can 2nd and 3rd generation arab-americans become marginally successful in america; strive to speak the language properly; maintain successful families; remain extremely faithful to their religion; while keeping their neighborhoods very presentable and safe; and participating actively in the community as well as politically, when the majority of african-americans still can't get their shit together after all these years?  as much as we'd all love to admit it, this is not the white man's fault!!!  the race card has become a crutch, and by constantly acknowledging it, their ""wounds"" will never heal.  what? you still don't believe me, whitey?   next time you have a conversation with a black person pay attention to how long it takes before they explain the difference between black people and white people. pay attention to how your ""white"" voice is being mocked. listen carefully for baiting questions that may or may not out you as a potential racist... but most of all, pay attention to how long it takes before an african-american will awkwardly announce their blackness, ""i'm black!""  we're not colorblind, we just don't care anymore.   also, i know this is coming so let me just clear the air here:  (1) i'm not now, nor have i ever been a racist  (2) my views aren't racist, but i'm sure some idiots could possibly twist them to be perceived as such  (3) i'm a 3rd generation italian-america, my grandparents came over to this country with absolutely nothing. they learned the language, they worked very hard, and while my grandparents do in fact have a light complexion, none of my relatives [or any of their relatives for that matter] have ever owned slaves. they did, however, live under the rule of a fascist dictator.  (4) yes, i know fascism isn't anything like slavery, but this just shows that most people have an innate ability to overcome diversity.",1
596883,homosexual  cockwaffle - idiot  coochie - female genitalia  coochy - female genitalia  coon - african american  cooter - vagina  cracker - caucasian  cum - semen  cumbubble - idiot  cumdumpster - prostitute  cumguzzler - homosexual  cumjockey - homosexual  cumslut - dirty girl  cumtart - idiot  cunnie - female genitalia  cunnilingus - sexual act  cunt - vagina  cuntass - idiot  cuntface - idiot  cunthole - female genitalia  cuntlicker - homosexual  cuntrag - idiot  cuntslut - idiot  dago - italian  damn - darn  deggo - italian  dick - penis  dick-sneeze - orgasm  dickbag - idiot  dickbeaters - hands  dickface - idiot  dickfuck - idiot  dickfucker - homosexual  dickhead - phallace face  dickhole - male genitalia  dickjuice - semen  dickmilk - sperm  dickmonger - homosexual  dicks - penises  dickslap - sexual act  dicksucker - homosexual  dicksucking - sexual act  dicktickler - homosexual  dickwad - idiot  dickweasel - idiot  dickweed - idiot  dickwod - idiot  dike - homosexual  dildo - sexual toy  dipshit - idiot  doochbag - idiot  dookie - poop  douche - female hygene product  douche-fag - idiot  douchebag - female hygene accessory  douchewaffle - homosexual  dumass - idiot  dumb ass - idiot  dumbass - idiot  dumbfuck - idiot  dumbshit - idiot  dumshit - idiot  dyke - homosexual  fag - homosexual  fagbag - homosexual  fagfucker - homosexual  faggit - homosexual  faggot - homosexual  faggotcock - homosexual  fagtard - homosexual idiot  fatass - a fat person  fellatio - sexual act  feltch - sexual act  flamer - homosexual  fuck - fornicate  fuckass - idiot  fuckbag - idiot  fuckboy - idiot  fuckbrain - idiot  fuckbutt - butt  fuckbutter - sexual fluids  fucked - had intercourse  fucker - fornicator  fuckersucker - idiot  fuckface - idiot  fuckhead - butt  fuckhole - jerk  fuckin - sexual act  fucking - freaking  fucknut - idiot  fucknutt - idiot  fuckoff - go away  fucks - sexual act  fuckstick - male genitalia  fucktard - moron  fucktart - idiot  fuckup - idiot  fuckwad - idiot  fuckwit - dummy  fuckwitt - idiot  fudgepacker - homosexual  gay - homosexual  gayass - butt  gaybob - homosexual  gaydo - homosexual  gayfuck - homosexual  gayfuckist - homosexual  gaylord - homosexual  gaytard - homosexual  gaywad - homosexual  goddamn - goshdarn  goddamnit - goshdarnit  gooch - female genitalia  gook - chinese  gringo - foreigner  guido - italian  handjob - sexual act  hard on - erection  heeb - jewish person  hell - heck  ho - woman  hoe - woman  homo - homosexual  homodumbshit - idiot  honkey - white person  humping - sexual act   jackass - idiot  jagoff - idiot  jap - japanesse person  jerk off - masturbate  jerkass - idiot  jigaboo - african american  jizz - semen  jungle bunny - african american  junglebunny - african american   kike - jewish person  kooch - female genitalia  kootch - female genitalia  kraut - german  kunt - female genitalia  kyke - jewish person   lameass - loser  lardass - overweight individual  lesbian - homosexual  lesbo - homosexual  lezzie - homosexual  mcfagget - homosexual  mick - irish  minge - female genitalia  mothafucka - jerk  mothafuckin\' - mother loving  motherfucker - mother lover  motherfucking - fornicating with mother  muff - female genitalia  muffdiver - homosexual  munging - sexual act  negro - african american  nigaboo - african american  nigga - african american  nigger - african american  niggers - african americans  niglet - african american child  nut sack - male genitalia  nutsack - male genitalia  paki - pakistanien  panooch - femail genitalia  pecker - penis  peckerhead - idiot  penis - male genitalia  penisbanger - homosexual  penisfucker - homosexual  penispuffer - homosexual  piss - urinate  pissed - urinated  pissed off - angry  pissflaps - female genitalia  polesmoker - homosexual  pollock - polish person  poon - female genitals  poonani - female genitalia  poonany - vagina  poontang - female genitalia  porch monkey - african american  porchmonkey - african american  prick - penis  punanny - female genitalia  punta - female dog  pussies - female genitalias  pussy - female reproductive organ  pussylicking - sexual act  puto - idiot  queef - vaginal fart.  queer - homosexual  queerbait - homosexual  queerhole - homosexual  renob - erection  rimjob - dirty sexual act  ruski - russian  sand nigger - middle eastern  sandnigger - middle eastern  schlong - male genitalia  scrote - male genitalia  shit - poop  shitass - idiot  shitbag - idiot  shitbagger - idiot  shitbrains - idiot  shitbreath - bad breath  shitcanned - fired  shitcunt - idiot  shitdick - idiot  shitface - pooface  shitfaced - drunk  shithead - jerk  shithole - idiot  shithouse - bathroom  shitspitter -,1
506908,"next thing you know, we'll hear that non-white immigrants aren't interested in **[curling](http://www.curling.ca/)**...",1
742553,you're assuming i'm white because i have a viewpoint different from your own. that's prejudicial and racist.,1
836718,"""oh yeah mr. drew? well nigger gook african queen africoon afro-saxon ahab ahhh-jew ajh alabama porch monkey albino ame-koh americunt a merry cunt amerloque amo a-neh animali angie ang mor kwee antique farm equipment outdated farm machinery apple apu a-rab argie arkie armo asfalt asshol aunt jemima babaloo baboushka babtou bagel dog baguette bak gwai bakra balanda balki bambo bamboo coon banana banana bender bangla b.a.p. barbarian barbie bar code bbc bbcd beach nigger beaner bean-eater beastie boy benny beulah bhai bhaiya bhindi biafra biffo big mama big nose bigger thomas bihari billy boy bin-laden bint black pillar box black velvet blackamoor blackhead blad blatte blaxican blizzard blood bloodsuckers blueblood bluenose b.m.w. boat nigger boat niggers boat people boaties boat rowers boche bog trotter bog wog bög bogan bohunk bok gwai bolillo boofer boogie boong boonga boonie border jumper boris bøsser bounty bar bourneville boulevardier boy boy lover bozgor break-your-dick  briar brit brother brown eye brown paper bag brown sugar brownie brudas bubba bubble bubble butt buck buckeye buckwheat buddhahead buffalo soldier buford bule bumpkin burkha bitch burner burnt calamari rings burr-head burzhuy  bushie caflick caker camone camuga camel humper camel fucker camel jockey campbell bloody campbell campers can'ardly canetoad canuck caphead cappo capo cardboard nigger carpetbagger carpet pilot carlton carrot cruncher cashews casper cave bitch cbc celestial cerote chakh-chakh chalala chamar chapata chapat chapín charcoal brick briquet charlie charles chav cheese eating surrender monkeys cheese feet cheese-head  chekh  chekwa chernozhopiy  chicano chicken-shit chief chigger chig chilango chinaman ching-chong chink chocko chocolate drop chogee cholo chongo chango choong chopperflops choucroute chowie christ-killer chuchmek  chug' chukcha chukhonets chunk' chuntaro churka chyorny  cifut  cigan tsigannos  cioara claip clip-tip clog wog clover coal burner coca cochise cockroach coco coconut coconut nigger colorado beetle colored coloured conch conchy joe convict coolie coon coonass corkhead corn fed corn guzzler cosmopolite cotton picker cowboy cracker crauto crick-crick criminal crnjo crncuga crusader crucco cucaracha cuff culchie culture carrier culture creator culture destroyer curley curlie curl merchant curry muncher curry cygan czarnuch d4 da bi zi dago dagowop dahaati damnyankee darkie darky dark meat darkness dark-skinned desert nigger desi devil dogs diaper head dib didicoy dim sum ding dinge dink dirtbag dog eater dog muncher dogan dolf don donkey dot dot-head dot feather dresiarz dres duluk dukh  dumptruck dune coon dutch courage dutchman dwa dwb dwo egg eggplant egg roll dick eh hole elvis english english church ese eskimo essex girl ethnic eurofag european nigger euronazi europeon euro-spic eurotrash euro-weenies eye-talian eyetie faj falasha fap fatme fbi feather head feuj fender head fenian fib field nigger field slave fig eaters fig newton filippa finik  fischkopf fischkopp  fisheyes fish and chips fjord nigger flat-face flat-head flatlander flattie' flea flip fob fob f.o.b. fog-breather fop forby forest nigger fork franchute franzmann free stater frenchy fresno indian fritz frog froggie frog eater frog nibbler fucking black black fuck fuzzy buzzy wuzzy ga tsai gabacho gabardine stroking monkey gachupín gadjo gadji gaijin gandhi gator bait gavacho gay just english? geechie geep' geier' german candle german oven mitt ghati ghetto-fabulous ghost ghost ghost gicho jicho gin gina gino ginzo goatfucker goat roper goddams  godo goita goldberg goldie golliwogg goofy newfie gook goomba gorilla gorol goy goyisher kopf granola greaser greaseball grease monkey greasy wop great satan satan great white hope  greek grimace gringo groundskeeper willie guat gubba guero guido guinea gunga din gurbet guiri gwailo gyppo gypsy habib hairyback hajji hak gwai half-breed half-caste halfrican al halsuada hamburger heifer hamilton hanys haole howlie happy slave hapon harp hayseed hay seed hebe heeb heebo heinz 57 herm hessian hick high yellow yella hillbilly hindoo hitlerowiec hok gwai hooch cooch hoodwinker hook nose holy roller honger honky hop sing hori hoser house boy house nigger house slave hout al-hufa hun hungaro hunkie hymie heimy hymietown ice mutant ice nigger indian indian giver inbred incognegro indio injun inside out nigger instant asshole ireng irish curse irish gypsy irish tinker island ape inselaffe itacker i-tie iwan ivan jabonee jack mormon jackeen jafa jaffa jamairican jalapeno jap japo jap japse jatt-sikh jawa jerry jersey devil jew jewbacca jewbie jew boy jewgaboo jewford jewgene jewop jew yorker jiff jigaboo jig jigger jock john chinaman johnnie jok-bali jook-sing judeophile jugo jungle bunny jungle fever jyske kacap  kaffer kaffir kaka siah kakerlake kalla kaalu kalia kanake kani kano kappa kappa kappa kartoffeln kash root katsivelos katzenfresser keling khachik khokhol kibol kike kimchi kiwi klan bait knacker knife-nose kojangi kool smoker newport smoker kosher ghost kosher klansman kounty kountry klub kraut kugel kyoppo ladies from hell mad lamerikanets  langer lao wai lapp latke latka lebo leech leek eater left footer leprechaun leroy levee rat lewinsky light-skinned limey little brown fuck machine litvok long nose loogan lugan lumbee luo bo tou lysol macaque macaquito mackerel snapper maco maconie madinga madrasi mafioso makak maketo makhla malakas mall honky mallate malteeser mama mammy mammy woman  mandingo mangal mangia cake manne mara maria mario marocchino marrano mashed potatoes masshole master race matchstick mat salleh matzo baller mau-mau mavro m.a.w.p mayate med-wop meeskite meeshkite meneer merkin mexicans mexican't mississippi wind chime mick mickey mickey finn  million dollar nigger mit mingita mink mleccha mo' moe mohammedan mojado molly mormon mollywog molly wog monday money lender mongoloid monkey mookie mook moolie moon cricket moor moose moro moraco motisa mountain nigger mrs. simpson mudbone mud person mudslim mugabe mulatto mulignane mule munt muppet muppet mobile muselmann mutt muzzo naco nam'er nanman narrowback nasian natasha natascha natives nazi neger negrito negro neguinho neph newf newfie new york liberal nfn nickel nose nig nigger nigger heaven nigger lover nigger rich night fighter niglet nig-nog niknok nine-iron ninja ninny nip nish nordstrom rack north dallas 40 oaxaquilla occupation forces octoroon ofay okie ölauge one of the good ones opie cunningham the oppressor oreo oreo cookie oriental osama outsider oven dodger paddy patty pakeha paki paleface panface palongi pancake face pape papist paraíba pariah pasty white patel payo pea soup peckerwood pedigreed pedro pepé le pew pepsi pepper perker perp pickaninny pickaninnie pilgrim pied noir pikey piney ping-pong pi-po-pe pivete pizza man plastic paddy playing the white man pocho polack polock polaco polar bear polentone pom pohm pommy ponch pongo popolo porch honky porch monkey pork chop portagee portugee potato potato chugger potato eater potato queen powerpoint prairie nigger pretindian previously owned american priest fucker prod proddy proddy proddy dog psy punjab punjabi punk push start puraw quaker quadroon queue jumper quickie mart quintroon rab rabbit race traitor raghead raisinette raisin head rasta rat eater raton ratten fresser ravo red bone red indian redneck red sea pedestrian redskin reffo rhineland bastard ricardo ricky ricky ricardo ricain rican rice rice king queen rice nigger rice picker ritz cracker roast beef rosbif rock ape rockchopper rock spider rooinek rootless cosmopolitan round eye round hair rug pilot russki ryssä salvi sambo sand monkey sand nazi sand nigger sandpeople sandgroper sandy sangokujin sapphire sassenach saupreiß scanger scarecrow schlitzauge schwarzer schwoogie sconer scotch scumbag scummer scuro sea kaffir sep septic serv shaggy shaytan-e-bozorg sheygetz shaygetz sheenie sheepfucker sheepscrewer sheepshagger shiksa shina shine shiptar shit-kicker shit-skin shonk shonker shylock shyster sickle cell sid silverback sistah souljah sister skid front-wheel skids skinny skip skippy skunk slant-eye slit-eye slant slant-slash slapface slaphead slapped a yarmulke slave slave race slob slope slope head sluf sloppy smoked irish snip-tip snowbird snowback snow flake snowman snow mexican snow monkey snow nigger snozzo soap sons of abraham sons of heaven soul brother soul sister soutpiel soviet serviette space ghost spade spaghetti spaghettifresser spaghetti-bender spam eater spear-chucker spic spick spigger spigot spook sprout spudfucker spudlover spud-eater spud islander spyski squarehead stani statale stinker subhuman sub-human sudaca suicide bomber surrender monkey sushi sushi-dick sushi chugger svartskalle svenne swamp honky swamp nigger swamp rat sweaty szkop szwab taco nigger taffy taig tamtakos tarsh tattie teco teléfono terrone terrorist terrier tête carrée teuchter thai bride thanksgiving tico tim timber nigger tim tim hortons tinker tizzun tojo token tom tom nigger tomcat tommy tonto tootie topdeck toubab toucan sam towel gook towelhead trailer trash tschusch turban cowboy t.w.a. t.w.e. twinkie ugly american ugly european ugly singaporean uh-oh! oreo ukieor 'ukes unclean uncle tom uncle tonoose unevolved untermensch uryuk  urkel uzkoglazy  uzkoplenochniy  vanilla bean valsero velcro head vichy viet viet-coon vodka pisser vu cumprà vus-vus vut wagonburner wal boy wal girl walpeople wanabe scumbag wasp water buffalo watermelon eater welfare monkey welsh rarebit west brit wet wetback wetter wetback samoan watjela  weird beard westie westy white boy white-bread white cracker white devil white meat white negro white nigger white-tang white trash white wash whitey whopper wigger whigger wiglet wodka wadka wo fat wog wog officer wonder bread wop wop wrap head xarnego charnego x head yahoodi yehudon yank yankee yankee doodle yard ape yarpie yat yellow dog yellow fever yellow kid yellow menace yellow peril yenta yid yiddiot yid-lid yokel yoko yo-yo yuca yugo zambo zap zebra zekes zerg zezak zhid zig zigeuner zip zipperhead zog zoghal zot zupfer zveryok zyd.""",1
250591,"i know it's a joke, but when people say ""white peolple have bo culture"" they really mean ""white americans have no culture"" because nobody around the globe acts like white americans.",1
450398,"abbie    abe    abie    abc    abcd    abeed    abid    abbo    abo    african engineering    afro engineering    ali baba    alligator bait    ann    annamite    ape    apple    a-rab  arabush    armo    aunt jane    aunt jemima    aunt mary    aunt sally    ayrab    bamboula    banana    beaner    beaney    bluegum    boche    boeotian    boerehater    boer hater    boer-hater    bog irish    bogtrotter    bog-trotter    bohunk    bong    boong    boonga    boonie     bootlip      bosche    bosch    bougnoule    bounty bar    bozgor    brownie    buddhahead    bule    bung    bunga    burrhead    burr head    burr-head    cabbage eater    camel jockey    chankoro    charlie    chee-chee    cheese-eating surrender monkey    cheesehead    chefur    chernozhopy    chi-chi    chilote    chinaman    ching chong    chink      choc-ice    cholo    chonky    christ-killer    chug    chunger    chunky    churka    ciapak    ciapaty    cina    coconut    cokie    coolie    coon    coonass    coon-ass    cracker    crow    curry-muncher    cushi    dago    dal khor    darkey    darkie    darky    dego    dink    dogan    dogun    dot    dothead    dune coon    eight ball    eyetie    farang    fenian    feuj    flip    fob    fritz    frog    frogeater    froggy    fuzzy-wuzzy  gaijin    gammon    gans    gator bait    gin    ginzo    gipp    gippo    golliwog    gook    gook-eye    gooky    gora    goy    goyim    goyum    greaseball    greaser    gringo    groid    gub    gubba    guido    guizi    guinea    gwailo    gweilo    gyopo    gyp    gypo    gyppie    gyppo    gyppy    gypsy (sometimes)    hairyback    hadji    haji    hajji    half-breed    haole    hebe    heeb    hike    hillbilly    honkey    honkie    honky    hori    hun    hunk    hunky    hymie    ike    ikey    ikeymo    ikey-mo    iky    indon    injun    jakun    jap    japie    jerry    jewboy    jig    jigaboo    jigarooni    jigg    jigga    jiggabo    jigger    jijjiboo    jim crow    jock    jockie    jocky    jungle bunny    kacap    kacapas    kafer    kaffer    kaffir    kaffir boetie    kaffre    kalar    kanaka    kanake    kano    katsap    kebab    keling    kharkhuwa    khokhol    kike    kimchi    knacker    kolorad    kraut    kuffar    kushi    kwai lo    kyke    kyopo    labas    laowai    lebo    limey    lubra    lugan    mabuno    macaca    mahbuno    majus    malakh-khor    malaun    malon    malingsia    malingsial    malingsialan    mau-mau    mick    moolinyan    mooncricket    moon cricket    moskal    mulignan    mulignon    munt    mzungu    nawar    neche    neechee    neejee    nere    niakoué    nichi    nichiwa    nidge    nig    nigar    niger    nigette    nigga    niggah    niggar    nigger    nigger rigging    niggress    niggur    niglet    nignog    nig-nog    nip  nitchee    nitchie    nitchy    non-pri    northern monkey    nusayri    oláh    oreo    oven dodger    overner    paddy    pak    paki    palagi    paleface    pancake    pancake face    peckerwood    pepper    pepsi    pickaninny    piefke    piker    pikey    piky    plastic paddy    pocha    pocho    pohm    polack    polak    polaco    polentone    pom    pommie    pommie grant    pommy    porch monkey    portagee    prairie nigger    pshek    quashie    raghead    rastus    razakars    redlegs    redneck    redskin    roske    rosuke    rooinek    roto    roundeye    russki    rusnya    sambo    sand nigger    sassenach    sawney    scandihoovian    schvartse    schwartze    seppo    septic    sheeny    sheep shagger    shegetz    shelta    shiksa    shine    shiptar    shkije    shkutzim    shylock    sideways cooter    sideways pussy    sideways vagina    skinny    skip    skippy    skopianoi    slant    slant-eye    slope    slopehead    sloper    slopey    slopy    smoked irish    smoked irishman    soosmar-khor    sooty    southern faerie    southern fairy    soutpiel    spade    spearchucker    spic    spick    spig    spigotty    spik    spook    squarehead    squaw    swamp guinea    tacohead    taff    taffy    taig    tar baby (when used against black people, can also refer to a sticky situation)    teague    teapot    teg    teig    tenker    terrone    teuchter    thicklips    timber nigger    tincker   ting tong    tinkar    tinkard    tinker    tinkere    toad    tork-e khar  towel head    touch of the tar brush    turco-albanian    turk    turkalvanoi    twinkie    tyncar    tynekere    tynkard    tynkare    tynker    tynkere    ucrop    uncle tom    vatnik    wasp    west islander    wetback    whigger    wigga    wigger    white trash    whitey    wog    wop    xiao riben    yam yam    yank    yankee    yarpie    yellow    yid    yuon    zigabo    zip    zipperhead    ^^^^^^^(don't report me, please.)",1
995688,"i don't know. france always gets blamed for that stuff, because people can't accept french people can be black. at least here in poland, anyway.",1
807366,"earlier this week my friend was in town visiting, he went to the gas station to get cigs and had very bad timing as the gas station had just been robbed, when the police asked him for id he questioned them and that prompted them to tase him 3 times throw him to the fround and arrest him for obstructing justice, my friend is black, its fucked up that the cop is probably going to get away with this kind of behavior.",1
409050,really? because i am in pretty much the worst kind of pain at the moment.   so... anus - butt  arse - butt  arsehole - butt  ass - butt  ass-hat - idiot  ass-pirate - homosexual  assbag - idiot  assbandit - homosexual  assbanger - homosexual  assbite - idiot  assclown - butt  asscock - idiot  asscracker - butt  asses - butts  assface - butt  assfuck - rear-loving  assfucker - homosexual  assgoblin - homosexual  asshat - butt  asshead - idiot  asshole - jerk  asshopper - homosexual  assjacker - homosexual  asslick - idiot  asslicker - buttlicker  assmonkey - idiot  assmunch - idiot  assmuncher - butt  assnigger - racial slur  asspirate - homosexual  assshit - idiot  assshole - butt  asssucker - idiot  asswad - butt  asswipe - butt  back to top bampot - idiot  bastard - illegitimate child  beaner - mexican  bitch - female dog  bitchass - idiot  bitches - female dogs  bitchtits - homosexual  bitchy - mean  blow job - sexual act  blowjob - sexual act  bollocks - male genitalia  bollox - male genitalia  boner - erection  brotherfucker - homosexual  bullshit - poop  bumblefuck - homosexual  butt plug - cork  butt-pirate - homosexual  buttfucka - homosexual  buttfucker - homosexual  back to top camel toe - female genitalia  carpetmuncher - homosexual  chinc - chinese  chink - asian  choad - male genitalia  chode - small penis  clit - female genitals  clitface - idiot  clitfuck - sexual act  clusterfuck - mess up  cock - penis  cockass - jerk  cockbite - idiot  cockburger - idiot  cockface - idiot  cockfucker - idiot  cockhead - idiot  cockjockey - homosexual  cockknoker - homosexual  cockmaster - homosexual  cockmongler - homosexual  cockmongruel - homosexual  cockmonkey - idiot  cockmuncher - homosexual  cocknose - idiot  cocknugget - idiot  cockshit - idiot  cocksmith - homosexual  cocksmoker - homosexual  cocksucker - homosexual  coochie - female genitalia  coochy - female genitalia  coon - african american  cooter - vagina  cracker - caucasian  cum - semen  cumbubble - idiot  cumdumpster - prostitute  cumguzzler - homosexual  cumjockey - homosexual  cumslut - dirty girl  cumtart - idiot  cunnie - female genitalia  cunnilingus - sexual act  cunt - vagina  cuntface - idiot  cunthole - female genitalia  cuntlicker - homosexual  cuntrag - idiot  cuntslut - idiot  back to top dago - italian  damn - darn  deggo - italian  dick - penis  dickbag - idiot  dickbeaters - hands  dickface - idiot  dickfuck - idiot  dickfucker - homosexual  dickhead - phallace face  dickhole - male genitalia  dickjuice - semen  dickmilk - sperm  dickmonger - homosexual  dicks - penises  dickslap - sexual act  dicksucker - homosexual  dickwad - idiot  dickweasel - idiot  dickweed - idiot  dickwod - idiot  dike - homosexual  dildo - sexual toy  dipshit - idiot  doochbag - idiot  dookie - poop  douche - female hygene product  douche-fag - idiot  douchebag - female hygene accessory  douchewaffle - homosexual  dumass - idiot  dumb ass - idiot  dumbass - idiot  dumbfuck - idiot  dumbshit - idiot  dumshit - idiot  dyke - homosexual  back to top fag - homosexual  fagbag - homosexual  fagfucker - homosexual  faggit - homosexual  faggot - homosexual  faggotcock - homosexual  fagtard - homosexual idiot  fatass - a fat person  fellatio - sexual act  feltch - sexual act  flamer - homosexual  fuck - fornicate  fuckass - idiot  fuckbag - idiot  fuckboy - idiot  fuckbrain - idiot  fuckbutt - butt  fucked - had intercourse  fucker - fornicator  fuckersucker - idiot  fuckface - idiot  fuckhead - butt  fuckhole - jerk  fuckin - sexual act  fucking - freaking  fucknut - idiot  fucknutt - idiot  fuckoff - go away  fucks - sexual act  fuckstick - male genitalia  fucktard - moron  fuckup - idiot  fuckwad - idiot  fuckwit - dummy  fuckwitt - idiot  fudgepacker - homosexual  back to top gay - homosexual  gayass - butt  gaybob - homosexual  gaydo - homosexual  gayfuck - homosexual  gayfuckist - homosexual  gaylord - homosexual  gaytard - homosexual  gaywad - homosexual  goddamn - goshdarn  goddamnit - goshdarnit  gooch - female genitalia  gook - chinese  gringo - foreigner  guido - italian  back to top handjob - sexual act  hard on - erection  heeb - jewish person  hell - heck  ho - woman  hoe - woman  homo - homosexual  homodumbshit - idiot  honkey - white person  humping - sexual act  back to top jackass - idiot  jap - japanesse person  jerk off - masturbate  jigaboo - african american  jizz - semen  jungle bunny - african american  junglebunny - african american  back to top kike - jewish person  kooch - female genitalia  kootch - female genitalia  kunt - female genitalia  kyke - jewish person  back to top lesbian - homosexual  lesbo - homosexual  lezzie - homosexual  back to top mcfagget - homosexual  mick - irish  minge - female genitalia  mothafucka - jerk  motherfucker - mother lover  motherfucking - fornicating with mother  muff - female genitalia  muffdiver - homosexual  munging - sexual act  back to top negro - african american  nigga - african american  nigger - african american  niggers - african americans  niglet - african american child  nut sack - male genitalia  nutsack - male genitalia  back to top paki - pakistanien  panooch - femail genitalia  pecker - penis  peckerhead - idiot  penis - male genitalia  penisfucker - homosexual  penispuffer - homosexual  piss - urinate  pissed - urinated  pissed off - angry  pissflaps - female genitalia  polesmoker - homosexual  pollock - polish person  poon - female genitals  poonani - female genitalia  poonany - vagina  poontang - female genitalia  porch monkey - african american  porchmonkey - african american  prick - penis  punanny - female genitalia  punta - female dog  pussies - female genitalias  pussy - female reproductive organ  pussylicking - sexual act  puto - idiot  back to top queef - vaginal fart.  queer - homosexual  queerbait - homosexual  queerhole - homosexual  back to top renob - erection  rimjob - dirty sexual act  ruski - russian  back to top sand nigger - middle eastern  sandnigger - middle eastern  schlong - male genitalia  scrote - male genitalia  shit - poop  shitass - idiot  shitbag - idiot  shitbagger - idiot  shitbrains - idiot  shitbreath - bad breath  shitcunt - idiot  shitdick - idiot  shitface - pooface  shitfaced - drunk  shithead - jerk  shithole - idiot  shithouse - bathroom  shitspitter - butt  shitstain - poop  shitter - defecator  shittiest - worst  shitting - pooping  shitty - bad  shiz - poop  shiznit - poop  skank - dirty girl  skeet - semen  skullfuck - sexual act  slut - sexually popular woman  slutbag - sexually popular woman  smeg - poop  snatch - female genitalia  spic - mexican  spick - mexican american  splooge - ejaculate  back to top tard - mentally challenged  testicle - male genitalia  thundercunt - idiot  tit - breast  titfuck - sexual act  tits - breasts  tittyfuck - sexual act  twat - female genitals  twatlips - idiot  twats - vaginas  twatwaffle - homosexual  back to top unclefucker - homosexual  back to top va-j-j - female genitalia  vag - femail genitalia  vagina - female genitalia  vjayjay - female genitalia  back to top wank - sexual act  wetback - mexican  whore - hussy  whorebag - idiot  whoreface - idiot  wop - italian   .............................. nope. still fill like ultimate crap.,1
491777,"&gt;because bush has received little support from african american voters, he has little obvious political incentive for his interest.  funny, because when i think of the stereotypical person who wants to increase support to africa, africa-americans voters don't come to mind.",1
686238,do you guys have a lot of black people?,1
692072,"let's count the ways your comment is bullshit:  1. i never claimed anyone was ""oppressing"" me.  2. i never blamed non-whites for anything.  3. i never claimed that non-whites were forcing white countries - and only white countries - into accepting mass immigration.",1
335012,abbie 🔨🌝🚩 abe 🚩🔨🌝 abie  abc  abcd  abid/abeed  abo/abbo  afro engineering 3️⃣1️⃣ african engineering or nigger rigging  ah chah  ali baba  alligator bait / gator bait  alpine serb  ang mo  ann  annamite 🐊🐍🦇 mites  ape  apple  arabush / aravush (ערבוש)  argie/argies  armo  aseng  ashke-nazi (אשכנאצי)  aunt jemima/aunt jane/aunt mary/aunt sally  bamboula  balija  banana  barbarian  beaner / beaney  bluegum  boche / bosche / bosch  boeotian  boerehater / boer-hater / boer hater  bog / bogtrotter / bog-trotter  bohunk  bong  boong / bong / bung  boonga / boong / bunga / boonie  bootlip  bougnoule  bounty bar  bozgor  brownie  buddhahead  buckra 🍌🍅 bakra  bule  burrhead / burr-head / burr head  cabbage eater  camel jockey  carcamano  chankoro  chee-chee ➖ chi-chi  cheesehead  cheese-eating surrender monkey  chefur (čefur)  chernozhopy  chilote  ching chong  chinaman  chink  chinky  chonky  christ-killer  choc-ice  chug  chukhna  churka  ciapaty 🧀🍌 ciapak  cina/cokin  coconut  coolie  coon  coonass 🍌🍒 coon-ass  cracker  crow  crucco  curry-muncher  cushi 🍆🥩 kushi (כושי)  dago 🔄💊 dego  dal khor  darky / darkey / darkie  dhoti  dink  dogan 1️⃣2️⃣ dogun  dothead 💢🔍🔨 dot  dune coon  eight ball 🎱 8ball  eyetie  fenian  feuj (verlan for juif)  fjellabe  flip  fritz 🔄1️⃣ fricc 👾🔫 fryc 🔨 фриц 👾🔫 fricis  frog 🐸 froggy 🐊🔨🐭 frogeater  fuzzy-wuzzy  gabacho  gaijin (外人)  gammon  gans (ганс)  gin  gin jockey  godon  golliwog  golliwog  goombah  gora  goy 🍸🥃 goyim 🔨🌝 goyum  grago 🚩 gragok (shrimp)  greaseball 🥩🍅 greaser  gringo  groid  gub 🔄 gubba  guiri  guizi (鬼子)  guido 🔄1️⃣ guidette  guinea 🤪🌝 ginzo  gusano  gweilo 🔄💢🤓 gwailo 👾🔫🔍 kwai lo (鬼佬)  gwer  gyopo 🔄🍉🍭 kyopo (교포)  gypsy 🎮💊 gyppo 🔨 gippo 👾 gypo 👾🔫 gyppie 👾🔫 gyppy 👾 gipp  hairyback  hajji 🔄💢🥀 hadji 🔨🌝 haji  half-breed  haole  heeb 🔄1️⃣ hebe  hick  hike  hillbilly  honky 🔄🍂 honkey 👾🔫 honkie  hori  hun  hunky 🔄 hunk  hymie  ikey / ike / iky  ikey-mo / ikeymo  indon  indognesial / indonesial  inyenzi  injun  jakun  jap  japie 1️⃣ yarpie  jerry  jewboy  jigaboo 💊🦇 jiggabo 👾🔫🔍 jigarooni 👾🔫🔍 jijjiboo 👾🔫🔍 zigabo 👾 jig 👾🔫🔍 jigg 👾🔫 jigger  jidan  jim crow  jock ⚡🔌🔛 jocky 👾🔫🔍 jockie  jungle bunny  kaew  kaffir 🐇🐢🐄 kaffer 👾🔫 kaffir 👾 kafir 👾 kaffre 👾🔫 kuffar  kaffir boetie  kalar  kalia 🔄3️⃣ kalu 🔨 kallu  kanaka  kanake  kano  katsap or kacap or kacapas  kaouiche 1️⃣❌ kawish  kebab  keling  kharkhuwa  khokhol  kike or kyke  kimchi  knacker  kolorad  kraut  labas  laowai 老外  lebo 🥤🍣🍗 leb  limey  locust (蝗蟲)  londo  lubra  lugan  mabuno/mahbuno  mayonnaise monkey  macaca  majus (مجوس)  malakh-khor (ملخ خور)  malaun  malon  malingsia / malingsial / malingsialan  mangal / mango / mangasar  marokaki (מרוקקי)  mau-mau  mayate  mick  mocro  mof (singular)  moffen (plural)  momo/momos  moskal 3⃣3️⃣1️⃣ москаль 👾🔫 маскаль 👾 moskal 👾🔫🔍 moskowiter  mountain turk  mulignan/mulignon/moolinyan  munt  nawar  nere  niakoué  niglet  nig-nog or nignog  nigger / niger / nig / nigor / nigra / nigre / nigar / niggur / nigga / niggah / niggar / nigguh / niggress / nigette / neger  nigger toe  nip  nitchie / neche / neechee / neejee / nichi / nichiwa / nidge / nitchee / nitchy  non-pri 🔻1️⃣5️⃣ from non-pribumi  northern monkey  nusayri  ofay  oláh  oreo  oven dodger  overner  paddy  paki 🐒🍌🐴 pakkis 🔨 pak  palagi  paleface  pancake face 🥞🍰 pancake  pastel de flango  peckerwood  pepper or pepsi  petrol sniffer  pickaninny  piefke  pikey / piky / piker  plastic paddy  pocho / pocha  polack 🥞☕ polak 🔨🌝🚩 polock  polaco  polentone  pom 🔄 pohm 🔨🌝🚩 pommy 🔨 pommie 🔨🌝 pommie grant  porch monkey  porridge wog  portagee  potet  prairie nigger  prod  pshek  quashie  raghead  rastus  razakars  redlegs  redskin  roske 🐒 roske  rooinek  roto  roundeye  russki  sambo  sand nigger  sassenach  sawney  scandihoovian  seppo 🥤 septic  schvartse 🍊🐷 schwartze  sheboon  sheeny  sheep shagger  shelta  shiksa (female) 🐑🍿🐷 shegetz (male)  shine  shkije  shkutzim  shkutor 🔄⭕ škutor  shylock  sideways vagina/pussy/cooter  skinny  skopianoi  skip 🤔 skippy  slant 🌝🚩 slant–eye  slope 🔒✔ slopehead 👾🔫 slopy 👾 slopey 👾 sloper  snowflake  snow nigger  smoked irish/smoked irishman  soosmar-khor: (سوسمار خور)  sooty  southern faerie ❄️❄⛄ southern fairy  soutpiel  spade  spearchucker  spic 🌑 spick 👾 spik 👾🔫 spig 👾🔫 or spigotty  spook  squarehead  squaw  swamp guinea  tacohead  taffy or taff  taig 👹💩👿 teague 🚩👀😅 teg 🔨🌝🚩 teig  tanka  tar-baby  teapot  terrone  teuchter  thicklips  tibla  timber nigger  ting tong  tinker / tynekere / tinkere / tynkere 1️⃣ -are / tynker / tenker / tinkar / tyncar / tinkard / tynkard / tincker  toad  towel head  touch of the tar brush  turco-albanian  turk  twinkie  ukrop  uncle tom  vatnik 🎮 vatnyk 🔨 vata  veneco  wagon burner  wasi'chu 🔨✔️ wasichu  west brit  wetback  white ears  white interloper  wigger / whigger / wigga  winklestain / winkley  white trash  whitey  wog  wop  xiao riben  yam yam  yanacona  yank  yankee  yellow  yellow bone  yid  yuon  zip ➖3️⃣ zipperhead  zhyd 🚩 zhid 👾🔫 zhydovka 👾🔫🔍 zhidovka  bugger  cocksucker  motherfucker  cuntboy  khanith  shemale  tranny  angry white man  beta male (slang)  black buck  bubba  dick (slang)  dickhead  ergi  fruit (slang)  gammon (insult)  girlie men  himbo  lothario  lounge lizard  mother's boy  neckbeard (slang)  prick (slang)  simp  sissy  soy boy  twink (gay slang)  battle-axe (woman)  becky (slang)  bimbo  bitch (slang)  boseulachi  cat lady  cock tease  crone  cunt  doenjang girl  dog poop girl  dyke (slang)  essex girl  fag hag  feminazi  floozie  gold digger  hag  harpy  karen (pejorative)  kyōiku mama  loosu ponnu  miss ann  nakusha  pick me (slang)  queen bee (sociology)  shemale  shrew (stock character)  slut  spinster  squaw  suzy homemaker  termagant  trophy wife  twat  virago  wags  welfare queen  whore  batty boy  dyke (slang)  fag bomb  faggot (slang)  homintern  queen (slang)  sea queens  bible beater  bible thumper  cafeteria christian  fundie  god botherer  rice christian/ricebag   campbellite  holy roller  jaffa  orangie  prod 💊 proddy dog   russellite  shaker  soup-taker  spike  left-footer  fenian  mackerel snapper  mick  papist  red letter tribe  redneck  roman catholic  shaveling  taig  mormon  molly mormon  jack mormon  abbie 🩸🍅 abe 🚩🔨🌝 and abie  heeb 🔨 hebe   hymie  ikey 🔄💢🤓 ike 👾🤓 ik  ikey-mo 🧐 ikeymo  jewboy  kike  mocky 🔄 moky 👾🔫 moxy 👾🔫 mockey 👾 mockie 👾 mocky  moch   red sea pedestrian   sheeny  shylock  yakubian  yid  zhyd 🚗🚙 zhid 👾🔫🔍 zhydovka 👾🔫 zhidovka  mussie  quran thumper  hajji 🚩🥀 haji or hodgie  mohammedan  raghead 💊🔄 towelhead  osama  clam  giaour  heathen  infidel  kaffir  pagan  shiksa (female) 💊⭕🚬 shegetz (male)  cult 💩 cultist 🔨🚩🌝,1
827714,well he's a white male so that might be enough to some people. respect doesn't rely on oppression though,1
953324,"abbie, abe, abie  abc  abcd  abid/abeed  abo/abbo  afro engineering, african engineering or nigger rigging  ali baba  alligator bait / gator bait  ang mo  ann  annamite  ape  apple  arabush (ערבוש)  armo  aseng  aunt jemima / aunt jane / aunt mary / aunt sally  ayrab/a-rab  bamboula  balija  banana  beaner / beaney  bluegum  boche / bosche / bosch  boeotian  boerehater / boer-hater / boer hater  bog irish / bogtrotter / bog-trotter  bohunk  boong / bong / bung  boonga / boong / bunga / boonie  bootlip  bougnoule  bounty bar  bozgor  brownie  buddhahead  buckra, bakra  bule  burrhead / burr-head / burr head  cabbage eater  camel jockey  carcamano  chankoro  charlie  chee-chee, chi-chi  cheesehead  cheese-eating surrender monkey  chefur (čefur)  chernozhopy  chilote  ching chong  chinaman  chink  chinky  chonky  christ-killer  choc-ice  cholo  chug  chukhna   churka чурка  ciapaty or ciapak  cina/cokin  coconut  coolie  coon  coonass, or coon-ass  cracker  crow  curry-muncher  cushi, also spelled kushi (כושי)  dago, dego  dalit  dal khor  darky / darkey / darkie  dink  dogan, dogun  dothead, dot  dune coon  eight ball  eyetie  farang  fenian  feuj  flip  fritz  frog, froggy, frogeater  fuzzy-wuzzy  gabacho  gaijin  gammon   gans   gin  gin jockey  golliwog  gook, gook-eye, gooky  goy, goyim, goyum  grago or gragok (shrimp)  greaseball, greaser  gringo  groid  gub, gubba  guiri  guizi  guido  guinea, ginzo  gweilo, gwailo, or kwai lo (鬼佬)  gyopo, kyopo (교포)  gypsy, gyppo, gippo, gypo, gyppie, gyppy, gipp  hairyback  hajji, hadji, haji  half-breed  haole  heeb, hebe  hick  hike  hillbilly  honky also spelled ""honkey"" or ""honkie""  hori  hun  hunky, hunk  hymie  ikey / ike / iky  ikey-mo / ikeymo  indon  indognesial / indonesial  inyenzi  injun  jakun  jap  japie, yarpie  jerry  jewboy  jigaboo, jiggabo, jigarooni, jijjiboo, zigabo, jig, jigg, jigga, jigger  jim crow  jock, jocky, jockie  jungle bunny  kaffir, kaffer, kaffir, kafir, kaffre, kuffar  kaffir boetie  kalar  kalia, kalu, kallu  kanaka  kanake  kano  katsap or kacap or kacapas  kaouiche or kawish  kebab  keling  kharkhuwa  khokhol   kike or kyke  kimchi  knacker  kolorad  kraut  labas  laowai 老外  lebo, leb  limey  locust (蝗蟲)  lubra  lugan  mabuno/mahbuno  madrasi  mayonnaise monkey  macaca  majus (مجوس)  malakh-khor (ملخ خور)  malaun  malon  malingsia / malingsial / malingsialan  mangal / mango / mangasar   mau-mau  mayate  mick  momo/momos  moon cricket/mooncricket  mormon  moskal  mountain turk  mulignan/mulignon/moolinyan  munt  mzungu  nawar  nere   niakoué  niglet  nig-nog or nignog  nigger / niger / nig / nigor / nigra / nigre (caribbean) / nigar / niggur / nigga / niggah / niggar / nigguh / niggress / nigette  nip  nitchie / neche / neechee / neejee / nichi / nichiwa / nidge / nitchee / nitchy  non-pri, from non-pribumi  northern monkey  nusayri  ofay  oláh  oreo  oven dodger  overner  paddy  paki, pakkis, pak  palagi  paleface  pancake face, pancake  pastel de flango  peckerwood  pepper or pepsi  petrol sniffer  pickaninny  piefke  pikey / piky / piker  plastic paddy  pocho / pocha  polack, polak, polock  polaco  polentone  pom, pohm, pommy, pommie, pommie grant  porch monkey  portagee  potet  prairie nigger  prod  pshek  quashie  raghead  rastus  razakars  redlegs  redneck  redskin  rosuke, roske  rooinek  roto  roundeye  russki  rusnya  sambo  sand nigger  sassenach  sawney  scandihoovian  seppo, septic  schvartse, schwartze  sheeny  sheep shagger  shegetz  shelta  shiksa (yiddish)  shine  shiptar (šiptar)  shkije  shkutzim (yiddish, plural)  shylock  sideways vagina/pussy/cooter  skinny  skopianoi  skip, skippy  slant, slant–eye  slope, slopehead, slopy, slopey, sloper  snow nigger  smoked irish / smoked irishman  soosmar-khor  sooty  lizard eater  southern faerie, southern fairy  soutpiel  spade  spearchucker  spic, spick, spik, spig, or spigotty  spook  squarehead  squaw  swamp guinea  tacohead  taffy or taff  taig (also teague, teg and teig)  tar-baby  teapot  terrone  teuchter  thicklips  timber nigger  ting tong  tinker / tynekere / tinkere / tynkere, -are / tynker / tenker / tinkar / tyncar / tinkard / tynkard / tincker  toad  towel head  touch of the tar brush  turco-albanian  turk  twinkie  ukrop  uncle tom  vatnik  wagon burner   wasi'chu or wasichu  west brit  white ears  white interloper  west islander  wetback  wigger / whigger / wigga (white nigger)  white trash  whitey  wog  wop  xiao riben  yam yam  yanacona  yank  yankee  yellow  yellow bone  yid  yuon  zip, zipperhead",1
330706,"i think the ones about gods being a projection of ourselves or man creating god in his own image are fine hypotheses.  we can be pretty certain that jesus was not white like he is often portrayed by many people who are white.  there is nothing wrong with these points and if you are offended you are being too sensitive.  some of those comments are snarky and/or do not address the op's question, but some of them are children comments that are not directed toward the op and every thread in every subreddit has people posting harsh comments with little value.  that is what the downvote is for.  i think solid beliefs can handle the wolves without getting too stressed.   ask yourself what it is about your beliefs that need to be protected from immature people on the internet?  reddit has a good group of commenters that overall outweigh the crappier ones.  i say post your thoughts and beliefs, defend them, and downvote the people who do not add towards productive discourse.",1
572118,ah yes thank you for yet again proving my point that butt hurt white people love to invalidate poc issues,1
363480,"i wonder how many people downvoting are offended white people who think the op is from stormfront. if you're anything but white, you know that this is just the way of the world.",1
155007,"**a list of every racial slur:**  abbie, abe, abie  abc  abcd  abid/abeed  abo/abbo  afro engineering, african engineering or nigger rigging  ali baba  alligator bait / gator bait  ang mo  ann  annamite  ape  apple  arabush **(ערבוש)**  armo  aseng  aunt jemima / aunt jane / aunt mary / aunt sally  ayrab/a-rab  bamboula  balija  banana  beaner / beaney  bluegum  boche / bosche / bosch  boeotian  boerehater / boer-hater / boer hater  bog irish / bogtrotter / bog-trotter  bohunk  boong / bong / bung  boonga / boong / bunga / boonie  bootlip  bougnoule  bounty bar  bozgor  brownie  buddhahead  buckra, bakra  bule  burrhead / burr-head / burr head  cabbage eater  camel jockey  carcamano  chankoro  charlie  chee-chee, chi-chi  cheesehead  cheese-eating surrender monkey  chefur (čefur)  chernozhopy  chilote  ching chong  chinaman  chink  chinky  chonky  christ-killer  choc-ice  cholo  chug  chukhna   churka чурка  ciapaty or ciapak  cina/cokin  **coconut**  coolie  coon  coonass, or coon-ass  cracker  crow  curry-muncher  cushi, also spelled kushi (כושי)  dago, dego  dalit  dal khor  darky / darkey / darkie  dink  dogan, dogun  dothead, dot  dune coon  eight ball  eyetie  farang  fenian  feuj  flip  fritz  frog, froggy, frogeater  fuzzy-wuzzy  gabacho  gaijin   gammon   gans   gin  gin jockey  golliwog  gook, gook-eye, gooky  goy, goyim, goyum  grago or gragok (shrimp)  greaseball, greaser  gringo  groid  gub, gubba  guiri  guizi  guido  guinea, ginzo  gweilo, gwailo, or kwai lo (鬼佬)  gyopo, kyopo (교포)  gypsy, gyppo, gippo, gypo, gyppie, gyppy, gipp  hairyback  hajji, hadji, haji  half-breed  haole  heeb, hebe  hick  hike  hillbilly  honky also spelled ""honkey"" or ""honkie""  hori  hun  hunky, hunk  hymie  ikey / ike / iky  ikey-mo / ikeymo  indon  indognesial / indonesial  inyenzi  injun  jakun  jap  japie, yarpie  jerry  jewboy  jigaboo, jiggabo, jigarooni, jijjiboo, zigabo, jig, jigg, jigga, jigger  jim crow  jock, jocky, jockie  jungle bunny  kaffir, kaffer, kaffir, kafir, kaffre, kuffar  kaffir boetie  kalar  kalia, kalu, kallu  kanaka  kanake  kano  katsap or kacap or kacapas  kaouiche or kawish  kebab  keling  kharkhuwa  khokhol   kike or kyke  kimchi  knacker  kolorad  kraut  labas  laowai 老外  lebo, leb  limey  locust (蝗蟲)  lubra  lugan  mabuno/mahbuno  madrasi  mayonnaise monkey  macaca  majus (مجوس)  malakh-khor (ملخ خور)  malaun  malon  malingsia / malingsial / malingsialan  mangal / mango / mangasar   mau-mau  mayate  mick  momo/momos  moon cricket/mooncricket  mormon  moskal  mountain turk  mulignan/mulignon/moolinyan  munt  mzungu  nawar  nere   niakoué  niglet  nig-nog or nignog  nigger / niger / nig / nigor / nigra / nigre (caribbean) / nigar / niggur / nigga / niggah / niggar / nigguh / niggress / nigette  nip  nitchie / neche / neechee / neejee / nichi / nichiwa / nidge / nitchee / nitchy  non-pri, from non-pribumi  northern monkey  nusayri  ofay  oláh  oreo  oven dodger  overner  paddy  paki, pakkis, pak  palagi  paleface  pancake face, pancake  pastel de flango  peckerwood  pepper or pepsi  petrol sniffer  pickaninny  piefke  pikey / piky / piker  plastic paddy  pocho / pocha  polack, polak, polock  polaco  polentone  pom, pohm, pommy, pommie, pommie grant  porch monkey  portagee  potet  prairie nigger  prod  pshek  quashie  raghead  rastus  razakars  redlegs  redneck  redskin  rosuke, roske  rooinek  roto  roundeye  russki  rusnya  sambo  sand nigger  sassenach  sawney  scandihoovian  seppo, septic  schvartse, schwartze  sheeny  sheep shagger  shegetz  shelta  shiksa (yiddish)  shine  shiptar (šiptar)  shkije  shkutzim (yiddish, plural)  shylock  sideways vagina/pussy/cooter  skinny  skopianoi  skip, skippy  slant, slant–eye  slope, slopehead, slopy, slopey, sloper  snow nigger  smoked irish / smoked irishman  soosmar-khor  sooty  lizard eater  southern faerie, southern fairy  soutpiel  spade  spearchucker  spic, spick, spik, spig, or spigotty  spook  squarehead  squaw  swamp guinea  tacohead  taffy or taff  taig (also teague, teg and teig)  tar-baby  teapot  terrone  teuchter  thicklips  timber nigger  ting tong  tinker / tynekere / tinkere / tynkere, -are / tynker / tenker / tinkar / tyncar / tinkard / tynkard / tincker  toad  towel head  touch of the tar brush  turco-albanian  turk  twinkie  ukrop  uncle tom  vatnik  wagon burner   wasi'chu or wasichu  west brit  white ears  white interloper  west islander  wetback  wigger / whigger / wigga (white nigger)  white trash  whitey  wog  wop  xiao riben  yam yam  yanacona  yank  yankee  yellow  yellow bone  yid  yuon  zip, zipperhead",1
647569,"annnddd wiithin the us.  tuskeegee experiments gave blacks syphilis and then gave them placebos instead of real medicine, killing many innocents.",1
685663,"why is it a reasonable assumption? have there been a lot of mosque arsons in texas perpetrated by white hillbilly christians? when were the last, say, two?",1
556852,if you'd like more i can do an export of them all    * abba-dabba * abi-dabi * africoon * alpha nigger * ame-koh * amerikkkan * american't * americunt * ape candy * bagel dog * bamboo coon * bananame * bandwidth nigger/whore * banjo lips * bat-gwai/bai-guei * beach-nigger * bead rattler * bean dipper * bic-needer * bird turd * biscuit lip * black barbie * blackie * blood sucker * blue-eyed devil * bo-bo * bobblehead * bootlip * border bandit * border bunny * buck/buck nigger * buckethead * buddhahead * bukakke warrior * bukkakese * burnt cracker * bushnigger * canigger * carpet pilot * casper the unfriendly ghost * caucasianally- challenged * chain dragger * cheap labor * chernozhopyi * ching-chong * chinkaboo * christ killer * christ-killer * cock-asian * coontang * cowfuck * criminal factory * crotchless pants * dagowop * dicksuckinflog * dingo fucker * dot-head * dried shit * dyke-jumper * eurinal * eurotrash * extra crispy * fakey jamaikey * fence-hopper * fili cheese steak * filthy pino * fountain swimmer * fur licker * german oven mitt * ghost rider * goatbanger * goldfish monger * gong fei * gookemon * gorilla head * grasshopper        -grasshopper * gravelbellies * guttermonkey * half-dick * half-human * hankee yankee * harbor-bomber * hentai * holy shit * hurammi * jackamammy * japansy * jesus killer * jew killer * jewgaboo * jewpidity * jig and a pig * leprecoon * lice-nester * little brown buddy * mau-mau * mexcrement * mountain monkey * neanderthal        -neanderthal man        -homo sapiens neanderthalensis        -boorish        -clownish        -loutish        -oafish        -neanderthalian * negro        -black        -black person        -blackamoor        -negro        -negroid        -negro * negroid        -black        -black person        -blackamoor        -negro        -negroid        -negroid * niggapotomous * nigger digger * nigger magnet * nightcrawler        -earthworm        -angleworm        -fishworm        -fishing worm        -wiggler        -nightwalker        -nightcrawler        -dew worm        -red worm * nippopotomus * noodle nigger * norbagge * nordstrom rack * oil slick * old brown tucker * pakoniggy * pastyface * peanut butter brother * peckerwood * penny chaser * perm sperm * petrol sniffers * pez dispenser * pickaninny        -pickaninny        -piccaninny        -picaninny * porch monkey * portugoose * potato breath * pumpkinhead * red monkey * rifle-dropper * rjeindeer-fjucker * salt-prick * sand flea * sand scratcher * scheiss-ami * shackle dragger * shit slinger * shit-eater * skippy poofter * slave ships * snicker licker * soap dodger * space ghost * speed demon * spicaninny * surrender-monkey * swamp yankee * tnt        -tnt        -trinitrotoluene * thick mick * thing-a-manigger * tomahawk-chucker * turkey sandwich * umlungu * urban turban * walking carpet * wankster * washisho * weegies * welfare mother * welsher        -welcher        -welsher * whiskey tango * white devil * white trash hnoeys * white-wash * whiteflagger * whitetrash * wool head * yahoodi * yang guizi * yellow cab * yiddiot * zeb * zhidan * black babes * black chicks * blackhead        -blackhead        -comedo * boat niggers * bog trotter * cafflick * camel jockey * caphead * cardboard nigger * ching chong * cotton picker * didicoy * dog muncher * dune coon * fag hag * fart knocker * franchute * fuckface * fuckoff * ghetto monkey * gwailo or gweilo * hillbilly        -hillbilly        -bushwhacker        -country(a)        -folk(a)        -western(a) * ice mutant * lesbo * mall honky * moon cricket * mud person * muff diver * nig-nog * niknok * pickaninnie * porch honky * prairie nigger * raghead * redneck        -redneck        -cracker * rock ape * rock spider * rootless cosmopolitan * rug pilot * sand nazi * sand monkey * sand nigger * sheepfucker * sheepscrewer * sheepshagger * sheister * shit-stabber * shitkicker * slapface * snowback * spear-chucker * squarehead * swamp honky  * towelhead * tranny * welfare monkey * yellow peril,1
863474,"why do you say ""white rights"" groups are dangerous? either all ethnic rights groups are dangerous, or none of them are. that is equality. what you are advocating is discrimination based on ethnicity, which is the reason people have been exploited in the first place!  whether or not the agenda of this ""white rights"" caucus might terrible, it should be judged on it's own merits, not based on the history we are trying to move away from.",1
821522,nigga you best be trollin! (why are we all calling you nigga?),1
847145,"riiight...  labels like ""negro"" and ""colored person"" are so demeaning. so much so that longtime organizations still have those terms in their names (naacp, negro league baseball). and the term ""black"" is so demeaning today that every politician is scared of being called a racist by uttering. yet 20 years ago an african-american was simply someone who's parent(s) was born in africa, and blacks were demanding to be called ""blacks"" instead of ""negros"".  oh yes, and then there's ""nigger"". a word white people are so scared of that they won't even say ""niggardly"", a perfectly un-racial word, lest some ignorant black person get offended and cause the white person to get fired. yet black people throw around in regular, public conversation as an enduring term.  yes, the problem is definitely labels and words keeping people down. perhaps we should just blot them out of every dictionary.",1
833317,that's not right.  as far as i'm concerned brainwashedsociety2 was always the best brainwashedsociety.  you're just a pale imposter.,1
702420,"abbie   abe   abie   abc   abcd   abeed   abid   abbo   abo   african engineering   afro engineering   ali baba   alligator bait   ann   annamite   ape   apple   a-rab arabush   armo   aunt jane   aunt jemima   aunt mary   aunt sally   ayrab   bamboula   banana   beaner   beaney   bluegum   boche   boeotian   boerehater   boer hater   boer-hater   bog irish   bogtrotter   bog-trotter   bohunk   bong   boong   boonga   boonie    bootlip     bosche   bosch   bougnoule   bounty bar   bozgor   brownie   buddhahead   bule   bung   bunga   burrhead   burr head   burr-head   cabbage eater   camel jockey   chankoro   charlie   chee-chee   cheese-eating surrender monkey   cheesehead   chefur   chernozhopy   chi-chi   chilote   chinaman   ching chong   chink     choc-ice   cholo   chonky   christ-killer   chug   chunger   chunky   churka   ciapak   ciapaty   cina   coconut   cokie   coolie   coon   coonass   coon-ass   cracker   crow   curry-muncher   cushi   dago   dal khor   darkey   darkie   darky   dego   dink   dogan   dogun   dot   dothead   dune coon   eight ball   eyetie   farang   fenian   feuj   flip   fob   fritz   frog   frogeater   froggy   fuzzy-wuzzy gaijin   gammon   gans   gator bait   gin   ginzo   gipp   gippo   golliwog   gook   gook-eye   gooky   gora   goy   goyim   goyum   greaseball   greaser   gringo   groid   gub   gubba   guido   guizi   guinea   gwailo   gweilo   gyopo   gyp   gypo   gyppie   gyppo   gyppy   gypsy (sometimes)   hairyback   hadji   haji   hajji   half-breed   haole   hebe   heeb   hike   hillbilly   honkey   honkie   honky   hori   hun   hunk   hunky   hymie   ike   ikey   ikeymo   ikey-mo   iky   indon   injun   jakun   jap   japie   jerry   jewboy   jig   jigaboo   jigarooni   jigg   jigga   jiggabo   jigger   jijjiboo   jim crow   jock   jockie   jocky   jungle bunny   kacap   kacapas   kafer   kaffer   kaffir   kaffir boetie   kaffre   kalar   kanaka   kanake   kano   katsap   kebab   keling   kharkhuwa   khokhol   kike   kimchi   knacker   kolorad   kraut   kuffar   kushi   kwai lo   kyke   kyopo   labas   laowai   lebo   limey   lubra   lugan   mabuno   macaca   mahbuno   majus   malakh-khor   malaun   malon   malingsia   malingsial   malingsialan   mau-mau   mick   moolinyan   mooncricket   moon cricket   moskal   mulignan   mulignon   munt   mzungu   nawar   neche   neechee   neejee   nere   niakoué   nichi   nichiwa   nidge   nig   nigar   niger   nigette   nigga   niggah   niggar   nigger   nigger rigging   niggress   niggur   niglet   nignog   nig-nog   nip nitchee   nitchie   nitchy   non-pri   northern monkey   nusayri   oláh   oreo   oven dodger   overner   paddy   pak   paki   palagi   paleface   pancake   pancake face   peckerwood   pepper   pepsi   pickaninny   piefke   piker   pikey   piky   plastic paddy   pocha   pocho   pohm   polack   polak   polaco   polentone   pom   pommie   pommie grant   pommy   porch monkey   portagee   prairie nigger   pshek   quashie   raghead   rastus   razakars   redlegs   redneck   redskin   roske   rosuke   rooinek   roto   roundeye   russki   rusnya   sambo   sand nigger   sassenach   sawney   scandihoovian   schvartse   schwartze   seppo   septic   sheeny   sheep shagger   shegetz   shelta   shiksa   shine   shiptar   shkije   shkutzim   shylock   sideways cooter   sideways pussy   sideways vagina   skinny   skip   skippy   skopianoi   slant   slant-eye   slope   slopehead   sloper   slopey   slopy   smoked irish   smoked irishman   soosmar-khor   sooty   southern faerie   southern fairy   soutpiel   spade   spearchucker   spic   spick   spig   spigotty   spik   spook   squarehead   squaw   swamp guinea   tacohead   taff   taffy   taig   tar baby (when used against black people, can also refer to a sticky situation)   teague   teapot   teg   teig   tenker   terrone   teuchter   thicklips   timber nigger   tincker   ting tong   tinkar   tinkard   tinker   tinkere   toad   tork-e khar towel head   touch of the tar brush   turco-albanian   turk   turkalvanoi   twinkie   tyncar   tynekere   tynkard   tynkare   tynker   tynkere   ucrop   uncle tom   vatnik   wasp   west islander   wetback   whigger   wigga   wigger   white trash   whitey   wog   wop   xiao riben   yam yam   yank   yankee   yarpie   yellow   yid   yuon   zigabo   zip   zipperhead    ^^^^^^^(don't report me, please.)",1
321166,"abbie, abe, abie  abc  abcd  abid/abeed  abo/abbo  afro engineering, african engineering or nigger rigging  ali baba  alligator bait / gator bait  ang mo  ann  annamite  ape  apple  arabush (ערבוש)  armo  aseng  aunt jemima / aunt jane / aunt mary / aunt sally  ayrab/a-rab  bamboula  balija  banana  beaner / beaney  bluegum  boche / bosche / bosch  boeotian  boerehater / boer-hater / boer hater  bog irish / bogtrotter / bog-trotter  bohunk  boong / bong / bung  boonga / boong / bunga / boonie  bootlip  bougnoule  bounty bar  bozgor  brownie  buddhahead  buckra, bakra  bule  burrhead / burr-head / burr head  cabbage eater  camel jockey  carcamano  chankoro  charlie  chee-chee, chi-chi  cheesehead  cheese-eating surrender monkey  chefur (čefur)  chernozhopy  chilote  ching chong  chinaman  chink  chinky  chonky  christ-killer  choc-ice  cholo  chug  chukhna   churka чурка  ciapaty or ciapak  cina/cokin  coconut  coolie  coon  coonass, or coon-ass  cracker  crow  curry-muncher  cushi, also spelled kushi (כושי)  dago, dego  dalit  dal khor  darky / darkey / darkie  dink  dogan, dogun  dothead, dot  dune coon  eight ball  eyetie  faggot  farang  fenian  feuj  flip  fritz  frog, froggy, frogeater  fuzzy-wuzzy  gabacho  gaijin  gammon   gans   gin  gin jockey  golliwog  gook, gook-eye, gooky  goy, goyim, goyum  grago or gragok (shrimp)  greaseball, greaser  gringo  groid  gub, gubba  guiri  guizi  guido  guinea, ginzo  gweilo, gwailo, or kwai lo (鬼佬)  gyopo, kyopo (교포)  gypsy, gyppo, gippo, gypo, gyppie, gyppy, gipp  hairyback  hajji, hadji, haji  half-breed  haole  heeb, hebe  hick  hike  hillbilly  honky also spelled ""honkey"" or ""honkie""  hori  hun  hunky, hunk  hymie  ikey / ike / iky  ikey-mo / ikeymo  indon  indognesial / indonesial  inyenzi  injun  jakun  jap  japie, yarpie  jerry  jewboy  jigaboo, jiggabo, jigarooni, jijjiboo, zigabo, jig, jigg, jigga, jigger  jim crow  jock, jocky, jockie  jungle bunny  kaffir, kaffer, kaffir, kafir, kaffre, kuffar  kaffir boetie  kalar  kalia, kalu, kallu  kanaka  kanake  kano  katsap or kacap or kacapas  kaouiche or kawish  kebab  keling  kharkhuwa  khokhol   kike or kyke  kimchi  knacker  kolorad  kraut  labas  laowai 老外  lebo, leb  limey  locust (蝗蟲)  lubra  lugan  mabuno/mahbuno  madrasi  mayonnaise monkey  macaca  majus (مجوس)  malakh-khor (ملخ خور)  malaun  malon  malingsia / malingsial / malingsialan  mangal / mango / mangasar   mau-mau  mayate  mick  momo/momos  moon cricket/mooncricket  mormon  moskal  mountain turk  mulignan/mulignon/moolinyan  munt  mzungu  nawar  nere   niakoué  niglet  nig-nog or nignog  nigger / niger / nig / nigor / nigra / nigre (caribbean) / nigar / niggur / nigga / niggah / niggar / nigguh / niggress / nigette  nip  nitchie / neche / neechee / neejee / nichi / nichiwa / nidge / nitchee / nitchy  non-pri, from non-pribumi  northern monkey  nusayri  ofay  oláh  oreo  oven dodger  overner  paddy  paki, pakkis, pak  palagi  paleface  pancake face, pancake  pastel de flango  peckerwood  pepper or pepsi  petrol sniffer  pickaninny  piefke  pikey / piky / piker  plastic paddy  pocho / pocha  polack, polak, polock  polaco  polentone  pom, pohm, pommy, pommie, pommie grant  porch monkey  portagee  potet  prairie nigger  prod  pshek  quashie  raghead  rastus  razakars  redlegs  redneck  redskin  rosuke, roske  rooinek  roto  roundeye  russki  rusnya  sambo  sand nigger  sassenach  sawney  scandihoovian  seppo, septic  schvartse, schwartze  sheeny  sheep shagger  shegetz  shelta  shiksa (yiddish)  shine  shiptar (šiptar)  shkije  shkutzim (yiddish, plural)  shylock  sideways vagina/pussy/cooter  skinny  skopianoi  skip, skippy  slant, slant–eye  slope, slopehead, slopy, slopey, sloper  snow nigger  smoked irish / smoked irishman  soosmar-khor  sooty  lizard eater  southern faerie, southern fairy  soutpiel  spade  spearchucker  spic, spick, spik, spig, or spigotty  spook  squarehead  squaw  swamp guinea  tacohead  taffy or taff  taig (also teague, teg and teig)  tar-baby  teapot  terrone  teuchter  thicklips  timber nigger  ting tong  tinker / tynekere / tinkere / tynkere, -are / tynker / tenker / tinkar / tyncar / tinkard / tynkard / tincker  toad  towel head  touch of the tar brush  turco-albanian  turk  twinkie  ukrop  uncle tom  vatnik  wagon burner   wasi'chu or wasichu  west brit  white ears  white interloper  west islander  wetback  wigger / whigger / wigga (white nigger)  white trash  whitey  wog  wop  xiao riben  yam yam  yanacona  yank  yankee  yellow  yellow bone  yid  yuon  zip, zipperhead  every single slur in exsistance",1
886369,"the protest was easily blared out by two other protests, the town hall was practically dealing with lionel exposing douglas hancock as a bigot actively intergrating armstrong-parker to ""break up"" the black students, and the only thing that probably made news in terms of what was going on at wincehster was probably the fire at davis house dormitory, assuming there was something to put in the papers for people that haven't seen the issues on campus themselves.  but yeah, no, they haven't made mention of anything related to the campus police traumatizing a black student or several in a newspaper that the donors wouldn't have some control over the narrative.",1
592680,white girls high off of starbucks,1
107622,ok nigga,1
432582,"i didn't know that, who got em? capo dissed tbone on that one track he had with smoke da don. he was dissin all them black mob guys now that i think about it. cap was hella disrespectful",1
940578,"69,666,1cup,2girls,2girls1cup,4r5e,5h1t,abortion,ahole,aids,anal,anal sex,analsex,angrydragon,angrydragons,angrypenguin,angrypenguins,angrypirate,angrypirates,anus,apeshit,ar5e,arrse,arse,arsehole,artard,askhole,ass,ass 2 ass,ass hole,ass kisser,ass licker,ass lover,ass man,ass master,ass pirate,ass rapage,ass rape,ass raper,ass to ass,ass wipe,assbag,assbandit,assbanger,assberger,assburger,assclown,asscock,asses,assface,assfuck,assfucker,assfukker,asshat,asshead,asshole,asshopper,assjacker,asslicker,assmunch,asswhole,asswipe,aunt flo,b000bs,b00bs,b17ch,b1tch,bag,ballbag,ballsack,bampot,bang,bastard,basterd,bastich,bean count,beaner,beastial,beastiality,beat it,beat off,beaver,beavers,beeyotch,betch,beyotch,bfe,bi sexual,bi sexuals,biatch,bigmuffpi,biotch,bisexual,bisexuality,bisexuals,bitch,bitched,bitches,bitchin,bitching,bizatch,blackie,blackies,block,bloody hell,blow,blow job,blow wad,blowjob,boff,boffing,boffs,boink,boinking,boinks,boiolas,bollick,bollock,bondage,boner,boners,bong,boob,boobies,boobs,booty,boy2boy,boy4boy,boyforboy,boyonboy,boys2boys,boys4boys,boysforboys,boysonboys,boytoboy,brothel,brothels,brotherfucker,buceta,bugger,bugger ,buggered,buggery,bukake,bullshit,bumblefuck,bumfuck,bung,bunghole,bush,bushpig,but,but plug,butplug,butsecks,butsekks,butseks,butsex,butt,buttfuck,buttfucka,buttfucker,butthole,buttmuch,buttmunch,buttplug,buttsecks,buttsekks,buttseks,buttsex,buttweed,c0ck,c0cksucker,cabron,camel toe,camel toes,cameltoe,canabis,cannabis,carpet muncher,castrate,castrates,castration,cawk,chank,cheesedick,chick2chick,chick4chick,chickforchick,chickonchick,chicks2chicks,chicks4chicks,chicksforchicks,chicksonchicks,chickstochicks,chicktochick,chinc,chink,chinks,choad,choads,chode,cipa,circlejerk,circlejerks,cl1t,cleavelandsteemer,cleveland,clevelandsteamer,clevelandsteemer,clit,clitoris,clitoris ,clits,clusterfuck,cock,cock block,cock suck,cockblock,cockface,cockfucker,cockfucklutated,cockhead,cockmaster,cockmunch,cockmuncher,cockpenis,cockring,cocks,cocksuck,cocksucker,cocksuka,cocksukka,cok,cokmuncher,coksucka,comestain,condom,condoms,coochie,coon,coons,cooter,copulated,copulates,copulating,copulation,corn,corn_hole,cornhole,cornholes,cr4p,crap,crapping,craps,cream,creampie,crotch,crotches,cum,cumming,cums,cumshot,cumstain,cumtart,cunnilingus,cunt,cuntbag,cunthole,cuntilingis,cuntilingus,cunts,cuntulingis,cuntulingus,d1ck,dabitch,dago,dammit,damn,damned,dance,darkie,darkies,darky,deep,deepthroat,defecate,defecates,defecating,defecation,deggo,diaf,diarea,diarhea,diarrhea,dick,dickhead,dickhole,dickring,dicks,dicksucker,dicksuckers,dicksucking,dicksucks,dickwad,dickweed,dickwod,dik,dike,dikes,dildo,dildoe,dildoes,dildos,dilligaf,dingleberry,dipshit,dirsa,dlck,dog,doggin,doggystyle,dogshit,domination,dominatrix,donkey,donkeyribber,dook,doosh,dork,dorks,douche,douchebag,douchebags,douchejob,douchejobs,douches,douchewaffle,duche,dumass,dumb,dumb fuck,dumbass,dumbfuc,dumbfuck,dumbshit,dumdfuk,dumfuck,dumshit,dyke,dykes,ead,eat me,ejaculat,ejaculate,ejaculated,ejaculates,ejaculation,ejakulat,ejakulate,enema,enemas,enima,enimas,epeen,epenis,erect,erection,erekshun,erotic,eroticism,f0x0r,f0xx0r,fack,facker,facking,fag,fagbag,faggit,faggitt,faggot,faggots,faghag,fags,fagtard,fannyflaps,fannyfucker,fart,farting,farts,fatass,fck,fcker,fckers,fcking,fcks,fcuk,fcuker,fcuking,feck,fecker,felch,felched,felcher,felches,felching,fellate,fellatio,feltch,feltched,feltcher,feltches,feltching,fetish,fetishes,finger,fingering,fisting,flog,flogging,flogs,fook,fooker,foreskin,forked,fornicate,fornicates,fornicating,fornication,frigging,frottage,fubar,fuck,fucka,fuckas,fuckass,fucked,fuckedup,fucker,fuckers,fuckface,fuckfaces,fuckhead,fuckhole,fuckhouse,fuckin,fucking,fuckingshitmotherfucker,fucknugget,fucks,fucktard,fuckwad,fuckwhit,fuckwit,fuckyou,fucndork,fudgepacker,fudgepacking,fugly,fuk,fuken,fuker,fukker,fukkin,fukwhit,fukwit,fuq,fuqed,fuqing,fuqs,fux,fux0r,fuxx0r,gang bang,gangbang,gangbanger,gangbangers,gangbanging,gangbangs,ganja,gay,gaydar,gays,gaytard,gaywad,genital,genitalia,genitals,gerbiling,ghey,girl2girl,girl4girl,girlforgirl,girlongirl,girls2girls,girls4girls,girlsforgirls,girlsongirls,girlstogirls,girltogirl,gloryhole,goatse,gobshit,gobshite,gobtheknob,goddam,goddammit,goddamn,goddamned,goddamnit,gooch,gook,gooks,groe,gspot,gtfo,gubb,gummer,guppy,guy2guy,guy4guy,guyforguy,guyonguy,guys2guys,guys4guys,guysforguys,guysonguys,guystoguys,guytoguy,gyfs,hair pie,hairpie,hairpies,hairy bush,hand,handjob,harbl,hard on,hardon,hardons,hell,hentai,heroin,herpes,herps,hick,hiv,ho,hoare,hoe,hoebag,hoer,hoes,hole,homo,homos,homosexual,homosexuality,homosexuals,honkee,honkey,honkie,honkies,honky,hoochie,hooker,hookers,hore,horney,hornie,horny,horseshit,hosebeast,hot,hotcarl,hotkarl,hummer,hump,humping,humps,hymen,i like ass,i love ass,i love tit,i love tits,iluvsnatch,incest,ip freely,itard,jack,jack off,jackass,jackingoff,jackoff,jap,japs,jerk off,jerkoff,jesusfreak,jewbag,jewboy,jiga,jigaboo,jigga,jiggaboo,jis,jism,jiz,jizm,jizz,job,junglebunny,jysm,kawk,khunt,kike,kikes,kinky,kkk,klit,knob,knobjocky,knobjokey,knockers,kooch,koolie,koolielicker,koolies,kootch,kukluxklan,kunt,kyke,l3itch,labia,lap,lapdance,lelo,lemonparty,lesbian,lesbians,lesbifriends,lesbo,lesbos,leyed,lez,lezzie,lichercunt,lick ass,lick myass,lick tit,lickbeaver,lickcarpet,lickdick,lickherass,lickherpie,lickmy ass,lickpussy,like ass,like tit,limpdick,lingerie,llello,lleyed,loltard,love ass,love juice,love tit,lovehole,lsd,lucifer,lumpkin,m0f0,m0fo,mack,mammaries,man2man,man4man,mandingo,manforman,mangina,manonman,mantoman,marijuana,masochism,masochist,master,masterbate,masterbates,masterbating,masterbation,masterbations,masturbate,masturbates,masturbating,masturbation,meatcurtain,men2men,men4men,menformen,menonmen,mentomen,milf,minge,mistress,mof0,mofo,motha,motherfuck,motherfucka,motherfuckas,motherfucked,motherfucker,motherfuckers,motherfucking,motherfuckka,muff,muff diver,muffdiver,muffdiving,munch,mung,mutha,muther,muzza,my ass,n1gga,n1gger,naked,nambla,nards,nazi,nazies,nazis,necrophile,necrophiles,necrophilia,necrophiliac,negro,neonazi,nice ass,nig,nigg3r,nigg4h,nigga,niggah,niggas,niggaz,nigger,niggers,nigglet,niglet,nippies,nipple,nips,nobhead,nobjockey,nobjocky,nobjokey,nookey,nookie,noshit,nude,nudes,nudity,numbnuts,nut bag,nut lick,nut lover,nut sack,nut suck,nutnyamouth,nutnyomouth,nuts,nutsack,nutstains,nymph,nympho,nymphomania,nymphomaniac,nymphomaniacs,nymphos,oral,orgasm,orgasmic,orgasms,orgi,orgiastic,orgies,orgy,paedophile,panooch,panties,panty,patootie,pecker,peckerhead,peckers,pedophile,pedophiles,pedophilia,peepshow,peepshows,pen15,penii,penis,penises,penisfucker,perve,perversion,pervert,perverted,perverts,phat,phile,philes,philia,phuck,phucker,phuckers,phucking,phucks,phuk,phuker,phukers,phuking,phuks,phuq,phuqer,phuqers,phuqing,phuqs,pie,pigfucker,pimpis,piss,pissant,pissed,pisser,pisses,pissfart,pissflaps,pissing,pocket,poke,poon,poon eater,poon tang,poonani,poonanny,poonany,poonj,poonjab,poonjabie,poonjaby,poontang,poop,poopchute,poot,porchmonkey,porking,porks,porn,porno,prick,pricks,prostitot,pube,pubes,pubic,pud,pudd,puds,punani,punanni,punanny,punta,puntang,pusse,pussi,pussies,pussy,puta,puto,qeef,qfmft,qq more,quafe,quap,quatch,queef,queefe,queefed,queefing,queer,queerbait,queermo,queers,queev,quefe,queif,quief,quif,quiff,quim,quim nuts,qweef,racial,racism,racist,racists,rape,raped,raper,raping,rapist,redtide,reefer,renob,retard,ricockulous,rim job,rimjaw,rimjob,rimjobs,rimming,roofie,rtard,rtfm,rubbers,rump,rumpranger,rumprider,rumps,rustytrombone,sadism,sadist,sadomasochism,sand nigger,sandnigga,sandniggas,sandnigger,sandniggers,sapphic,sappho,sapphos,satan,scatological,scheiss,scheisse,schlong,schlonging,schlongs,schtup,schtupp,schtupping,schtups,screw,screw me,screw this,screw you,screwed,screwer,screwing,screws,screwyou,scroat,scrog,scrote,scrotum,secks,sekks,seks,semen,sex,sexed,sexking,sexkitten,sexmachine,sexqueen,sexual,sexuality,sexy,sexybitch,sexybitches,sh1t,shag,shagger,shaggin,shagging,shart,shemale,shit,shitdick,shite,shited,shitey,shitface,shitfaced,shitfuck,shithead,shitlist,shits,shitt,shitted,shitter,shittiest,shitting,shitts,shitty,shiznits,shotacon,shotakon,shyte,sickass,sixtynine,sixtynining,skank,skeet,sketell,sko,skrew,skrewing,skrews,slant eye,slanteyes,slattern,slave,slaves,slopehead,slopeheads,slut,slutbag,slutpuppy,sluts,slutty,slutwhore,smegma,smut,snatch,snatches,soddom,sodom,sodomist,sodomists,sodomize,sodomized,sodomizing,sodomy,sonnofabitch,sonnovabitch,sonnuvabitch,sonofabitch,spank,spanked,spanking,spanks,spearchucker,spearchuckers,sperm,spermicidal,spermjuice,sphincter,spic,spick,spicks,spics,spik,spiks,spooge,stank ho,stankpuss,steamer,stfu,stiffie,stiffy,stud,studs,submissive,submissives,suck,suck ass,sucks ass,swinger,swingers,t1tt1e5,t1tties,take a dump,takeadump,tar baby,tarbaby,tard,teabaggin,teabagging,teets,teez,testes,testical,testicals,testicle,testicles,threesome,throat,thundercunt,tiddie,tiddy,tit,titandass,titbabe,titball,titfuck,tits,titsandass,titt,tittie,tittie5,tittiefucker,titties,titts,titty,tittyfuck,tittywank,titwank,toke,toss salad,tramp,tramps,tranny,transexual,transexuals,transvestite,transvestites,tubgirl,turd,tw4t,twat,twathead,twatlips,twats,twatty,twunt,twunter,ufia,umfriend,underwear,up yours,upyours,upyourz,urinate,urinated,urinates,urinating,urination,urine,vaffanculo,vag,vagina,vaginal,vaginas,vaginer,vagitarian,vagoo,vagy,vajayjay,viagra,vibrator,virgin,virginity,virgins,voyeur,voyeurism,voyeurs,vulva,w00se,wackedoff,wackoff,wad blower,wad lover,wad sucker,wadblower,wadlover,wadsucker,waffle,wang,wank,wanker,wanky,wetback,wetbacks,wetdream,wetdreams,whackedoff,whackoff,whigger,whip,whipped,whipping,whips,whiz,whoe,whore,whored,whorehouse,whores,whoring,wigger,willies,wog,wogged,woggy,wogs,wop,xx,xxx,yank,yayo,yeat,yeet,yeyo,yiff,yiffy,yola,yols,yoni,youaregay,yourgay,zipperhead,zipperheads,zorch --",1
378267,"if half the white guys in your neighbourhood were dicks, it would not make you racist to think half the white people near you are bad. it might be that they happen to be neo natzis. just as long as you understand that half the mexican population near you are bad, not because they are mexican, but because that is just the way it is for some reason, it is ok.",1
612020,"yes, the article is extreme and too broadly labeling. no one is going to disagree that this is not how most blacks act.   now get over it.  can you look past the offense you've taken and see this article for what it's meant to be? it's about time that somebody tried to have an honest discussion about race in this country (god forbid they base it off of their experience!). the truth is that there is deterioration that is happening in our cities that has become defined by race, and the rest of our culture is doing its best to pretend it doesn't exist. the term racist is being thrown out on anyone who refuses to admit that the problem isn't there and decides to talk about it and offer their opinion. our american culture doesn't yet talk openly about race. it's time we start.",1
632535,"texas has no crime whatsoever if you remove the crimes committed by all the the abbies, abo, ali babas, alligator baits, annamites, apples, arabushes, armos, bananas, beaners, bogs, bohunks, bounty bars, buddaheads, burrheads, camel jockeys, cheeseheads, cheese-eating surrender monkeys, ching chongs, chinks, cholos, coolies, coonasses, dagos, dinks, dune coons, flips, frogs, gooks, guidos, half-breeds, haoles, heebs, hunkys, hymies, jigaboos, jungle bunnies, kaffirs, kikes, kimchis, limeys, macacas, micks, niggers, nips, peckerwoods, pickaninnies, pochos, porch monkies, prairie niggers, ragheads, rastus, sambos, scandihoovians, sheenies, skinnies, slopeheads, spades, spearchuckers, spics, tacoheads, towel heads, twinkies, wetbacks, wiggers, wops and zipperheads!",1
316914,"well, how does a swastika relate to racism against blacks?  i know it implies they're bad and all, and i'm not saying you can't mention it at all, but i think some people are making too big of a deal about it.",1
868906,"once again you are twisting the meaning of this word.  zionism is today and has always been a basically nationalistic political ideology.  i can support other jews, their right to exist and survive and procreate and etc., without supporting a state that practices all kinds heinous acts on essentially religious grounds.  edit: whole-israel supporters are simply the most extreme of the zionists.  the point is that allowing the palestinians to exist is the only possible solution and zionism is totally incompatible with this.",1
242123,"i’m a bad person? 1. i respect everyone whether they are back, white, gay, or straight. 2. you need to get your facts checked because last time i check i haven’t made a concentration camp. 3. you are being the exact opposite of what you claim to be. also nazis is what i was referring to with horrible group of people. my b should have made that clear.  and also i myself have started fundraisers and done community work to fix the planet you’re standing on. so if a nazi respects people, try’s to help them, accepts everyone, attempts to reverse the environmental damage that has already been done then i’m a nazi, but the real question is why aren’t you one?",1
203779,"it's a nigger! also known as nigga, niglet, nig, brother, gangsta, african american... well here i think any of these would work...   ape - (u.s.) a black person.  bluegum - an offensive slur used by some united states white southerners for an african-american perceived as being lazy and who refuses to work. [5]  boogie - a black person (film noire) ""the boogies lowered the boom on beaver canal"".   buck - a black person, also used to describe native americans.   buffie - a black person. [7]  burrhead / burr-head / burr head - (u.s.) a black person (referencing stereotypical hair type). [8]  colored - (u.s.) a black person. once generally accepted as inoffensive, this word is now considered disrespectful by some. the national association for the advancement of colored people continues to use its full name unapologetically. some black americans have reclaimed this word and softened it in the expression ""a person of color.""   coon - (u.s. &amp; u.k) a black person. possibly from portuguese barracoos, a building constructed to hold slaves for sale. (1837).   eggplant - a black person. in the 1979 classic film, ""the jerk"", the leading character played by steve martin is advised by his associates to keep the ""eggplants"" out of his planned housing development. ""eggplants?"" steve asks. ""yeah, the jungle bunnies."", says the other guy. ""of course. bunnies will eat the eggplants"", says steve. ""no, i mean the niggers"", says the other guy. ""what!"", says steve martin, ""i am a nigger.""   fuzzies - a black person. in the 1964 film classic, ""zulu"", the british officer played by michael caine refers to the zulus as ""fuzzies"". [12]  gable - a black person. [7]  golliwogg - (uk commonwealth) a dark-skinned person, after florence kate upton's children's book character.  jigaboo, jiggabo, jijjiboo, zigabo, jig, jigg, jiggy, jigga - (u.s. &amp; uk) a black person (jb) with stereotypical black features (dark skin, wide nose, etc.). [14] the term ""jig"" was often used by richard nixon when speaking in private. used to refer to mannerisms that resemble dancing. jim crow (u.s.) a black person; also the name for the segregation laws prevalent in much of the united states until the civil rights movement of the 1950s and 1960s. [15]  jim fish - (south africa) a black person [16]  kaffir, kaffer, kaffir, kafir, kaffre - (south africa) a. a black person. considered very offensive. macaca epithet used to describe a negro (originally) or a person of north-african origin (more recently). came to public attention in 2006 when u.s. senator george allen infamously used it to refer to one of jim webb's volunteers, s. r. sidarth, when he said, ""this fellow here, over here with the yellow shirt, macaca,or whatever his name is.""   mosshead - a black person.   nig-nog - (uk &amp; u.s.) a black person.   nigger / nigra / nigga / niggah / nigguh (u.s., uk) - an offensive term for a black person. from the word negro which means the color black in numerous languages. diminutive appellations include ""nigg"" and ""nigz."" over time, the terms ""nigga"" and ""niggaz"" (plural) have come to be frequently used between some african-americans without the negative associations of ""nigger."" niglet / nigglet a black child nigra / negra / niggra / nigrah / nigruh (u.s.) offensive for a black person [first used in the early 1900s]   porch monkey - a black person  powder burn - a black person.   quashie - a black person.   sambo - (u.s.) a derogatory term for an african american, black, or sometimes a south asian person.  sooty - a black person [originated in the u.s. in the 1950s]   spade - a black person. recorded since 1928 (oed), from the playing cards suit. spook a black person.   tar baby - (uk; u.s.; and n.z.) a black child.   teapot - (british) a black person. [1800s]   thicklips - a black person. [7]  uncle tom (u.s. minorities) term for an african-american, latino, or asian who panders to white people; a ""sellout"" (from the title character of harriet    *edit: i'm not racist*",1
119781,"i keep wishing rand will say something to that effect.  as a caucasian male living in los angeles, i would not be caught dead in an establishment that discriminated against race.  the market response easily solves problems of discriminatory businesses.",1
828058,"agreed.  bush was compared to a monkey all the time.  i agree that historically, comparing people who happened to be black to monkeys has been used with racist connotations, but that does not mean *everyone* who makes the comparison is automatically being racist by doing so.  you can't assume what is in a person's heart.  also, being ignorant, such as to the sensitivity of an issue, is not necessarily the same thing as being bigoted.  i also get very suspicious when the only people crying ""racism/sexism/etc."" happen to be from a group not allegedly targeted by the remark/comparison/etc. in question.",1
791870,"lets be clear, very few white people benefited from slavery and the myth that slavery was widespread is just that but if anything it made the south less rich and less capable to rise up against the union. if anything black people benefited more from slavery than white people, slavery after all took jobs from white americans and gave them to africans man of them would have otherwise been killed by other tribes if they couldn't have been sold. this woman has clearly benefited from slavery, she's living in now in one of the most prosperous countries in the world and all the swpl liberals are bowing down to her for simply being black. interesting also how it's entirely become literally black and white, nothing else matter in race relations the narrative is all white people were evil slave holding racists when in reality only extremely wealthy people in a handful of southern states could own slaves and black people, no distinction between those that came to america after slavery was outlawed or the many black people that owned other black people.",1
784493,"or maybe some wrestlers just aren’t good enough and can’t get over enough and shouldn’t be pushed just to force diversity?    when a black wrestler gets over and gets held down we can call aew racist, but that hasn’t happened yet. let’s just wait for an actual talent like keith lee to get there first.",1
368953,"the time traveller and the racist.  so there was a time traveler who was an entomologist who used time travel to study the origins of words.  he decides to go back in time to collect all the racial slurs that were used during the civil rights struggle.  so he travels back to 1962 and finds himself a young man who is a racist.  the time traveler explains who he is and what he’s doing and the racist is very accommodating.  the racist goes through the whole list of all the racial slurs he can think of.  “alligator bait, anchor baby, apes, bluegum, buffie, burr-head, coon, crow, darkie, eight ball, gable, groid, jigaboo, jungle bunny, moulie, nig-nog, nigger, porch monkey, sambo, shine, sooty, and spook,” said the racist, “i think that’s about it.”  “thank you very much for your help,” said the time traveler.  “future man, i’m curious,” said the racist, “what do y’all niggers in the future?”  “mr. president.”  -it got a giggle.",1
493368,you white people with your terrible dance moves and horrible shoes.,1
696225,i came up with the following rules until something better is found.  .  **remove ethnic slurs**   taken from [wikipedia](http://en.wikipedia.org/wiki/list_of_ethnic_slurs) with a few terms removed. eg. yellow and banana      ---     # remove ethnic slurs     title+body: (abbie|abbo|abe|abie|abo|alligator bait|arabush|aunt jane|aunt jemima|aunt mary|aunt sally|beaner|beaney|bluegum|boche|bog irish|bohunk|boong|boong|boonga|boonie|bootlip|bosch|bosche|bounty bar|buddhahead|buffie|bule|bung|bunga|burr head|burrhead|burr-head|camel jockey|charlie|chee-chee|cheese-eating surrender monkey|cheesehead|chi-chi|chinaman|ching chong|chink|cholo|chonky|christ killer|chug|coolie|coon|coonass|coon-ass|cooter|cracker|curry muncher|cushi|dago|darkey|darkie|darky|dego|dink|dogan|dogun|dothead|dune coon|eight ball|eyetie|fritz|fuzzy-wuzzy|gable|gaijin|gin|gin jockey|ginzo|gippo|gippo|golliwog|gook|gook-eye|gooky|goy|goyim|goyum|greaseball|greaser|gringo|groid|gub|gubba|guido|guizi|gwailo|gweilo|gypo|gyppo|gyppoe|gyppy|hadji|hairyback|haji|hajji|half-breed|haole|hebe|heeb|hillbilly|hokie|honkey|honky|hun|hymie|ikey|ikeymo|ikey-mo|iky|indon|injun|jap|jigaboo|jigarooni|jigg|jigga|jigger|jijjiboo|joggabo|kaffer|kaffir|kaffre|kafir|kike|kraut|kuffar|kushi|kwai lo|kyke|limey|lubra|lugan|macaca|malaun|mau-mau|mulignan|mulignon|neche|neechee|neejee|nichi|nichiwa|nidge|nig|nigar|niger|nigette|nigga|niggah|niggar|nigger|niggress|nigguh|niggur|niglet|nig-nog|nigor|nigra|nigre|nip|nitchee|nitchie|nitchy|northern monkey|nusayri|paddy|paki|pancake face|peckerwood|pickaninny|piker|pikey|piky|plastic paddy|pocha|pocho|pohm|polack|pom|pommie|pommie grant|pommu|porch monkey|prairie nigger|quashie|raghead|rastus|razakars|redlegs|redneck|redskin|roundeye|sambo|sand monkey|sand nigger|sawney|scandihoovian|schvartse|schwartze|seppo|septic|sheeny|sheep shagger|shelta|shiksa|shine|shkutzim|sideways vagina|skinny|slant-eye|slopehead|sloper|slopey|smoked irish|smoked irishman|sooty|spade|spearchucker|spic|spig|spigotty|sply|spook|squarehead|squaw|squinty|taff|taffy|taffy|taff|taig|tar-baby|teague|teapot|teig|tenker|teuchter|thicklips|timber nigger|tincker|tinkar|tinkard|tinkere|touch of the tar brush|towel head|twinkie|tyncar|tynekere|tynkard|tynkere|tynkere|uncle tom|wetback|whigger|whitey|wigga|wigger|wog|wop|yank|yankee|yid|zigabo|zip|zipperhead)s?     modifiers: regex     action: remove     ---  **remove homophobic slurs**   taken from wikipedia with a few terms removed. eg. bear and mary      ---     # remove homophobic slurs     title+body: (airy dairy fairy|anal assassin|anal buccaneer|arse bandit|ass bandit|back door bandit|batty boy|bean flicker|bean queen|bender|bentshot|bone smuggler|booty buffer|brown piper|brownie king|brownie queen|bufter|bufty|bum bandit|bum boy|bum chum|bum-driller|bumhole engineer|bun bandit|butch|butch-broad|butt pirate|butter beaner|button stitcher|cackpipe cosmonaut|carpet muncher|celesbian|chi chi man|chicken queen|chunder plunder|chutney ferret|clam licker|clam slammer|clit raider|closet queen|cock gobbler|cock jockey|cock knocker|cockknocker|cocknocker|cockpipe cosmonaut|couscous queen|crafty butcher|curry queen|dinge queen|doily queen|donut puncher|doubler tucker|drag dyke|drag queen|drama queen|dyke|fag|faggot|fanny basher|flap queen|fudge packer|gaysian|grey queen|gym queen|harry hoofter|homo|homo|jobby jabber|kitty puncher|knight of the pork sword|knob jockey|lesbo|leso|lezzer|lezzie|lick-a-lotta-puss|light in the loafers|light in the pants|limp wristed|marmite miner|mirror polisher|mound masher|muff buffer|muff diver|muff muncher|muscle mary|nancy boy|oklahomo|pansy|peter puffer|pillow biter|pissy queen|poo pusher|poof|potato queen|pussy puncher|raging bandit|raging bandit|raving bandit|raving bandit|rear admiral|rectal pioneer|rice queen|ring raider|roarer|rug muncher|rug muncher|rump ranger|sausage jockey|scat queen|scissor sister|scissorchick|she who drinks from the furry cup|shirt lifter|shit stabber|sis lover|size queen|snow queen|taco bumper|the game of flats|tit gobbler|todger dodger|tribade|turd burglar|twink|twopence licker|uphill gardener|upstairs gardner|vin diesel dyke|womb raider|woolly)s?     modifiers: regex     action: remove     ---,1
302040,derrick white,0
