random_id,text,relevance
241814,"i know it's a joke, but when people say ""white peolple have bo culture"" they really mean ""white americans have no culture"" because nobody around the globe acts like white americans.",1
810911,"just like their screaming about ""fascism.""  because, of course, people who think their pure white christian culture is being destroyed by ethnic minorities, intellectual elites, communists, and international bankers, while the military's being stabbed in back by traitors at home, are certainly not fascists in any way.  nope.  not at all.",1
333184,"lol, racist towards whom? white people?   ###don't real, try again",1
153881,well he's a white male so that might be enough to some people. respect doesn't rely on oppression though,1
760658,the other white people must be holding out on me. where's my piece of culture to control?  i feel like a jew without a bank.,1
110399,"i actually think this fits what they are thinking though. it's not ""they might discriminate against me because i'm white."" what they are thinking is ""they might discriminate against as revenge for my years of doing it to them."" which of course is admittance to being racist in many ways.  that's what reverse racism means to me.",1
384031,"am i the only one that thought the issue was ""why asian kids do better in school than white kids?"" in my neighbourhood it seems that free time for asian parents translates into time to read/learn something, while the rest get to watch tv.",1
373477,"you dont have to be white to have racist tendencies. i'm not accusing you to be a racist though.  and i dont have an issue if you choose to make her ""with white traits"" cause you wanted to paint it that way at all. i think you did a very good work also.  but i dont buy at all into a ""to push it to the anime style i changed the skin colour"" explanation. anime artists can be perfectly able to paint black characters and there are plenty of dark skin characters around, dont ever think you are pushed to make your characters white, at all.",1
256701,lol yeah over where i am the white is some scary shit too. tan is my normal,1
252842,"as a third-generation italian here in the us, i'm going to disagree with you. and i'm sure those who came from asian immigrants, fleeing unstable se asian countries, will likely feel similar.  my great grandparents arrived here on ellis island piss-poor and limited-to-no english skills. they worked in sweat shops and other jobs with grueling conditions just to put food on the table. let's not pretend as if they were welcomed and given jobs, welfare, and the whole kit. they were actively discriminated from work and looked down upon.  my grandmother and all her siblings worked hard. they all lived under the same roof, usually without heat and/or air-conditioning. they owned a single pair of shoes, made simple group meals, and were grateful for what they had.  each generation it got a little bit better. by the time i was growing up, it was tenfold better than my grandparents had it. but let's not pretend like my ancestors were ""highly-educated"" and that's why they were successful.  the elephant in the room that no one wants to talk about is the problems in the black community itself. fatherlessness is disproportionally high and destroys the family unit. combined with the fact that black teen birthrates are nearly **double** compared to white counterparts, it hamstrings their financial and professional future. desperation and poverty breeds crime, and these factors contribute to that.  it annoys me how we as a society can give a group as many advantages and freebies as we can, a'la ""affirmative action"" and welfare, and somehow it's still never enough. clearly it's the ""system"" keeping them down, not their own actions and lack of accountability.  my grandparents and great grandparents got none of that and did just fine. what's the excuse? you can't blame slavery for almost two centuries. stop opening your legs, stop buying shit you don't need, and act financially responsible.",1
992264,paper skin on,1
709943,"this isn't a big deal at all, but i remember watching the seniors graduate my freshman year of high school and laughing with my friends about the fact that the black guys were getting scholarships for having 3.0 gpas or higher, while the white guys with gpas above 4.0 were getting around the same amount of money. native americans also get easy scholarships. america is determined to pay back these people for what generations back experienced. it doesn't really bother me, but it  is a con of being white - not getting the easier opportunities.",1
297979,"**humans:**  baseline traits: nothing that isn't foreign in this world. average height is between 5'6"" and 6'.  * ausiatic- live on the southern end of the continent. tend to be pale, short, blond hair, blue eyes. renowned for tolerance to the cold. many ausiatic nations rely on seafaring trade, fishing, and hunting to prosper. [i.e., germanic people0  * mediatic- inhabit much of the center-south of the continent. average height, slight build, tan-to-olive skin, brown or black hair, brown eyes. many are involved in agriculture, though many prefer to congregate in large cities. [mediterranean]  * occidentic- inhabit the western sub-continent. most of them are average-to-short height, have an average build, tan skin, narrow eyes, black hair, and brown eyes. most live along coasts, in jungles, or in deserts as nomads. [asian/polynesian]  * boreatic- live in the north of the continent. have a vague resemblence to the occidentic people, although paler. often live in isolated hunter-gatherer tribes in the tundra. [siberian/inuit]  * senetic- once inhabited most of the central and southern continent, considered 'extinct' after the great ruin eight millennia ago. renowned for their (now-ruined) extensive stone cities and elaborate ironwork. the majority are believed to have assimilated into other cultures, which is the commonly accepted explanation for why there are several austriatic regions with red-haired denizens. [celtic]  there are other groups of humans that some feel should be included, but can mostly be lumped into other categories or are too few to warrant their own classification. one notable one is the sancturiatic sub-race, who are pale-skinned, have light blue-grey eyes and white-blond hair, and are almost entirely the population of the holy empire of sancturia, an isolated theocracy farther north than the boreatic tribes. another is the aequiletic sub-race, a 'half-breed' of humans (mostly senetic and boreatic) with aeyen who live on islands in the gefreyan sea.  **aeyen:**  baseline traits: average lifespan ~250 years, ears 'pointed' to various extents, have a rather isolationist or tribalistic mindset, wary of outsiders, very politically opinionated.  * nelaeyen (north elves)- stand at about equal height to humans, tend to have pale-to-gold skin, and hair colors ranging from blond to brown. many features of the nelaeyen are considered 'baseline' for many aeyen races, such as high cheekbones, 'soft-pointed' ears, a slight build, and green eyes. nelaeyen are the main race of the aeyen empire, which has continuously existed for over eleven thousand years.  * sulaeyen (south elves)- slightly shorter and stockier than nelaeyen (~5'3""-5'6""), skin colors that range from golden-yellow to dark brown, eyes are green, yellow, or brown, and hair colors between light brown and black. faces are often 'rounder' than nelaeyen, and their ears have ""sharper"" points.  * talaeyen (mountain elves)- considered to be the 'common ancestor' of all elves. grey-brown skin, shorter than both nel- and sulaeyen, brown-to-black hair, brown eyes. they have the facial features of sulaeyen, but usually have builds more in line with the nelaeyen. they mostly live in unorganized tribes in the southern mountains.  * alaeyen (sea elves)- descended from talaeyen who migrated to the gefreyan sea 12,000 years ago to avoid the aeyen empire's expansionism. some interbred with senetic humans (forming the aequiletic race), while others remained isolated. their skin colors range from white to blue-grey to brown, and their hair colors have a similarly extreme level of diversity. many dialects of old aeyen that are extinct on the mainland survive on different islands, and customs vary widely between island tribes. their athletic ability and muscle density is far lower compared to other aeyen races, and they're more prone to developing higher proportions of body fat; anthropologists believe this is an evolved trait that resulted from most islands' sparse resources and few high-protein foods in their diet.  **oyan:**  baseline traits: average lifespan ~150 years, more heavily built than aeyen and humans, mostly antisocial/agoraphobic, and most tend to be devoutly religious. renowned for their skillful stone carving and constructing elaborate cities in the sides of cliffs and underground. nobody's really sure why humans call them 'dwarves,' though it's believed to come from ancient senetic terms that were bastardized by later languages.  * oyanil (first dwarves)- similar in height compared to humans and nelaeyen, pale-to-grey skin, hair is often white, blond, or light brown, blue eyes. compared to nelaeyen, they are far stockier, have 'wider' faces, smaller, more rounded eyes, large hands, and 'sharper' pointed ears. the main population of the oyan divine confederacy, which is ruled by 8 god-emperors.  * oyandun (second dwarves)- slightly taller than the oyanil (5'9""-6'), and have skin shades similar to the talaeyen. hair colors are usually shades of brown, while eyes are usually blue. they tend to live on the surface more than the oyanil. the majority of oyandun follow the religion of true oyanism, an offshoot of oyanism that centers around worship of one god-emperor that arose 'only' 4,000 years ago.  another 'race' worth mentioning are the southern aequiletics, or oyanah (pretender dwarves). though few in number and only inhabiting the very southern tip of the human continent, they're the result of interbreeding between senetic and austriatic people and the oyandun. they are considerably more 'human-looking' than northern aequiletics, leading some pro-evolutionary scientists to believe that oyan are the 'missing link' between human and aeyen evolution.  **oeren:**  baseline traits: at least a foot taller than most humans (usually between 6'6"" and 8'), grossly obese, skin usually some shade of green, tusk-like teeth, pig-like faces, lots of body hair, incredibly fond of debauchery. top concerns are usually eating, drinking, and sex. have shown minimal high cognition, and have no evidence of writing or artwork in their entire history. [actually the result of ancient oyan (and some aeyen) being infected by a retrovirus.]  * old oeren- the 'old breed' of orcs. skin is a darker green compared to other orcs, and they tend to have lighter-colored hair. it's unknown whether orcs are biologically immortal, but their descriptions are rather similar to ancient talaeyen pictographs, down to the color of their skin. few of them are seen on raiding parties, which is either because of their advanced age or the fact that many have been around long enough to achieve leadership positions in their tribes.  * new oeren- the 'new and improved' orcs. they've been appearing in larger numbers than their older relatives over the past 6,000 years. average height is almost 8', they actually have something vaguely resembling muscle tone, their skin is more of a waxy yellow-green, and they tend to have darker hair. somehow, the new orn are even fatter, hairier, and uglier than the old ones.",1
120365,"c/p from wikipedia: white lions are not albinos but are leucistic. they have pigment visible in the eyes (which may be the normal hazel or golden color, blue-gray or green-gray), paw pads and lips. blue-eyed white lions exist and may be selectively bred. the leucistic trait is due to the chinchilla mutation that inhibits the deposition of pigment along the hair shaft, restricting it to the tips. the less pigment there is along the hair shaft, the paler the lion. as a result ""white"" lions range from blonde through to near white. the males have pale manes and tail tips instead of the usual dark tawny or black.",1
539582,i love the fact that painting his thumb white implies that he sees each race by color...,1
213547,never underestimate dumbass white american taliban racists in large groups.,1
429076,"bought too much products the past few months and reviews are long overdue so here goes.  **becca backlight priming filter** - i stopped using highlighter because of this product. technically this is a primer but it doesn't make your makeup last long or anything it just adds a subtle glow to it. similar to mac strobe cream but this one you can mix with foundation without giving up coverage and still is noticeable under full coverage foundations unlike the strobe cream. the shimmers are very fine and not chunky. don't use too much or you'll end up looking oily though, you really don't need a lot of this. has fragrance.  **becca first light priming filter** - it's a lavender/lilac version of the other priming filter. i only tried samples of this but it really doesn't compare to the backlight one. this is also pricier and imo, isn't worth it.  **mufe step 1 smoothing primer** - it's okay, the smoothing effect isn't that drastic. it also didn't add much wear time for my makeup. i don't have a lot to say about this product because it really didn't do much. has a bit of fragrance.  **becca ever matte poreless priming perfector** - the formula is thick and can be quite hard to work with because it sets so fast. it tends to pill also and it better to pat it than rub it on your skin. it promises 12-hr shine control but for my oily nose you can see visible shine 4-5 hours in. the outer corners of my eyes are oily and tend to smudge eyeliner/give me racoon eyes but this product stopped that from happening. got the deluxe sample of this from sephora ph beauty rewards and i think it's still available there if you want to try it. has a bit of fragrance.  **becca shimmering skin perfector in opal** - another beauty pass reward. similar in formula to the backlight filter except this one has more intense shimmer. it doesn't disturb foundation if you put it on top. don't put too much or you'll end up looking metallic. has a bit of fragrance.  **benefit 1st prize highlighter set** - a set of 3 mini highlighters. **high beam:** more runny than the two, i find that it can disturb foundation so be careful patting it in. **sun beam** my favorite of the three, almost similar to becca opal but more golden tones. **shy beam** - matte light peach highlighter, very opaque, no shimmer. i don't really care for it but i'm probably not the intended market for this one. very faint fragrance for all three.  **benefit soft natural brows kit** i recommend this set (or the other sets) if you want to try benefit eyebrow products. this set includes **goof proof brow pencil** - i like this but there's too little product for something that costs 1.3k, it's insane how pricey this for 0.34 grams. the product itself is great though, just the right balance between creamy and stiff formula so it's easy to use. long lasting as well but you're better off buying abh dipbrow pomade. **high brow highlighting pencil** - this was the one i was least excited about but surprised me. i use it to highlight my brow bone and it's very long lasting, although i wish there was a yellow tone version of this as that will be more suitable to my skintone. **ready set brow gel** this is my hg brow gel. i sweat a lot and my sweat tends to pool on my eyebrows but this thing doesn't budge at all. it's the best.  **bobbie skinny brow define pencil** i bought this at the recommendation of someone here. and i really love it. it leans more on the stiff side but who the hell cares it only costs 130 pesos. it's retractable so the product itself has a tendency to break off though so don't put too much pressure. i use this to draw hair like strokes at the front end of my brows.  **becca ultimate coverage foundation creme** - high coverage foundation that's supposed to work for any skin type. eh. it's quite tricky to use, the formula is thick (not el double wear thick but thicker than colorstay) and sets fast so you have to work fast or work in portions. matte finish and is tricky to mix with other foundations, primers or moisturizers. i think this might work better with oily skin types. i do mix it with bourjois healthy mix or use it on top of that. no fragrance.  **banilla co. hydrating finish powder** - very fine powder with a slight peach tint. it has a velvety skin like finish, no shimmer. i use a tiny amount after primer and also set my foundation with this. if innisfree no sebum powders look too drying on you, i suggest giving this one a try. i love the packaging because you can twist to to cover the holes and you don't end up making a mess. no fragrance.  **becca undereye brightening corrector** - got samples of this from sephora. the formula is very very tacky and smells plasticky. reminds me of suesh concealer correctors, in fact i threw away a suesh corrector just like this one. this is too light and does nothing for my dark undereyes. i can see it working for very fair people but if you are light-medium to deep, it will look ashy af. this is also too pricey don't buy it.  **the saem cover perfection tip concealer** - gives the most coverage out of all the liquid concealers i've tried. this oxidizes like nuts though, but it oxidizes to my skin tone so i don't mind, it is much lighter when you first put it on but sets to the actual shade in around 10 or so minutes. easy to blend out and doesn't lose much coverage when you do. strong fragrance.  **cover fx correct click - brick** - i have really dark under eyes and ashy/blue toned mustache area along with some areas in my chin and concealer never really did the trick for me. i've also used orange, peach and salmon correctors and they still didn't quite do the trick so i decided to try a deeper color. this is a pinkish red color. very pigmented so don't put too much, creamy but doesn't cake up. i use the saem concealer over this and i have no issues whatsoever. if you watch drag race, this is the crazy corrector farrah moan uses on her 5 o'clock shadow. before using it for the first time, swipe it on a paper towel. no fragrance.  **3ce super slim pen eyeliner in light brown** - bought this to fulfill free shipping, it only costs p107 so might as well try. wanted to use it for my natural make-up days. it's light brown that leans more on yellow than neutral brown. it doesn't smudge and sets matte and fast. the packaging and brush tip are short though so it may take some getting used to. the color is buildable to a darker brown but wait for it to set first before brushing another layer because it will bleed.  **marc jacobs high and fine 4-piece petites waterproof eyeliner collection** - this is on sale as of right now for p732 on sephora. includes 2 mini highliner and 2 mini fine liner. great value for a set of four. these are gel formulas and glides on pretty smoothly but not too creamy that you have to set it with eyeshadow. the highliner comes in royal blue (matte) and cocoa shade (fine shimmer) no issues with both. the fine liner comes in nude and black. i have a bit of an issue with the packaging of fine liner, it's quite hard to twist. the nude one can be tricky to use on the waterline because it's so skinny. i feel like a nude eyeliner in a highliner packaging would've been a better deal. the fineliners are super budge proof btw and you have to work a bit to remove it with micellar water.  **3ce duo color face blush - retro drive** this is a yellow-mustard &amp; red orange combo, when swirled the color is orange of course haha. this is finely milled and long lasting in a matte finish. it's quite pigmented though, maybe a little too pigmented so it feels like i'm wasting product when i'm swirling because i have to tap off the excess. it can also be a bit tricky to blend the two colors and there's a bit of kick-up/fallout when you swirl. i'd probably buy their regular blushes instead of the duo blushes next time. i feel like this will be much more flattering to very fair skintones. i only apply it sheer because it has a tendency to make my skin look dull if i put too much. it has 5g of product, less than your standard mac blush but cheaper than mac. no fragrance.  **zoeva luxe color blush - he loves me maybe** - i was surprised when i saw how big this blush was. it was under p500 so i thought it would just be as big as sleek blushes but this has 8g of product in it. the color is a cool toned pink with some shimmer to it but leans more on matte than satin. formula wise it's not chalky or dusty and it's very easy to blend and not patchy. packaging is nice and sturdy and comes with a mirror. last about 5~6 hours on me. would definitely check out the other shades of this. has a bit of fragrance.  **suesh blush pots** - the ones i've tried are either chalky or too shimmery and the pigment is not that great. i also hate how they never have descriptions for the color so you won't know what the actual color or finish of it is and have to judge by the picture which most of the time is not how it looks like in person. the pot itself is too small, so it's tricky to swirl your brush in there. don't even bother with this.",1
896317,"typically, they are white people, but can be any non-japanese person who is obsessed with ""being"" japanese.  [here](http://www.youtube.com/watch?v=0uqjvvau7b4). this is a weeaboo.",1
322132,"**not all native europeans are white (e.g. most italians, spanish, greek etc.) and my view on colors**   i'm talking of native europeans and not the newest immigration from countries like syria, somali, pakistan etc.  in my honest opinion not all native europeans are white. many italian, spanish, greek etc. people fits into the ""brown"" or ""darker"" category. it's not uncommon to have black or dark brown hair, brown eyes and a beige, tan or olive brown skin in these countries. even some french people leans more to the brown-category than the white category. when i visited france, blonde and redheads were also a minority.  many europeans may look a bit lighter, but still brown. in my opinion most of the world population have some dark features and fits into the brown category (which goes from light-brown to dark-brown). i would say most south-europeans, asians, africans, middle-eastern and south-east-europe fits into that category.  people who are closest to ""white"" are northern-, western and north-east-european people. also some people from the us, australia and new zealand for example fits into that category. people with blonde or orange hair, blue/green/gray eyes and a light pinkish skin tone are the closest to ""white"" because of they've a lighter color than many of the others. people with hazel-brown-green eyes, brown hair and light skin are in the middle. they've often both whiteness and brownness in them - but some may lean more toward white and other toward brown depending on how dark they're.  i also thinks all albinos are white regardless of facial features. it doesn't really matter if they've european, asian or african facial features - because of platinum blonde or strawberry blonde hair, light blue eyes and pale pinkish skin are the closest to white you can get. having a big nose and lips doesn't automatically make you brown. it's also possible for people in the brown-category to have blue or green eyes. both adriana lima and adrian grenier have blue eyes, but brown skin and black hair - so mostly of them are dark. there's people with pale skin and blonde or orange hair with brown eyes too - but they're in the white-category because of mostly of them are light.  if you're blonde, blue-eyed and has light skin - but dyes your hair black, wears brown contact lenses and spray tans - you would still be naturally and biologically light. you've just modified your appearance. same applies to dark people who bleach themselves. but some people naturally change their appearance from when they were young to old - so then they may have a more fluid appearance. it's possible to be in the brown-category when you're young, but turn white later because of pigmentation changes. e.g. if you've vitiligo. if your skin and hair turns white because of a combination of vitiligo and old age graying - then you can basically go from brown to white naturally. if it's in your genes, it's not self-modification like hair dying and spray tanning/skin bleaching.  in my country and in the us it's an unpopular opinion, because of some thinks all europeans are white and all people from either asia, africa etc. are brown. in addition they think which facial features you've determine your color more than what your actually color does. that means if you've big lips and nose, you get's labelled as black although you've albino and if you've a narrow nose and straight hair you goes into the white-category.",1
275835,yeah she might be black... or a ghetto white.,1
134742,but brown people don't count apparently.,1
814790,"paul bauer is a white man. quite a white man. so white he has freckles. so white his beard has grown in orange. “you won’t see me on the beach during daylight hours,” he says. “i’m just as pink as can be.”  he is proud of his whiteness, but not in a white-pride way. no, definitely not. bauer is troubled by the bad deeds his white ancestors did. and his ancestors were whiter than most.  four hundred seventy-seven years ago, one of them set foot on plymouth rock. this was on his mother’s side, mom being a warfield. (dad is second-generation german, which is not only white, it is dangerously white; possibly aryan.) in the united states of america, it’s anglo-saxons who first defined whiteness. and you don’t get much more anglo than the pilgrims.  there were 101 of them on the mayflower, splashing ashore on the chill cusp of winter, low on provisions and wearing the wrong clothes. they would survive to celebrate the first thanksgiving, but as every schoolchild knows, it happened only because the friendly local indians patiently demonstrated how to catch fish and plant corn.  and here, centuries later, stands bauer (“like eddie bauer,” he says, “but not as well dressed”) with one finger firmly on the lid of his starbucks cup so it won’t spill on his “father sky, mother earth” t-shirt. the folding table he minds is stacked with literature from the council for native american solidarity. the banner above his head bids, “free leonard peltier,” referring to the imprisoned sioux the courts call a murderer and his supporters call a martyr.  rest assured, there are people who feel very, very bad about all of this injustice–people acutely, painfully, obsessively aware of transgressions past and present, real and perceived. three hundred of these people, bauer among them, gathered last month on the fringe of harvard university, and you’ll never guess what they had in common.  the second national conference on whiteness was not what you might think. it was not what just about everybody seemed to think.  “a lot of people say, ‘oh, you’re going to a ku klux klan meeting,’ ” says carah reed, who flew all the way from orange county for what was the furthest thing in the world from a klan rally. the only hate being spewed at episcopal divinity school during three gray, introspective days was the self-loathing of committed liberals–anti-racism storm troopers who identify themselves as racists because they are, you know, white.  “one thing about white people, we tend to either be proud or ashamed of being white,” says jeff hitchcock, executive director of the center for the study of white american culture, the ne1998585857jersey nonprofit that organized the conference. “proud in a supremacist way, or guilty in a liberal way. very seldom do you find the balance. it’s either one or the other. and that’s kind of psychotic.”  this year’s conference drew six times as many attendees as last year’s, evidence that whiteness is a topic of growing, serious scholarship. some 90% of the people here are white, but they are multiculturalists at heart. they see society changing, becoming more ethnic, and they want to help it change.  but on another level, this gathering appears to be a kind of purification ritual, the way the white attendees start out by copping to the very thing they are working against, ardently confessing that they harbor (somewhere within themselves) the same snap judgments and idiotic prejudices that everyone else harbors, but which surface in them only by sneaking past a watchfulness that puts the white house security detail to complete and utter shame.  “i have an ulcer, ok? i’m 23. i have an ulcer,” a lad named eric announces to his peers at a panel devoted to dissecting, among other evils, “adultism.”  there are sessions on “ableism and racism,” on “the invisibility / visibility of arab americans,” on “the vector of whiteness” (subtitled “the latino case”). the sessions are pan-racial, as likely to be led by a stout black woman with a british accent as a fit graybeard from boston.  but at the end of the confab, after all have had their say, it is obvious who will have to carry the freight. at the closing session, a caucasoid fellow of about 60 reaches into a badly wrinkled paper bag, pulls out a bottle and throws back a hard slug of something. it is pepto-bismol.  the white man’s burden: rudyard kipling, the english writer, adventurer and, many say, racist, coined the phrase in 1899. kipling’s poem went on about the grave responsibility of caring for “new-caught, sullen peoples / half devil and half child.” in this place, on this weekend, the white man’s burden is something else altogether. the white man’s burden is his own bad self.  holding the mayo  martin mull wrung about all the tang you can from vanilla in “the history of white people in america: part i.” the mockumentary, which aired on tv 10 years ago, profiled a typical suburban family, each member of which carried around a jar of mayonnaise the size of a chair. on a tour of the living room, mull pointed out the stack of coasters, explaining that these will serve to protect the finish of a natural surface, “should any occur.”  who wants to be white? the pasty suburban kids lining up in baggy shorts to buy the latest bone thugs n harmony disc? their pasty dads who lined up for the latest sly &amp; the family stone album?  “whoever heard of a wise old white woman who gets a permanent once a week and talks on the telephone?” asks a woman named myke, reading a poem. the poem is called “wanting to be indian,” and it has set heads to nodding. these nods are not terse; they are the kind that roll off the shoulders and involve a lot of neck. the sound that goes with them is a soft “hmmmmm,” a throaty affirmation that translates to “how true.”  it seems safe to say that no one in this sea of pale faces wants to be white. and, in fact, the room does not “feel” white. it does not feel like a new hampshire rotary club meeting on the day pat buchanan shows up to campaign. it does not feel the way the roanoke room or the chesapeake room or any dimly lit conference space in any hotel in america feels at 10 o’clock on a weekday morning, with the name tags lined up there beside the big stainless steel coffee urn and a stack of pastries on a perfectly round brown plastic tray; someone has sliced every danish in half.  the big room feels as though it has no color at all. the vibe here is of a deliberate wash, of identity being pulled back, conscientiously held at bay. everyone in the room is in a receive mode, unwilling to project anything at all save the quietest, softest strength.  the people here–many of them women, many with long hair the color of steel–are practiced at this. it is what a lot of them do for a living: sit in a room with other people, thinking hard, feeling harder, withholding judgment. when the emcee, a fast-talking woman named meck groot, asks how many are educators, a third of those present raise a hand. afro-american studies. women’s studies. multicultural advisory office. another third call themselves activists or organizers. a little cheer goes up at the words, at the mere suggestion of a cause.  no one has to explain to this bunch what the “process room” is. (it’s where you go “if you have an issue,” groot notes for the record.) no one has to say why the host starts with a “centering exercise.” (it’s to remind you “that you have a body, and it needs to be paid attention to.”) a loosely structured workshop on “modern racism and internalized oppression” suits this crew like a peasant blouse, like a dashiki, like a peruvian wool jacket that looks as scratchy as a hair shirt.  colorless people  they are making history here. they are on the leading edge of something. only five people in the entire group have ever taken a weekend to meditate on “whiteness.” the concept is too new. too slippery.  here is a woman with a tortured expression on her face and a book in her lap. it is her journal. look out. she’s going to read from it.  “whiteness,” she says. “a strange, eerie, unreal thing. when you think about it.”  here is a muscular woman explaining why she is running a workshop on “white folks exploring native american cultural and spiritual traditions: appreciation versus appropriation.”  “one thing people ask us is, why are white people doing this workshop?” she says. she answers herself: “we’re all experts. if a person is white, he’s an expert on this.”  and here someone who is not: a striking 28-year-old woman with hair the color of rust and skin the richest shade of sienna. she was born in the united states, grew up in zimbabwe and has lived in the boston area for eight years.  her name tag reads: “blessing.”  “coming back to america, i didn’t identify with the african americans,” blessing says. “i identified more with the white people. the african americans seemed more like a different race. they weren’t like me.”  her black friends noticed this too. they said, “oh, you’re so white.” they said she watches white tv shows.",1
658405,"why do you say ""white rights"" groups are dangerous? either all ethnic rights groups are dangerous, or none of them are. that is equality. what you are advocating is discrimination based on ethnicity, which is the reason people have been exploited in the first place!  whether or not the agenda of this ""white rights"" caucus might terrible, it should be judged on it's own merits, not based on the history we are trying to move away from.",1
496247,no. he doesn't care about that. he just thinks white. he's expliclity asked why we can't have more immigrants from norway.  would not be surprised if he's thinking about about tall beautiful blonde women and how awesome it would be if hordes of them came streaming in over some border.,1
464784,no. you are a white woman. plenty of other fellowships where you don’t have to potentially take away from minorities who only account for 5 percent of lawyers in america.,1
302242,"spain and france are right next to each other. you don't think there hasn't been a gene flow between them since ancient times? they both speak closely related romance languages. again, the climates aren't relevant in modern times. if a nigerian person moves to london and they have sex with an indigenous white londoner their kids will probably be darker.  though, that is not necessarily the case because there isn't a single gene that controls skin, hair, and eye traits. usually traits involve several genes. there is still like a 1 in 512 chance they'll have a kid that looks totally white. a lot of people misunderstand gene dominance. gene dominance doesn't mean one gene will always beat out another gene. it means sometimes there are more genes in favor of one trait over another, or it means that in protein and enzyme synthesis one combination produces a specific trait. adaption pressures became irrelevant and weak after the domestication of the horse and the invention of the boat.   your take about that black french athlete isn't relevant because your conflating nationality with ethnicity. there are frankish people that have been in france since the beginning, and there are immigrants who came and sought french citizenship. likewise when you're talking about latvians, czechs, ukrainians, and estonians you're talking about nationalities not ethnicities. the people in europe didn't really colonize anyone. they stayed in europe. the people that went places are the colonizers. the idea that some groups are colonizers and some groups are natives is itself problematic because it isn't necessarily a bad thing when people migrate to seek a better life. people see any large group of people that comes to a place as an invader. it doesn't matter if you're a european coming to america, or a syrian coming to continental europe. people get unreasonably mad. slavery is definitely a bad thing, but it isn't right to put the blame on current people for things their ancestors did in the past.  lets go over my family history. on my dad side he is 98% scandinavian. my dad never took the dna test, but his brother, my uncle did. my uncle looks identical to my dad other than my uncle has black hair. my dad had brownish blondish hair. my dad is deceased. it kind of makes me feel sad when i see my uncle. oddly enough, my uncle could sneakily pass for asian. think david carradine. my uncle was actually a genealogist and on my dads side we also have our family history traced back to the 1066(the norman invasion). our family arrived in the us from sweden, england, france, denmark, and norway. i would say my hair color at this point is the same as what my dads was at my age. i have darker hair than my brother. it's golden brown and has slightly shifted to the red side in my 30s. i have a full head of thick curly hair, my brother has balding straight hair. as a child both of us had platinum blond hair. on my moms side she has medium blonde hair. her parents had black hair and blue eyes. they are of vague german/french/english ancestry. my grandparents on my dads side also had black hair even though they were scandinavian. my moms sister has black hair, her husband has auburn hair. she has 2 blond sons and a black hair son. eye color among us is either blue or brown. my eyes are blue. europeans have random children together. when you think about genes there is a 1 in 8 chance you'll get any singular gene combination, but there are multiple genes that determine the same trait. so, it could be very random. so, you don't know what traits the offspring are going to inherit. maybe 2500 years ago europeans were a bunch of separate groups, but not in modern times. not in america, not in modern day europe. that's what i mean when i say when europeans have sex they have random children. i got cousins of all kinds. i have a cousin who married a middle eastern person, and their kid doesn't particularly look like either of them.  saying europeans are yellow is just as bad and inaccurate as saying asians are yellow. europeans considered asians white until the very end of the 18th century.  asians have the same skin range as europeans. branding people as yellow is more marketing than reality. if someone is yellow they need to see a doctor because they have jaundice. indigenous americans aren't red either. again it's marketing and propaganda. it doesn't even match color theory. i'm a “white person” who has at times been called “hey white guy” and my skin is just a little redder than a light brown paper bag. yellow is the absence of blue.  https://imgur.com/a/7gsfx0v  when you measure these actors forehead color all these actors they are within the same color range.  https://imgur.com/a/xqalxp6  this would be some interesting reading for you.   https://en.wikipedia.org/wiki/basic_color_terms  the way you perceive it is that mediterraneans are non-white and northern europeans are white. not everyone perceives it this way. other people perceive that mediterraneans are white, and northern europeans are just lighter white people. the skin color things is false. especially, if you know history. people are mostly perceiving hair color and eye color.  if antonio banderas had blue eyes he would be perceived as a lot whiter. we both agree “person of color” is a nebulous term. europeans are not colorless. italians and jewish people in america would be considered white in modern times, but latin people are not. not by the general public at least. even though they come from the empire and have shared history. the difference is italians are not numerous and they've assimilated. so they aren't infringing on wasps. 100 years ago there was real racism against italians, but that pretty much disappeared when they all became fluent english speakers. the categorization of latin american people as an other is driven by nativism. it probably won't exist much 40 years from now. race isn't real. in reality there is a continuous gradation of appearance.  https://i.imgur.com/fesg4bc.jpg  “what does that have to do with whiteness? are you implying that only whites can own slaves? arabs - whether you consider them white or not - were also at the forefront of the slave trade. so were the black leaders of african empires. coptic egyptians kept slaves, roman italians kept slaves, all the ancient agricultural civilizations kept slaves. whiteness is not some weird prerequisite for starting a slave trade, that's insane. “  the colonial europeans set up white and black as a perception. when the earlier romans took slaves they just enslaved anyone who was nearby. anyone could become a slave. black, white, tan, brown. romans didn't care. there were black slaves, but they were rare. they just didn't have a lot of contact with black people. most enslaved people were from other spots of europe. there were no laws or rules about who was black and who was white. it wasn't on the british colony books until 1640s. if you read roman history the idea of race was a foreign anachronistic concept. europe and the mediterranean were were isolated from sub-saharan people. there was some flow up into egypt and egyptian people noted that people in sudan were darker than they were but it wasn't something people cared about like they do today. a big reason europeans chose sub-saharan africans for slaves is because indigenous americans were not immune to western diseases and they wouldn't just grab slaves from other parts of europe because they could much more easily fight back. africa had just opened up to travel because ships got more advanced. europe also discovered cabo verde, which was uninhabited. so now they had an outpost in tropics. all the dominoes were in place for the atlantic slave trade. the other reason black people were considered ideal slaves by colonist was they were easier to track. if they weren't where they were designated then they probably escaped.  i also never said black people couldn't get skin cancer, paler skin people are more at risk though. paler people don't have the level of melanocytes to block uv radiation. melanocytes are the cells that  protect people from uv radiation. in places where there are higher levels of vitamin d in food and are at a higher longitude people can still be darker. being paler is more of an adaptation for vitamin d production. it's a tradeoff. when i go outside i can feel the difference in vitamin d levels. in places where vitamin d is low in food supplies and are at a higher latitude that is where people are the palest. that being said not all vikings were blond-haired and blue eyed. also, only 12% of americans have both blond hair and blue eyes. that's out of 234 million white people in the us. there is a perception that there are more norse types, but a lot of people bleach their hair.   our original conversation was about how black israelites use very flimsy references to justify their world view. when in scripture jewish people said they were brown they were using the best words they had at the time to describe themselves. as i said before white people aren't white, they are light brown.  mediterranean can be marginally browner, and sub-saharan people are browner than that. what i was connecting to the subject is how flimsy it is for people in spain to be described as pocs. we both agree poc is just a flimsy a term as white. in spanish it doesn't translate.   https://magnet.xataka.com/preguntas-no-tan-frecuentes/antonio-banderas-persona-color-ilustra-absurda-obsesion-estados-unidos-raza  maybe you ran into some people that treated you poorly, but those weren't average people. those were nazis. they're an uneducated ignorant bunch. they are larpers in a long term alternate reality game. average people really don't care much. personally, i live in atomized american society where people don't interact with people they don't already know. i like the open dialog, but i find this a particularly tedious topic.",1
900334,"yes and no. i have a previous comment on this, which i'll paste below:  this is one of the few cases where the popularly-held view about the past is correct! yes, for centuries the western ideal was very pale. it's simplistic to attribute this solely to the practical consideration of pale:leisured::tan:pleb, though - white skin was beautiful in the middle ages in the same way that long blonde hair, dark eyebrows, a slender figure, and a cleft chin were. *all* standards of beauty are socially-constructed in some way; it's generally held that the preference for bright lips and cheeks in women have to do with showing signs of healthiness (though a recent argument put forth in carolyn day's *consumptive chic* says the opposite - that these are signs of tuberculosis - but i have some issues with that), but that doesn't mean that fifteenth century swains were consciously thinking, ""lady kathryn's lips are like cherries, therefore she is hale and hearty and may survive longer than her pale-cheeked sister."" the background reason is not more important than the actual lived experience europeans had for centuries of simply associating soft white skin with beauty and refinement, and we shouldn't foreground it simply because we no longer think of tanned skin as unattractive. ""fair"" originally had the sense of ""beautiful"" before it came to be a synonym for lightness/paleness by the thirteenth century - that's how deep this goes.  tanned skin began to be found attractive in the late nineteenth century, as outdoor athletic activities became something of a mania. croquet, tennis, bicycling, hiking, sea-bathing, and so on were activities that required leisure time, specialized equipment, appropriate attire, and either space at home or travel to the spaces where you could do them, so they were restricted to those who could afford to do all of that (which is of course still true today). as a result, developing a tan to some degree from these sports could show that you were able to do them - were rich enough and had enough time to visit the adirondacks or the seashore.  from ""water sports"" in *vacation time, with hints on summer living*, by dr. henry shipton drayton (1891):  &gt; the pale anaemic, dyspeptic city-girl, who has the opportunity to indulge her taste for a daily row on a quiet lake or country stream, will, in the course of her vacation, acquire the brown skin of the village lass, and find the sleeves of her muslin jacket getting too tight for the expansion of her biceps muscles.   from ""the preservation of beauty in summer"" in *mccall's magazine* (august 1901):  &gt; poets have sung the charms of the ""nut-brown maid,"" and it is not to be denied that a good coat of tan is very becoming to many people. if our annual seaside jaunt had no worse effect on our tender skins than the transforming of a fair complexion to one of rich olive tone we should have very little to complain of. unfortunately, however, the effect of the sea breezes is not always so happy. i have a vivid but uncomfortable recollection of a sweet girl friend who gaily departed for the seashore last year, laughingly ignoring my advice to ""take care of your skin,"" and emphatically stating her intention of sitting on the sands every morning - ""so the sun will nicely brown me, and everyone will know how much i've been enjoying myself!"" [...]  &gt;some people's skins are so hardy that the elements have no more effect upon them than to give them a deeper or richer tone, rather becoming than otherwise; people with very dark or sallow complexions and dark hair are less likely to suffer from sunburn than those with fair skins and light hair, but there are few women who can afford to ignore ordinary precautions for preserving their complexions during the hot summer months.  however, there was a general idea that tanned skin had its place. it was appropriate in casual dress, in the summer, in the country - but you didn't want to look frazzled and unevenly-complected in your decent clothes, particularly not in evening or ball dress.  from ""to tan or not to tan"", by celia caroline cole, in *the delineator*, june 1919:  &gt;to be tanned or not to be! whether it's better to be pink and frilly or to be browned with the wind of the sea or the sun of the tennis-court while the joy of the unbound outdoors sings in your heart - that's the june question. how are you going to answer it? [...]  &gt; if you are the kind of person who has an idea she is not nice when she is tanned, then this program [of sunbathing] will not be easy for you. but please do be absolutely sure that it is not becoming to you to be tanned. it is better for your skin to tan than to powder and rouge and wear shade hats all summer. [...]  &gt;suppose you do want to tan but do not want the tan to last all winter. personally, i have yet to meet the tan that *will* last all winter, but suppose you want to get of it before you get into town clothes that need pinkness and whiteness to carry them off. that's a simple matter. every night put on your skin food and every day apply a bleach and the trick is done. [...]  &gt; just a nice, comfortable, careless tan is what every woman ought to have in summer if she wants to help her skin all she can. it is becoming to nearly every one in light clothes and it is good *for* the skin.  from ""overcoming summer sun and wind"", by nora mullane, in *good housekeeping*,  november 1919:  &gt; after a glorious summer spent out of doors, the majority of young girls come back badly tanned or freckled, because they have neglected, in all their enjoyment, to give their complexions the necessary care. perhaps they have wished to become tanned, as in sports clothes girls find it becoming, but when they return to town they find it out of place and immediately wish to return the skin to its natural color. it is with this thought in mind that we have endeavored to find remedies which will enable them to redeem their good looks without ruining skin. health is the cornerstone of beauty, but not all healthy people are beautiful.  during the 1920s, it's clear that there was a shift in the perception of suntans, where they went from a deliberate choice that showed how sporty you were to something almost required for fashion. people like to attribute the popularity of tanning to coco chanel in the 1920s, but the fact is that, like the many other things said to have been done by chanel simply to please herself and then copied by the rest of the world, there's little proof. *health horizons*, written by emma dolfinger in 1931, actually notes the deep, deliberate suntan (or ""beach complexion"") as a specifically american fashion, originating here in 1923-24 and only reaching paris, and therefore chanel, in 1927. in the 1930s, you could buy any number of oils and lotions to supposedly help protect the skin while still allowing it to tan deeply, as well as skimpier swimsuits that would let more skin meet the sun, creating the suntan situation that would be the norm for the next several decades before the dangers of skin cancer became clear.  at the same time, it's important not to forget that the appeal of creamy, soft, white skin never went away. fashion illustrations and advertisements still showed beautiful, pale women; female movie stars still needed to have a certain amount of milkiness in their skin. ads for cosmetics explicitly or implicitly touted the smooth whiteness of their models' faces. i don't really study the later twentieth century (or twenty-first century), so i can't go into when the ""go to salons/use a lotion or spray and have a deep tan all year"" trend began, but i just want to make it clear that the post-1920s attitude toward tans, despite being more positive than, say, the 1820s attitude, was not exactly the same as the way many see them today.",1
125839,"jesus, god, her face is as white as her dress",1
337937,"” ‘seinfeld,’ ” she says. “i love it. it’s one of my favorite shows.”  behind her, a man sneezes. she swivels toward him.  “bless you,” blessing says.  blessing (last name: tawengwa) is later called up to the front of the room with eight other people, most of them black. each is to answer a question: “what does whiteness mean to you?”  “it’s a culture,” blessing tawengwa says. “it’s a socialization process. it’s not color.”  wrong answer. (well, no. there are no wrong answers. “we can process out here if you want to.”) every perspective has value here. but when it comes to fighting racism, certain perspectives are more useful.  an african american woman declares: “whiteness to me is a threat.”  “it’s not a real human identity,” says a black man.  “definitely the absence of color,” says another.  “whiteness,” says the woman who speaks last, a young caucasian named jane, “is potentially the one place of refuge i think i have in my life.  “the challenge for me is not to claim it.”  and there it is. for the purposes of this discussion, white is not a color, not a pigment, not a race. it is a mantle that must be claimed–but also spurned.  even the center for the study of white american culture, which brought everyone together to talk about whiteness, at times seems to want no part of it.  jeff and charley  “center for study.”  this is how jeff hitchcock has learned to answer the phone. it’s what the executive director calls the “nonreactive” name for the center for the study of white american culture, hard experience having taught him that if you utter the word “white” you will spend half the workday explaining what you are not.  he carries business cards that do it for him: “not an organization for white people, as some people may infer… . ”  these are the same cards carried by the center’s president, charley flint, but charley flint has less need of the explanation, being, as charley flint is, a black woman.  “i was named for my father,” she explains.  they are husband and wife, hitchcock and flint, as well as salt and pepper. they have been together 22 years, which means that the officers of the center for the study of white american culture are everything their group stands for: a harmonious multiracial society, living a day-to-day existence that tries to push whiteness “out of the center” of life to make room for a new way of doing things.  in other words, hitchcock and flint put flesh on the bones of the issues that wisp around the rafters of the episcopal center for three days.  for example: their son goes to a public school. most of the kids in the school are black–about 90%, hitchcock says.  flint says it’s only 70%.  you could count the kids, of course, but the point is the disagreement. despite all these years with a black partner, hitchcock sees things with white eyes. or at least with what his wife considers white eyes.  “i believe when blacks get to 10% or 12%, whites see more blacks,” flint says.  it might be one way of defining whiteness: paranoia, or at least a looming sense of being outnumbered. (by 2050, whites will be only a bare majority in the united states, the census bureau projects.)  there are other ways.  “being on time for appointments, that’s a white thing,” says christine maguire. she thinks a moment.  “making lists.”  she is making one now. folded onto a sofa in the lobby, taking a break, she has just finished leading a workshop on white people appropriating native american culture–wannabes looking for purification in sweat lodges, or paying to watch a hopi medicine man work.  maguire, whose ancestors were scots, regards her list.  “very linear thinking, that’s a white thing,” she says.  the list is hard to make for a couple of reasons. one is the very vagueness of “whiteness.” if you begin, as everyone here seems to, with the premise that the majority group is the historical oppressor and that the oppressor has established the society’s norms and established its institutions, you can end up defining whiteness as everything around you, and all the usual ways of doing things.  hitchcock, for one, argues that by simply acknowledging that you are white, you are also acknowledging that you have privilege. you may not have asked for the privilege, but you do enjoy it, even if the privilege amounts to not being noticed.  “white people never think about a group identity,” says paul marcus, one of the conference organizers, who works for the boston anti-racism group community change inc. marcus is white and, therefore, an expert. he believes that white people think of themselves as individuals, which is why they get their backs up when called racists: “who, me? i don’t think like that.”  but blacks, he says, are more likely to identify with a group. maybe it’s a result of being seen that way by others. maybe it’s the natural inclination of a population that feels aggrieved (this would explain rush limbaugh’s dittoheads).  in any event, marcus points out, it begins to explain why whites and blacks spend so much time talking past each other when the topic is race.  not that white people really like to talk about race.  “you know, white people do feel terribly self-conscious,” says hitchcock: ” ‘what if i say the wrong thing?’ ”  a great white hope  uptightness. it is a hallmark of whiteness: think of richard pryor doing his white guy, cutting the wattage by two-thirds and ratcheting up the sphincter factor. think of billy crystal out on the dance floor in “when harry met sally,” doing “the white man’s overbite.”  the ward cleaver-ed sullivan archetype of whiteness is a parody of rigidity, and about the only place it survives today in public life may be the good old american workplace. (who wants to be white? quite possibly someone who isn’t, when applying for a job.) it is an arid substitute for identity, the opposite of ethnicity. the archetype is such an easy target for satire because it is so obviously artificial.  and that artificiality turns out to be the central point of “exploring whiteness to end racism,” as the banner over the lectern in the episcopal center reads.  the thinking here is that we might never have enshrined “whiteness” as a concept if people with lighter skin had not felt the need to feel superior to people with darker skin.  and, in fact, scientists looking for something in the human genome that is as tidy as the categories on the u.s. census survey are now concluding that there appears to be no gene for race.  “the idea of people, in 1997, buying into the concept of race is like the flat earth society,” says lowell thompson, one of the livelier wires at the conference.  a black man who works in advertising, thompson has written a book called “the invisible man in the gray flannel suit.” at the conference, he circulated a petition reminding president clinton that he has “a chance to begin the next thousand years, as james brown would say, ‘on the good foot.’ ” but mostly he peddled his latest book, “white folks.” this, thompson explains to a white man, is how black folks refer among themselves to the majority population. it’s also the name of the web site (http://www.whitefolks.com) where thompson posts his “white folks funnies,” featuring leroy freud, the world’s first “clinical whiteologist.”  when hitchcock of the center for the study (http://www.euroamerican.org) ran across the site a couple of years ago, the two struck up a relationship that resulted in the first national conference on whiteness. held in new jersey last year, it attracted about 50 pioneers, one-sixth the number who have turned out in cambridge. at this rate, next year’s confab in chicago may well push the study of whiteness somewhere powerfully near the mainstream.  one of the enemy groups actually had the temerity to ask to be included on the program this year. it wasn’t a militia wing, but a dubious pack of revisionists that goes by the name american renaissance. its web site includes writings such as a 1993 article summarized as follows: “american slaves had surprisingly positive things to say about slavery.”  the antidote hitchcock prescribes is itself enough to make your head hurt.  but it begins with the blandly profound observation of author robert terry, who back in 1970 said that part of being white is not thinking about it. therefore, says hitchcock: “as you learn what it is to be white, that takes you out of the traditional experience of being white.”  standing there under the “free leonard peltier” banner, paul bauer seems to know all this instinctively. he realizes that his heritage leaves him no choice but to be conflicted. he also realizes that the point of talking about whiteness is not to make white people feel self-conscious, which is uncomfortable. the point is to make them self-aware, which can lighten the load of that big jar of mayo.  “i personally prefer miracle whip light,” bauer says. “but that’s a neo-white thing.”   http://articles.latimes.com/p/1997/dec/07/news/ls-61415",1
947597,"ready for a tmi/tl;dr?  there is a mutation of the mc1r protein which causes one or some of the following: orange/red hair, pale skin and freckles and/or blue eyes.    you can have a redhead(with darker auburn hair) with or without these things, which most people call a redhead to differentiate. you can also have a true ginger with brown,green or hazel eyes. and probably freckles.    you often see these freckles in blondes and pale brunettes too. sunlight exposure will bring these out because their skin has variable amounts of melanin in them. the freckles tan faster, darker. the white stays white.  people have color genes for hair, for eyes and for skin. any or all of these might be affected. each gene expresses in three components or pigments.    black/brown eyes are fully expressed pigments, while hazel is a partial lack of one pigment. green eyes are rare because even more (types) of pigment are lacking. blue eyes are a lack of a different(almost all) pigment.    and it works that way for skin too, with brown, red, and yellow components. each varies in an individual. thats why you can see someone who is pale and yet has a dusky tone to them, or east asians are more yellow aspected. some can tan, some cant.    so you(and i) are pale. we cant really tan because we dont produce enough of the pigment needed to exhibit a tan. ginger people are somewhere in between. for example, http://i.imgur.com/9zpws.jpg and http://i.imgur.com/9sdtd.jpg   eyes and skin work the same way. if you go to /r/eyes you can see examples of people with multicolored eyes. i have some small hazel flakes in my blue eyes for instance. i have blond hair, pale skin, no freckles.    in the case of pubic hair its the same, it can vary. i was born blond, and my eyebrows are black. my very longest eyebrow hairs have blond tips though, but you would have to get up close to notice. my pubic and body hair is brown/black, as is my facial hair. the hair on my arms is reddish/blond to brown.    the reason for this is that the hair genes produced different hair color follicles depending on age and body location. my hair has darkened over the years. the changes of puberty allowed my body to more fully express pigmentation in my hair. not my skin though, nor my eyes. they just dont produce brown pigmentations.    now i am slipping into middle age, and i'm noticing some white hairs on my chin. production of pigmentation is ceasing.    which is what happens in albinism. they truly lack pigmentation, but even there, some of them still have blue eyes. albinism even happens outside of the european groups. you can google for albino africans or albino asians.",1
412957,"bro i am white and i eat those in the same fashion, does this makes me a savage, more like lazy to pick up a knife to cut. and in the old times i see it more racist that they don't want to give cutlery to them than just serve them the food.",1
938725,"whenever i use a liquid eyeliner i always use a eyeshadow primer then brush a skin colored eyeshadow over it to set the primer. it makes it last longer especially if you have oily eyelids, and i think it prevents the eyeliner dragging on the eyelid as well.  have you tried other eyeliners? kat von d's tattoo liner in trooper is my absolute favorite. i haver tried many many liquid eyeliners and nothing is as good as the tattoo liner. i've swam for hours with that liquid eyeliner on and it didn't budge at all. it's long lasting and easy to use.",1
930816,"and that, my friends, is true.. but they are not white so who cares 🤷‍♂️",1
327362,well obviously they don't stand for white privilege,1
757681,"&gt;why ""chinese-canadian ""?  are non-white canadians separate from the rest of us, so they need a hyphenated identity? if i went around calling myself, english-canadian, i'd be called racist. except for first nations we all have ethnicities that originate outside canada. become canadian, or don't.  &gt;just what we need, more racial pride.  &gt;lyn cockburnleaderjoe talbot21h just what we need, more racism  a couple of unsurprising comments. somehow identifying as asian means we are racist while wm proudly cling on to european ancestry just because their great great grandma was 1/4 irish or something.",1
208819,powell has been recruited by white people in the race draft '06,1
403900,&gt;along with you white kids spending your allowance money on pot and crack  yea all white kids get allowances and use it to buy drugs from inner city wanna be gangsters.,1
908795,"a message to the mods: keep it up, this is fucking hilarious   to prove my dedication:   &gt; of the color of milk or fresh snow, due to the reflection of most wavelengths of visible light; the opposite of black. ""a sheet of white paper"" synonyms:        colorless, unpigmented, undyed, bleached, natural; more snowy, milky, chalky, snow white, snowy white, milk white, milky white, chalk white, chalky white, ivory; pale, clear, transparent ""a clean white bandage"" snowy, snowy white, gray, silver, silvery, hoary, grizzled; albino ""he had a mane of white hair"" antonyms:        black approaching the color white; very pale. ""her face was white with fear"" synonyms:        pale, pallid, wan, ashen, white as a ghost/sheet, gray, anemic, jaundiced, colorless, bloodless, waxen, chalky, chalk white, milky, pasty, pasty-faced, whey-faced, peaky, sickly, tired-looking, washed out, sallow, drained, drawn, sapped, ghostly, deathly, deathlike, bleached; more rareetiolated ""her face was white with fear"" antonyms:        healthy, ruddy, tanned (of a plant) having white flowers or pale-colored fruit. (of a tree) having light-colored bark. (of wine) made from white grapes, or dark grapes with the skins removed, and having a yellowish color. british (of coffee or tea) served with milk or cream. (of bread) made from a light-colored, sifted, or bleached flour. (of glass) transparent; colorless. 2. belonging to or denoting a human group having light-colored skin (chiefly used of peoples of european extraction). ""a white farming community"" synonyms:        caucasian, european, nonblack ""the early white settlers of australia"" relating to white people. ""white australian culture"" 3. historical counterrevolutionary or reactionary. noun noun: white; noun: white 1. white color or pigment. ""garnet-red flowers flecked with white"" white clothes or material. ""he was dressed from head to foot in white"" white clothes, especially as worn for playing tennis, or as naval uniform, or in the context of washing. plural noun: whites ""wash whites separately"" white wine. plural noun: whites the player of the white pieces in chess or checkers. the white pieces in chess. a white thing, in particular the white ball (the cue ball) in billiards. white bread. ""tuna on white"" 2. the visible pale part of the eyeball around the iris. 3. the outer part (white when cooked) which surrounds the yolk of an egg; the albumen. 4. a member of a light-skinned people, especially one of european extraction. 5. a white or cream butterfly that has dark veins or spots on the wings. it can be a serious crop pest. verbarchaic verb: white; 3rd person present: whites; past tense: whited; past participle: whited; gerund or present participle: whiting 1. paint or turn (something) white. ""your passion hath whited your face""",1
947862,what an interesting question! i would have to say... we don't know. we know there are two pigments essentially a brown and red pigment that make up hair color. i'm pretty sure that the amount of red is controlled by 1 gene ( but many different alleles. ) we are not sure how many genes are involved in the amount of brown pigment. we just don't know enough to be able to predict offspring hair color.   disclosure: i am an undergrad in bio and am not 100% current on hair color inheritance research! =p there may be more up to date info out there.,0
834531,"to be clear, brazil had a racial caste system under spanish rule.  that class system grew to be very complex.  at one point, it looked something like:  1. mestizo: spanish father and indian mother 2. castizo: spanish father and mestizo mother 3. espomolo: spanish mother and castizo father 4. mulatto: spanish and black african   5. moor: spanish and mulatto   6. albino: spanish father and moor mother   7. throwback: spanish father and albino mother   8. wolf: throwback father and indian mother   9. zambiago: wolf father and indian mother   10. cambujo: zambiago father and indian mother   11.  alvarazado: cambujo father and mulatto mother   12. borquino: alvarazado father and mulatto mother   13. coyote: borquino father and mulatto mother   14. chamizo: coyote father and mulatto mother   15. coyote-mestizo: cahmizo father and mestizo mother   16.  ahi tan estas: coyote-mestizo father and mulatto mother    today some aspects of the caste are still in affect, though it has long since been overturned by legislation.  mainly it has led to a very strong tendency to classify people by highly specific racial groups.  in 1976 brazil had the following terms for skin color:   1. acastanhada (cashewlike tint; caramel colored) 1. agalegada 1. alva (pure white) 1. alva-escura (dark or off-white) 1. alverenta (or aliviero, ""shadow in the water"") 1. alvarinta (tinted or bleached white) 1. alva-rosada (or jamote, roseate, white with pink highlights) 1. alvinha (bleached; white-washed) 1. amarela (yellow) 1. amarelada (yellowish) 1. amarela-quemada (burnt yellow or ochre) 1. amarelosa (yellowed) 1. amorenada (tannish) 1. avermelhada (reddish, with blood vessels showing through the skin) 1. azul (bluish) 1. azul-marinho (deep bluish) 1. baiano (ebony) 1. bem-branca (very white) 1. bem-clara (translucent) 1. bem-morena (very dusky) 1. branca (white) 1. branca-avermelhada (peach white) 1. branca-melada (honey toned) 1. branca-morena (darkish white) 1. branca-pálida (pallid) 1. branca-queimada (sunburned white) 1. branca-sardenta (white with brown spots) 1. branca-suja (dirty white) 1. branquiça (a white variation) 1. branquinha (whitish) 1. bronze (bronze) 1. bronzeada (bronzed tan) 1. bugrezinha-escura (indian characteristics) 1. burro-quanto-foge (""burro running away,"" implying racial mixture of unknown origin) 1. cabocla (mixture of white, negro and indian) 1. cabo-verde (black; cape verdean) 1. café (coffee) 1. café-com-leite (coffee with milk) 1. canela (cinnamon) 1. canelada (tawny) 1. castão (thistle colored) 1. castanha (cashew) 1. castanha-clara (clear, cashewlike) 1. castanha-escura (dark, cashewlike) 1. chocolate (chocolate brown) 1. clara (light) 1. clarinha (very light) 1. cobre (copper hued) 1. corado (ruddy) 1. cor-de-café (tint of coffee) 1. cor-de-canela (tint of cinnamon) 1. cor-de-cuia (tea colored) 1. cor-de-leite (milky) 1. cor-de-oro (golden) 1. cor-de-rosa (pink) 1. cor-firma (""no doubt about it"") 1. crioula (little servant or slave; african) 1. encerada (waxy) 1. enxofrada (pallid yellow; jaundiced) 1. esbranquecimento (mostly white) 1. escura (dark) 1. escurinha (semidark) 1. fogoio (florid; flushed) 1. galega (see agalegada above) 1. galegada (see agalegada above) 1. jambo (like a fruit the deep-red color of a blood orange) 1. laranja (orange) 1. lilás (lily) 1. loira (blond hair and white skin) 1. loira-clara (pale blond) 1. loura (blond) 1. lourinha (flaxen) 1. malaia (from malabar) 1. marinheira (dark greyish) 1. marrom (brown) 1. meio-amerela (mid-yellow) 1. meio-branca (mid-white) 1. meio-morena (mid-tan) 1. meio-preta (mid-negro) 1. melada (honey colored) 1. mestiça (mixture of white and indian) 1. miscigenação (mixed --- literally ""miscegenated"") 1. mista (mixed) 1. morena (tan) 1. morena-bem-chegada (very tan) 1. morena-bronzeada (bronzed tan) 1. morena-canelada (cinnamonlike brunette) 1. morena-castanha (cashewlike tan) 1. morena clara (light tan) 1. morena-cor-de-canela (cinnamon-hued brunette) 1. morena-jambo (dark red) 1. morenada (mocha) 1. morena-escura (dark tan) 1. morena-fechada (very dark, almost mulatta) 1. morenão (very dusky tan) 1. morena-parda (brown-hued tan) 1. morena-roxa (purplish-tan) 1. morena-ruiva (reddish-tan) 1. morena-trigueira (wheat colored) 1. moreninha (toffeelike) 1. mulatta (mixture of white and negro) 1. mulatinha (lighter-skinned white-negro) 1. negra (negro) 1. negrota (negro with a corpulent vody) 1. pálida (pale) 1. paraíba (like the color of marupa wood) 1. parda (dark brown) 1. parda-clara (lighter-skinned person of mixed race) 1. polaca (polish features; prostitute) 1. pouco-clara (not very clear) 1. pouco-morena (dusky) 1. preta (black) 1. pretinha (black of a lighter hue) 1. puxa-para-branca (more like a white than a mulatta) 1. quase-negra (almost negro) 1. queimada (burnt) 1. queimada-de-praia (suntanned) 1. queimada-de-sol (sunburned) 1. regular (regular; nondescript) 1. retinta (""layered"" dark skin) 1. rosa (roseate) 1. rosada (high pink) 1. rosa-queimada (burnished rose) 1. roxa (purplish) 1. ruiva (strawberry blond) 1. russo (russian; see also polaca) 1. sapecada (burnished red) 1. sarará (mulatta with reddish kinky hair, aquiline nose) 1. saraúba (or saraiva: like a white meringue) 1. tostada (toasted) 1. trigueira (wheat colored) 1. turva (opaque) 1. verde (greenish) 1. vermelha (reddish)",1
140102,"i just realized i totally forgot to post the product list!  **all days:**   undereyes:  * bobbi brown corrector in light bisque,  * make up for ever ultra hd invisible cover concealer in y23 * coty airspun powder  brows:  * innisfree eco eyebrow pencil in no 1 grey (now sold as auto eyebrow pencil no 3 dawning grey, i believe)  * h&amp;m beauty brow shaping gel  lashes:  * estée lauder little black primer * cover girl clump crusher in black/brown * tightline/eyeliner: mac fluidline in dipdown   **pe** means the shadow was applied over fyrinnae pixie epoxy (glitter glue)  shadows that were used as eyeliners were foiled with inglot duraline  *** **day 1**  * light: shiro cosmetics not a tame lion, described as a ""faded golden tan with blurple shift and copper-gold sparkle"" * medium: shiro cosmetics five years stuck on my eyes, a ""smoldering dusty orange-taupey-gray, like late sun on stormclouds, or embers in ash"" * dark: hello waffle cosmetics 100 year sleep, a ""deep eggplant purple with pink and purple sparks"" *** **day 2**  * light: corvus cosmetics chrismannukah, a ""sparkly white with subtle red and gold sparkles"" * medium: mad lab cosmetics snow lodge, a ""warm medium brown, cooled by a glimmering white frost and icy blue sparkles"" **pe** * dark: hello waffle edgar allan prrr (old formula) a ""matte black base with blue, turquoise, and violet microshimmers"". *** **day 3**  * light: femme fatale straw to gold (should probably have been in the medium bag, oh well), ""warm grey-ish mauve with copper sheen and green sparkles"" **pe** * medium: hello waffle before midnight, ""muted cranberry with orange sheen and pink sparkle"" * dark: fyrinnae the alchemist, ""striking green-aqua shimmer on a semi-transparent black base"" *** **day 4**  * light: darling girl cosmetics barbarella, ""metallic melon-y gold with a red/orange flash"" * medium: hello waffle hood of red velvet, ""merlot with golden shimmer (cake and wine)"" * dark: hello waffle fires, ""darkened red-brown with green to red shimmer"" *** **day 5** all hello waffle visage shades (le)  * light: the lamppost, ""shimmery fawn with golden shift"" * medium: red eyes,  ""matte burnt brick"" * dark: cinders and ashes, ""a dirty dark brown with turquoise sparkle and flashes of violet."" **pe** *** **day 6**  * light: femme fatale alpine skies, ""a super pale taupe with cool tones and prominent turquoise shimmer."" **pe** * medium: shiro cosmetics largest moon of still not a planet, ""rose-tinged taupe with intense turquoise shift and copper-gold sparkle."" **pe** * dark: hello waffle the rightful king, ""a rich brown with golden orange twinkle"" *** **day 7**  * light: hello waffle passage through the forest, ""a white-green with a stronger forest-green sheen and a twinkle of red and white"" * medium: shiro cosmetics mother of dragons, ""silvered royal purple over a blood-red base."" **pe** * dark: hello waffle neither wolf nor human, ""dark burgundy with a lighter orange/red sheen and a sparkle of midnight blue"" *** **day 8** * light: shiro cosmetics snake, ""bright, lightly shimmery chartreuse""  * medium: afk cosmetics the bone mother, ""dark cocoa taupe with blue shimmer"" * dark: hello waffle the blind neighbor, ""dark charcoal brown with subtle pink shift and pink-ish purple sparks"" *** **day 9** * light: hello waffle maia, ""a creamy baby blue with orange shift and green sparkles"". * medium: shiro cosmetics is mayonnaise an instrument, ""bright, lightly sheer shimmery coral with a green shift and purple and green sparks."" * dark: hello waffle rumpelstiltskin, ""dark green with chunky gold sparks"" *** **day 10** * light: hello waffle richer and finer, ""mid-toned dusty rose"" * medium: hello waffle the great catsby, ""green duochrome over a periwinkle sky blue with flecks of starry gold."" * dark: hello waffle franz katfka, ""beetle brown loaded with green and gold sparkle"" *** **day 11** * light: shiro cosmetics master of whispers, ""soft golden shimmer shining through pale lilac silk"" * medium: hello waffle a gentleman, ""sheer royal blue"" * dark: hello waffle little swallow, ""dark glossy navy with lighter turquoise shift and aqua twinkle"" **pe** *** **day 12** all hello waffle cosmetics * light: call me ishmeow, ""white with seafoam blue sheen"" * medium: a trail of burnt forests, ""shimmery bronze"" * dark: house on legs, ""the base on this is hard to describe but deep brown/black with a tinge of purple and green with lighter turquoise sparks and blue/pink shimmer"" *** **day 13** * light: hello waffle  a little lonely house, ""dirty champagne shimmer"" * medium: shiro cosmetics little bird, ""delicate matte mauve/beige pink"" * dark: innocent and twisted alchemy children of the stars, ""a sparkling blue with a purple undertone and has aqua and golden sparkles"" **pe** *** **day 14** * light: hello waffle plates of gold and silver, ""shimmering silvery off-white with golden sheen."" * medium: hello waffle angel of the flower, ""flowery magenta with violet shift and blue sparks"" * dark: innocent and twisted alchemy children of the stars, ""a sparkling blue with a purple undertone and has aqua and golden sparkles"" *** **day 15** * light: darling girl april showers (spectral shift), ""orange with blue shift"" **pe** * medium: hello waffle the closet, ""dark brown-toned burgundy with silver sheen"" * dark: hello waffle edgar allan prrr, ""matte black base with blue, turquoise, and violet microshimmers."" *** **day 16** * light: hello waffle veil, ""an off-white. leans lilac/pink. matte"" * medium: uponaworld cosmetics clock strikes midnight, ""mauve-toned taupe with gold, green and blue sparkle"" * dark: hello waffle cinders and ashes, ""a dirty dark brown with turquoise sparkle and flashes of violet."" *** **day 17** * mac paint pot in soft ochre as a base * light: hello waffle what was promised (fairydust overshadow), ""sparkly gold in the jar but turns green over skin!"" * medium: fyrinnae inappropriate popsicles, ""bright, rich purple, nearly matte, with a very slight satiny finish."" * dark: hello waffle fires, ""darkened red-brown with green to red shimmer"" *** **day 18** *light: hello waffle glass slippers (fairydust overshadow), ""a shimmery lilac with an explosion of sparkle."" * medium: hello waffle check meow't, ""reddened mauve base with blue shift"" * dark: hello waffle little swallow, ""dark glossy navy with lighter turquoise shift and aqua twinkle"" *** **day 19** all hello waffle visage shades * light: ta rose, ""a strong rosy peach with golden shift"" **pe** * medium: basket of flowers, ""dark burgundy with intense green and turquoise shift"" * dark: 100 year sleep, ""deep eggplant purple with pink and purple sparks"" *** **day 20** * light: hello waffle pretty bodice lace, ""light pinky peach beige. matte."" * medium: femme fatale cheap tricks, ""a vibrant mid-tone pink with shiny green-gold sheen."" * dark: hello waffle the rightful king, ""a rich brown with golden orange twinkle"" *** **day 21** all hello waffle * light: to save a prince, ""shimmery peach gold"" * medium: turned to stone, ""stoney grey with violet shimmer and golden sparks"" * dark: franz katfka, ""beetle brown loaded with green and gold sparkle"" *** **day 22** * light: hello waffle in an underwater kingdom, ""seafoam green with an explosion of multicoloured sparkle"" * medium: hello waffle spinning wheel, ""matte orange brown"" * dark: fyrinnae the alchemist, ""striking green-aqua shimmer on a semi-transparent black base (will be opaque over a sticky base, but not over primer)."" **pe** *** **day 23** * light: hello waffle if i could cry, ""purpley-pink with copper-green shift"" * medium: corvus cosmetics sea witch, ""deep teal with golden green shimmer""  * dark: hello waffle the blind neighbor, ""dark charcoal brown with subtle pink shift and pink-ish purple sparks"" *** **day 24** all hello waffle visage shades * light: only through swimming, ""sheer pale pink with a turquoise shift"" * medium: first house in the village, ""soft ochre with blue glow"" * dark: the house on legs, ""the base on this is hard to describe but deep brown/black with a tinge of purple and green with lighter turquoise sparks and blue/pink shimmer"" *** **day 25** all hello waffle * light: satin pillow, ""a light ochre tan. matte"" * medium: les baobabs, ""sheer pastel green with copper shimmer"" * dark: rumpelstiltskin, ""dark green with chunky gold sparks"" *** **day 26** * light: hello waffle portrait of purrian gray, ""matte gray base with intense gold sparkle"" **pe** * medium: darling girl we need a bigger boat, i don't have an official description for this shade. i see it as a glowy medium turquoise with purple glitter. * dark: hello waffle thorn hedge, ""shimmery dark grey with pink and purple sparks"" *** **day 27** all hello waffle * light: catticus finch, ""satin greyed purple with a copper sheen"" **pe** * medium: the color purrple, ""medium toned purple with a cool violet glow"" * dark: the blind neighbor, ""dark charcoal brown with subtle pink shift and pink-ish purple sparks"" *** **day 28** i ran out of dark and light shades, drew 2 medium shades instead * femme fatale balmy summers, ""a gorgeous goldenrod yellow with strong tawny tones, and a soft green/silver shine."" * shiro cosmetics clever girl, ""a satisfyingly dinosaur-y olive green with strong blue shift"" *** **day 29** * hello waffle hisster prynne, ""a glowing red."" **pe** * hello waffle a huntsman, ""midtoned brown. matte."" *** **day 30** * shiro cosmetics hodor, ""medium near-matte taupe"" * fyrinnae serendipity, ""a glowing iridescent copper highlight"" **pe**",1
137235,"doesn't work for high contrast tanned or darker women (people who can wear black, pure white, silver, amethyst, and hot pink without looking weak or washed out). this is an extremely bad move on these folks as they need color (no ""nudes"" as anything brown based will read dirty on them instead of organic).  for the darker women (tanned or darker with dark or **warm** hair), this might not be bad if you can wear warm colored jewelry such as gold and rose gold as you can use these in cosmetic colors too so obviously warm toned lips won't look off. for cool toned darker women though this is a one way speed ticket to looking 10+ years older and dry since they don't have brown or orange undertones (flush) even if they might have it as their overtone (color). i did makeup while in college, worked with a lot of makeup artists, and this nipple rule is golden for the warm toned women but nonsense for the cool toned women unless they're pale. great rule, but if you suit silver jewelry and tan or medium dark **do not** do this as this will make your sort look green or mottled as brown shades often have a strong orange or red base which cool toned medium dark people **do not have**. the only cool toned people that can and might wing this rule are those with mediterranean dark or arab or mixed hispanic coloring since they're neutral dark often (can wear gold, bronze, copper or silver and brown eye makeup a la jenna ortega, monica bellucci), paler high contrast folks a la sophie ellis bextor or darker folks like duckie thot. examples of medium dark high contrast folks that **can't** do the nipple lip rule: tinashe, thandiwe newton, dania ramirez, catherine zeta-jones, christina ricci, constance wu, victoria justice, jameela jamil, sarah silverman. basically medium dark folks with bright eyes (whether they're brown doesn't matter bright means sparkling; brown eyes with darker rims that are noticeable fall into the ""bright""/sparkling since they're not deep and would reflect differently or more nuanced (less deliberate) if their owners lightened their hair) with very dark hair and/or are not favored by the nipple lip looks, doing so will mute them down or sort of dwindle down their contrast/gloss which is not a favorable or desired move. it also actually manages to make their colorings ugly since the darker lips would distract from their rich hair colors which is another not desired effect as the folks with such colorings tend to have great hair far more than not. when you have thick, lush hair, why would you want people to not admire that wanted quality by looking at ghastly lips that literally drag your look down instead of highlight it?   this rule also doesn't work for medium/beigey women who lightened their hair aka ""dishwasher blondes"" a la jennifer aniston (who's actually a natural high contrast brunette in the style of jennifer connelly, megan fox and courtney cox but infamously lightened her hair to stick out in the early '90s for friends). the nipple rule will give dishwasher blondes the undesirable ""concealer lips,"" which no one wants as it makes their lips look less shapely and thinner. medium natural blondes a la pam anderson do win a lot by doing the nipple lip. very low contrast pale women (blonde, pale a la elle fanning) might also look terrible in this as not all pale women have pink nethers. some have them mauve or similarly colored to their skin with freckles (beige brown). fun fact: rouge and stains became made to fake the pinker nipples as a lot of women who are fair or pale don't have pinker or pink brown nipples naturally. stains like benefit benetint were originally used on nipples by prostitutes and escorts to mimic pinker nipples if they didn't have them.  basically the only people who can do the nipple rule are natural pale blondes with pink undertones/english rose looks (naomi watts, amy adams, rosamund pike), beigey natural blondes with peaches and creams complexions (charlize theron, jennifer lawrence), redheads (nicole kidman), and very muted/mousy natural brunettes who can go blonde since their brunette is very light (reese witherspoon) and then low contrast dark skinned brunettes (queen latifah, jada pinkett-smith). everyone else shouldn't do this.",1
641927,&gt; the swastica is not a german invention  most europeans and americans think that white people invented everything.,1
928483,"are white americans so hateful of african americans that they can’t allow any positive remarks about their history? america suffers from institutional racism, from the genocide committed in “god’s name” using manifest destiny as an excuse to cops killing black men and asking questions after to the suppression of black votes to the suppression of education about a blatant racist past and on and on. white supremacy is a mental disease. note all those who seek to reinstate trump are sick white racists.",1
407686,yeah its pretty racist that a white guy got a cold shoulder from a black dude.  seriously get the fuck outta here. you don't have to deal with institutional racism on a daily basis and be constantly harassed by the police and you have plenty of representation in the political arena. fuck you kid.,1
844215,"in these markets, you have no choice but to rent to low income people, but if you had the choice between a white low income person vs a black low income person, who would you prefer assuming they both give you the same problems. now you may call that racist, but every single landlord who wants to not be sued into oblivion knows the answer to that. i'm just making a comment on how it's easy to blame race and file lawsuits vs realizing it's not about race. by falling into the race card trap, you get more racism.",1
970372,"""it is history in a glass. an eruption of rich calves’ leather and mahogany, it reminds me of that extraordinary feeling of stepping into the sistine chapel; it has a true sense of provenance. there is smoke, but it does not overstep its mark; there is thick, creamy malt, but it is not cloying; there is sherry, but the whisky is not too dry. there is an array of vanilla, exotic spices such as cardamom and nutmeg, there are hints of toffee, cut hay, and sweet chestnut. and these flavours continue to develop over the palate.""  reminds me so much of:   bronwyn standing pale and tall in the nervous light that shimmered through a vibrating canopy of green leaves. the shifting bands of milky light and emerald shadow made her seem luminous, translucent, as though she were a tallow candle glowing beneath its own flame. like a porcelain lantern. like a curtain fluttering in a window at dawn. like a ghost that came and went with the twilight and darkness, that first veiled and then revealed.  her hair had the sheen of the sea beneath an eclipsed moon. it was the color of a leopard's tongue, of oiled mahogany. it was terra cotta, bay and chestnut. her hair was a helmet, a hood, the cowl of the monk, magician or cobra.  her face had the fragrance of a gibbous moon. the scent of fresh snow. her eyes were dark birds in fresh snow. they were the birds' shadows, they were mirrors; they were the legends on old charts. they were antique armor and the tears of dragons. her brows were a raptor's sharp, anxious wings. they were a pair of scythes. her ears were a puzzle carved in ivory. her teeth were her only bracelet; she carried them within the red velvet purse of her lips. her tongue was amber. her tongue was a ferret, an anemone, a fox caught in the teeth of a tiger.  her shoulders were the clay in a potter's kiln. her shoulders were fieldstones; they were the white, square stones of which walls are made. they were windows covered with steam. they were porcelain. they were opal and moonstone. her neck was the foam that curls from the prow of a ship, it was a sheaf of alfalfa or barley, it was the lonely dance of the pearl-grey shark.  her legs were quills. they were bundles of wicker, they were candelabra; the muscles were summer lightning, that flickered like a passing thought; they were captured eels or a cable on a windlass. her thighs were geese, pythons, schooners. they were cypress or banyan; her thighs were a forge, they were shears; her thighs were sandstone, they were the sandstone buttresses of a cathedral, they were silk or cobwebs. her calves were sweet with the sap of elders, her feet were bleached bones, her feet were driftwood. her feet were springs, marmosets or locusts; her toes were snails, they were snails with shells of tears.  her arms were a corral, a fence, an enclosure; they were pennants; they were highways. her fingers were incense. they were silver fish in clear water; they were the speed of the fish, they were the fish's wake. they were semaphores; they were meteors.  her spine was a snake. it was the track of a snake. it was the groove the water snake makes in the glossy mud of the riverbank. her spine was a viper, an anaconda. it was the strength of the anaconda. it was the anaconda's unknown hieroglyphic. her spine was a ladder, a rod; it was a chain, a canal, it was a caravan. her buttocks were fresh-baked loaves; they were ivory eggs, they were the eggs of the lonely phoenix. they were a fist.  her breasts were citrus, they were soapstone; they were bright cumulus and the smooth fingertips of musrum. her breasts were honeycombs and dew-beaded windows, or soft, sweet cheese. they were sweet apples; they were glass, they were cowries. they were the twin moons of the earth. the nipples rose like mecury with her heat. they rose like monuments atop flowered hills, above deserts of hot sand; the nipples were savory morsels, with the flavor of the forest.  her ribs were a niche, an alcove, an apse; her stomach was an idol in the niche, alcove or apse, an effigy, a phantom. her stomach was a beach, a savannah, a flagstone warmed by the sun, a cat asleep on the flagstone, a bleached canvas sail in hot southern winds. her navel winked like a doll's eye, like the eye of a whale, like the drowsy cat.  her pubes was a field of wheat after the harvest, a field neatly furrowed; it was a nest, a pomegranate, an arrowhead, a rune. it was a shadow. it was moss on a smooth white stone. there was an orchid within the moss. there was a drop of dew upon the orchid. it had the breath of moss-beds, of the deep seas, of the abyss, of scrimshaw and blue glass, of cold iron; she had the sex of rain forests, the ibis and the scarab; she had the sex of mirrors and candles, of the hot, careful winds that stroke the veldt, the winds that taste of clay and seed and blood; the winds that dreamed of tawny, lean animals.  ""you are quite beautiful, princess bronwyn,"" spikenard sang, with his sardonic grin and eyes as violet and hard as amethysts. ""your body is halfway between earth and dream, neither magic nor elemental, neither animal nor spirit.""  his long fingers reached towards her face, brushed her eyelids . . .  ""your eyes are the sound of rain.""  . . . followed the contours of her cheekbones and jaw . . .  ""chalkbeds and moonlight.""",1
156489,"&gt; i mean, american culture is nothing without black people.   yikes. if i said it the other way around id be banned. so tired of all the anti-white crap on here. the past week reddit has been hardcore anti white. it's horrible seeing how everyone is ok with it too including the mods.",1
765101,"i think the crucial point that you've missed is that ""society"" immediately blames the individual if they're white.  remember the btk killer?  he did it.  not society.  that was never in question.  on the other hand, when i see the nightly tally of black guys that have committed whatever felony you care to name, there's a palpable overtone of ""what's wrong with society?""",1
649793,you're assuming i'm white because i have a viewpoint different from your own. that's prejudicial and racist.,1
825784,"**search term: orange**  total occurrence: 41   total chapters: 27     ######&amp;#009;  ####&amp;#009;  #####&amp;#009;  &amp;#009;  &amp;#009;  &gt;| series| book| chapter| chapter name| chapter pov| occurrence| quote^(first occurrence only) |:-----------|:-----------|:-----------|:-----------|:-----------|:-----------|:-----------| | asoiaf| asos| 0| prologue| chett| 1| his legs were stiff, and the falling snowflakes turned the distant torches to vague **orange** glows. | asoiaf| asos| 6| sansa i| sansa stark| 1| butterbumps popped a whole **orange** into his mouth, chewed and swallowed, slapped his cheek, and blew seeds out of his nose. | asoiaf| asos| 8| daenerys i| daenerys targaryen| 1| flame roared from his mouth, **orange** and scarlet and black, searing the meat before it began to fall. | asoiaf| asos| 18| samwell i| samwell tarly| 3| off to the left and right, half-seen through the silent trees, torches turned to vague **orange** haloes in the falling snow. | asoiaf| asos| 19| tyrion iii| tyrion lannister| 1| the others had to scramble for seats: lord mace tyrell, a heavy, robust man with curling brown hair and a spadeshaped beard well salted with white; paxter redwyne of the arbor, stoop-shouldered and thin, his bald head fringed by tufts of **orange** hair; mathis rowan, lord of goldengrove, clean-shaven, stout, and sweating; the high septon, a frail man with wispy white chin hair. | asoiaf| asos| 24| bran ii| bran stark| 1| summer found it for them, sniffing out a shallow cave behind the greygreen branches of a towering sentinel tree, but when hodor ducked beneath the stony overhang, bran saw the **orange** glow of fire farther back and realized they were not alone. | asoiaf| asos| 25| davos iii| davos seaworth| 1| flickering **orange** light fell through the ancient iron bars from the torch in the sconce on the wall outside, but the back half of the cell remained drenched in gloom. | asoiaf| asos| 26| jon iv| jon snow| 1| the **orange** and yellow flames shone against the pale green water. | asoiaf| asos| 73| jon xi| jon snow| 1| for a heartbeat it flamed brighter than a star, wreathed in red and gold and **orange**, its wings beating wildly at the air as if it could fly from the pain. | asoiaf| asos| 34| arya vi| arya stark| 1| the shifting flames painted sandor clegane's burned face with **orange** shadows, so he looked even more terrible than he did in daylight. | asoiaf| asos| 35| catelyn iv| catelyn tully| 2| ""swiftly,"" ser brynden said, he nocked an arrow, held it steady for the brand, drew and released before catelyn was quite sure that the fire had caught... but as the shot rose, she saw the flames trailing through the air, a pale **orange** pennon. | asoiaf| asos| 36| davos iv| davos seaworth| 2| an iron brazier stood beside the king, its coals glowing a ruddy **orange**. | asoiaf| asos| 38| tyrion v| tyrion lannister| 1| ""a red sun on **orange**,"" he called, ""with a spear through its back."" | asoiaf| asos| 41| jon vi| jon snow| 2| they soon engulfed the **orange** sun, and lerm foretold a bad storm coming. | asoiaf| asos| 42| daenerys iv| daenerys targaryen| 1| the fires burned all around her, small **orange** stars strewn across hill and field. | asoiaf| asos| 44| jaime vi| jaime lannister| 1| elsewise, lord bolton would have peeled you like an **orange**, no?"" | asoiaf| asos| 46| samwell iii| samwell tarly| 2| he twisted his neck around, looking for his knife, and saw a dull **orange** glow. | asoiaf| asos| 52| arya xi| arya stark| 1| dark shapes moved in front of the flames, the steel of their armor shining **orange** from afar. | asoiaf| asos| 55| jon viii| jon snow| 1| mully, he knew from the man's greasy **orange** hair. | asoiaf| asos| 60| tyrion viii| tyrion lannister| 1| tyrion listened with half a ear, as he sampled sweetcorn fritters and hot oatbread baked with bits of date, apple, and **orange**, and gnawed on the rib of a wild boar. | asoiaf| asos| 63| davos vi| davos seaworth| 3| the nightfire burned against the gathering dark, a great bright beast whose shifting **orange** light threw shadows twenty feet tall across the yard. | asoiaf| asos| 64| jon ix| jon snow| 1| the cold knife of the wind stirred and swirled the flames, so the lurid **orange** light was always shifting. | asoiaf| asos| 66| tyrion ix| tyrion lannister| 1| behind it sat stout lord mace tyrell in a gold mantle over green, and slender prince oberyn martell in flowing robes of striped **orange**, yellow, and scarlet. | asoiaf| asos| 68| sansa vi| sansa stark| 4| there were apples and pears and pomegranates, some sad-looking grapes, a huge blood **orange**. | asoiaf| asos| 71| daenerys vi| daenerys targaryen| 1| all the grey bricks became red and yellow and blue and green and **orange**. | asoiaf| asos| 77| tyrion xi| tyrion lannister| 3| the coals in the beast's yawning mouth had burnt down to embers, but they still glowed with a sullen **orange** light. | asoiaf| asos| 78| samwell v| samwell tarly| 2| steel scraped against wood and leather, and radiance filled the solar; shimmering, shifting, a dance of gold and **orange** and red light, all the bright colors of fire.   **try the practice thread to reduce spam and keep the current thread on topic.**   _____ [^([more info here])](http://www.reddit.com/r/asoiaf/comments/25amke/spoilers_all_introducing_asoiafsearchbot_command/) ^| [^([practice thread])](http://www.reddit.com/r/asoiaf/comments/26ez9u/spoilers_all_asoiafsearchbot_practice_thread/) ^| [^([character specific commands])](http://www.reddit.com/r/asoiaf/comments/29ixvh/spoilers_all_uasoiafsearchbot_new_feature_can/) ^| [^([suggestions])](http://www.reddit.com/message/compose/?to=remindmebotwrangler&amp;subject=suggestion) ^| [^([code])](https://github.com/silver--/asoiafsearchbot-reddit)",1
274505,"let's count the ways your comment is bullshit:  1. i never claimed anyone was ""oppressing"" me.  2. i never blamed non-whites for anything.  3. i never claimed that non-whites were forcing white countries - and only white countries - into accepting mass immigration.",1
324908,"this is bs. i lived in chinese community in asia. the fact is that they want to look like white people. they use the creams to look whiter. becasue they see white people as rich people. have you noticed that most chinese girls on dating sites prefer white males even over the chinese males. i remember how my chinese male friends cried about their women picking up white boyfriends and their being left out of the game.   on top of that, i would tell you this chinese, koreans, and japanese people are the most racist people on this planet. not many of them would like to hear this, but ask a black guy who has been to any of these countries. he would tell you the same thing. they hate dark skin. i am brown skinned (indian) and they see me as a dirty skinned person and see me as lower in hierarchy after them, but a shot above the black. and white come at the top of hierarchy. so they want to get related to white, or sometimes call themselves white. another thing, never call chinese people yellow becasue they think they are white. to me there is no hierarchy, neither is there one for my gfriend. but like most indian females she wants to look white. and this not to impress me or other males but to impress her fe-friends.",1
359649,"the color scheme of your body  (from color me a season by b. kentner)  **summers**  the summer person has a very pale skin tone. their paleness is often of great concern to them because they look tired and washed out in wrong colors. it is the summer person's lot in life to never have a suntan. if they do tan, they will quickly fade out. i do not encourage summer people to stay in the sun because a suntan is not becoming to them. we should remember also, that over-exposure to the sun's rays can be harmful to the skin.  summer's skin usually has a transparent look to it. it is often fine textured. they have a delicate look in soft pastel colors. when wearing dark, unbecoming colors, dark circles appear under the eyes and all the imperfections of the skin stand out.   skin tone is light with a rosy-red or lilac undertone that does not come up to the surface. summers are not prone to blushing. one might describe the skin tone as transparent looking. in choosing a makeup undertone, they usually use the lightest color with pink tones.    the eye coloring of a summer is usually light blue or grey. they may have a grayish-green or hazel, but very seldom brown. it is most unusual to find a brown eyed summer.   as i talk about the color of the eyes, i want you to understand i am not talking about the season's pattern. another chapter will explain the pattern. what i am talking about is the overall appearance of color as you stand within talking distance to a person. if you carefully study eye coloring you will discover that eyes are really not one color at all, but a combination of many colors. each person's eyes are completely their own color. i have not yet found two persons with exactly the same color eyes. i even find that each eye is different from the other. no one eye in the world is the same as another.  some summers have such deep blue eyes they appear to be brown from a distance. upon close inspection, we find the eyes truly dark blue pools of color.  hair coloring on a summer is usually light brown or blonde and very often these people were towheads when they were little. here again, any hair coloring is possible and they may also have brunette or red hair.  the overall look to a summer is colorless. they are very dependent on clothing colors and makeup if they are a woman. the right colors are extremely important to a summer. color does more for a summer person than any other season.  **springs**   complexions of springs are of two types. 1- light amber with gold tones, and 2- darker suntanned look with a yellow undercast. there is one distinguishing thing with a spring person and it is usually of great concern to them. there is a tendency to blush easily. cheeks are often very rosy, especially after physical exertion or embarrassment. springs do not always have rosy cheeks, but there is a lively appearance to skin tone.  some springs have a very fair skin and ore often analyzed as a summer. the analyst must be very careful to note whether the skin has a rosy undertone or if it is more on the yellow or gold tone. very fair skinned springs who have been told they are summers are usually very dissatisfied with the light pastels of summer. spring people like the brighter colors and are happy wearing them. very light skinned springs will look better in spring colors and may even wear some of the summer colors. the proper cosmetics will help bring out the lively appearance of a lighter spring.  eye colorings of a spring are clear and bright, usually of one color, such as blue, blue-green, grey or grey-green. on close inspection, they may even have a great deal of mustard color yellow around the iris of the eyes. spring eyes have a lively appearance to them and may even appear to be watery. brown eyes are rare, but possible. more will be said on this in the next chapter.  hair may be any color. those red heads with sandy colored hair, blondes or taffy colored hair are often springs. it is not unusual at all to see a spring with very dark brown or black hair.  the overall appearance of spring is ""radiance"", especially when wearing the proper spring colors.  **autumns**   skin tones of autumns correspond to the spring season. that is, the color of the skin has the same gold or yellow undertone. the underlying cheek color, however, is more gold or orange toned than a spring. springs have the same skin coloring, but with rosy colored cheeks. autumns have more of a bronze look to the complexion.  there are fair skinned autumns with lighter gold tones to the skin. a fair skinned autumn will generally have the lighter colored blue, green, grey-green, or any combination of blue and green eyes. a dark autumn often has brown eyes or green eyes with many brown and gold flecks. autumn eyes will generally have gold or brown coloring around the iris or they may be almost clear opaque green with small flecks.  here, again, a fair skinned autumn will be beautiful in autumn colors in their most vivid hue, but they may wear autumn colors in the more pastel shades, giving them a great variety in the earth tones.  i find that hair tone in the autumn is more helpful in analysis than any other season. hair will have a bronze or metallic look to it.  once in a while, i find someone with jet black hair who is an autumn. this is always a delight to me as they are pleasing to the eye when wearing their proper colors. remember, do not rely on hair coloring to find your season!  **winters**   winters skin tone is cool with rose undertones. fair skinned winters may appear almost white, yet the skin will be a bit darker than the very pale skinned summer. there will not be the translucent look that a summer person has. rosy cheeks will not appear naturally on a winter person, this must be added with makeup and is very becoming as i will explain in the chapter on that subject.  dark skinned winters are usually olive skinned with a rose undertone. eye coloring is grey, blue, or combinations of blue and grey, usually not green, very often brown or almost black-brown.  occasionally i find a blonde winter. i get very excited when i find someone with unusual hair or eye coloring for their season because the effect of wearing their proper colors for skin tone can be very dramatic.  most times, a winter person will have brown, dark brown to very black hair. olive skinned winters generally have very dark or black hair. white hair is particularly becoming to a winter.   we may find many unusual variations to the seasons. white hair may be found on every season because of age. often times, a white haired person is analyzed as a summer or winter but in reality would benefit from wearing their proper spring or autumn colors.  as i said before, i get excited with the unusual, because proper clothing and makeup colors create a dramatic picture.  we are trying to find our correct season so we may wear the proper colors. when we are attired in becoming color, people see us, not what we are wearing. when not attired in proper color we appear sallow skinned, tired and ill. every wrong facial contour is accented and blemishes and dark circles stand out. the aged skin appears more lined. when we find our season's colors, our countenance appears to be-   summer - soft, delicate, peaceful, serene, comforting   spring - vibrant, alive, radiant   autumn - dramatic, tawny, coppery, metallic   winter - cool, icy, elegant, regal  we find here a pattern emerging - summers and winters are the cooler seasons - springs and autumns the warm. for accent colors it is wise to choose the corresponding season's colors rather than the other two.  remember, the blue, rose tones of summer and winter; yellow or bronze tones of spring and autumn.",1
922232,"i'm a white south african.  in high school, my ap psychology teacher jokingly refused to give me a signup sheet for the national exam unless i put ""african-american"" on the paper.  also, my brother put african-american on a few of his college applications and managed to get a few scholarships for it.",1
207208,"literally just white. that’s it. the coolest skin in the bp is the scar skin, but since the scar is just a 20rd lmg it’s basically useless. bp is definitely a waste imo. you’re really just paying $10 for sprays and stickers.",1
666691,"i am a very very pale person. i grew up in ireland and other irish people often exclaim how unusually pale i am. i moved to london which is very diverse and am a professional make up artist and writer.  no one has ever used food terms to describe my pale skin and red hair. and it absolutely infuriates me mua wise when people use caramel etc as a vague descriptor while i am screaming ‘what undertone? what highlight? what texture and light reflection?’ even saying someone grew pale, i’m like ‘grey toned? yellow toned? ashen? the darker highlights of their skin receded showing the undertones?’ because scared pale versus vomity pale versus ill pale are wildly different. shadows and bruises are multi dimensional in colours too. no such thing as purely a red welt.  but the amount of food descriptors for people of colour is so crass. it’s dehumanizing reducing them to body parts or foodstuffs without broade character arcs. it’s also often hypersexualising and it shows people think all brown skin is monolithic.  coffee coloured? tell me you also don’t know much about your colour references too. are we talking espresso, a stirred cappucino with the foam soaked in? an instant heaped with creamer? and how come no one is ever described as tea coloured? a lot of black teas have ruby or chestnut tones very similar to brunette hair.   but you never see someone like me described as ‘her skin was creamy like mayonnaise. so pale any tan would look like you had made it with mustard not the clarity of lemon juice. her freckles looked like sand across her shoulders until her pumpkin coloured hair brushed one as she leaned down to put her shoe on. she tied it up into a ponytail and the rich red streaks from the sun the same deep ruby as freshly brewed tea showed how much she had caught the sun. they could only be freckles when you realised that.’  my ass genuinely looks like a hard boiled egg halved but funny how no one says that except my brazilian gf to mock and shake off being called honeyed *again* when actually she admits she’s more the shade of hand cooked kettle chips.   the food descriptors tend to be cliched and inaccurate because honestly how many times have you ever met a person and thought they have cinnamon eyes or pecan skin? brown as a colour is only rivalled by grey for the breadth of tones it can encompass. brown or black skin has around 50-60 undertones to around 12 in white skin if you are colour matching make up and that’s just the basic starting points. mixed heritages can increase that dramatically.  so until someone describes me as having breasts like mounds of buttery mashed potato, i cringe at pretty much every food-colour descriptor. because what kind of potatoes???",1
257403,strangely brown.,0
402541,"in any case, here is the full text.        i recently read a thread on /r/makeupaddiction where addicts talked about how much they spent on their “hauls”, and i nearly peed myself. if you enjoying spending thousands of dollars annually on makeup, then power to you, but for the rest of us mere mortals, building a collection can be tough.  the important thing to remember is that a makeup collection has diminishing returns. the first punchy purple lipstick you buy will have you strutting down the street feeling hot as rihanna, and the temptation will be to buy another to get the same feeling-- this is a really easy way to empty your bank account. remember, a girl only has so much face to decorate.  with this is mind, i decided to make this guide for those “starting out” building a makeup collection. i now own a mix of low, mid and high-end products, if i could go back, i could save some serious dough.  *disclaimer: i'm white, and freckled, with dark features. if you are not, the shades recommended might not work for you. i did my best to use “universal” colours, but how universal they really are is up for debate. mostly, they're just universal amongst the different kinds of “white” and “white-ish” people. i encourage a woman of colour to make a similar guide.*  *i'm canadian, so many products may be different from where you live. for example, i don't have anything by “sleek” because it's not sold here, but it comes so highly recommended that i included several items. also, i obviously have my favourite brands. don't be hating.*   ok, let's do this   **start with the face**  of all the subjects, face makeup is the most personal because it depends so much on your skin's texture, colour, and whims. i, for one, am allergic to pretty much everything that exists. so this isn't going to be as cut and dry is the rest, so let's get it over with first.   **foundation**  foundation is really personal. because your skin is unique, what works for me may not work for you. the best way to buy foundation is to get samples whenever possible, and wear them out. foundations often oxidize- this means they change colour over time. so when that mac diva has you lookin' so fly you take the set, you might still look like an oompa loompa in an hour. test yo' foundation.  if you've never worn foundation, i recommend starting with a bb cream or tinted moisturizer. because they are sheerer, you don't risk the “cake face” effect.  garnier has a decent one, so does nyx. the colours are generally very limited, so again, try to test them.    application:  you can use a brush or a sponge, up to you:  * real techniques miracle complexion sponge * real techniques expert face brush  **concealer**  under-eye concealers should have an orange tint to cancel out the blue-purple hue of your sleep-deprived bags. i like nyx under-eye concealer.   for the rest of your face, mac pro-longwear concealer will cover whatever you have to hide, but god damn that pump. unless you have the dexterity of a tolkien elf, good luck not coating your life with this amazing crap.  application:  * honestly, i just use my fingers to pat it on.    ok that was fun now let's talk about the good stuff  **finishing powder**  finishing powder is amazing-- it will make your makeup stay put and “soften” the whole look. all the powders on the market are essentially silica or cornstarch or both. you can also use these under your foundation (mua likes to call this the “wayne goss” method).   * e.l.f. studio high definition powder in “sheer” * nyx studio finishing powder   for a little added oomph, try pumpkin and poppy aphrodite. it's got slightest shimmer to it that isn't visible but makes you look more alive. if i'm running out the door, it's moisturizer+sunscreen+bb cream smooshed together in my hand, then this powder and good enough.   *  pumpkinandpoppy aphrodite inner glow powder (hourglass diffused light dupe)  application:  * e.l.f. studio kabuki face brush  **contour powder**  contouring is hard and i hate it but if you want to try it nyx taupe or pumpkin and poppy oak bark are your best bet. they're cheap(ish), they're grey tinted so your shadows don't look like brown smears, and they're easy(ish) to work with.  * nyx cosmetics powder blush, taupe * pumpkinandpoppy oak bark (taupe, cool toned contouring powder)  application:  * real techniques tapered brush  * makeup geek angled contour brush  * any cheap fan brush, eg e.l.f. studio fan brush   **blush**  nars orgasm is popular because it's a fairly “universal” colour. you can do the ol' pinch your cheek and match to that, or your can just pick one of these:  * nyx pinched * sleek rose gold * e.l.f. tickled pink  application:  the smaller brush is good for the apple of the cheek. the bigger one is good for a light application across the cheek bone. i use both most days.   * e.l.f. studio stipple brush * e.l.f. studio small stipple brush  **bronzer**  this is to make you look “sun kissed”, and not for contouring.  * elf studio bronzer in “warm bronzer” * elf studio contouring blush &amp;amp; bronzing powder in”st. lucia” (includes blush, which is nice, but too dark for really pale skin)   **eyes**  **primer**  yes, you need it. white bases are for under bright shadows or to lighten the lid, and “normal” primer is for everything else. use very sparingly, your “drop” of primer should be smaller than the head of a screw.  * nyx jumbo eye pencil in “milk” * urban decay eyeshadow primer potion tube in “original” (get the small one, it lasts forever)  application:  no tools needed.  **neutral shadows**  you will use neutral shadows a lot: these will be the base of your “smokey eyes”, your daily looks, and even you bright and wild looks. i don't recommend dropping $40+ on your first palette. my recommendations are in the $20 range and will work great with a primer.  * wet n' wild color icon in comfort zone  * if you can find it, wet n wild smoke and melrose palette * coastal scents 28 neutral palette  * urban decay naked basics * sleek i-divine palette in “au naturel” or “vintage romance”  application:  * mac 217 brush  * sigma e25 blending brush * e.l.f. studio eyeshadow ""c"" brush  * real techniques starter kit  **crazy shadows**  if you want to get wild, you can try one of these palettes:  * urban decay electric palette * sleek i divine in “ultra matte v1” or “acid” * any giant coastalscents palette   **eyeliner**  *felt style, get it in black:* * physicians formula eye booster®2-in-1 lash boosting eyeliner + serum * kat von d tattoo liner in trooper * stila stay all day waterproof liquid eye liner   *gel, get it in black:*  * wet 'n' wild - mega eyes creme eyeliner * maybelline's eyestudio lasting drama gel eyeliner  *pencil, get a brown one:* * urban decay 24/7 liner in “bourbon” * nyx slide on pencil in “brown perfection”  *powder:*  just use a black or brown eyeshadow with a damp brush. boom.  application (for gel or powder):   * e.l.f. studio angled eyeliner brush * mac 263 small angle brush * eco tools bamboo angled eye liner brush  **mascara** *in black or brown – please replace regularly:*  * cover girl lash blast volume * cover girl clump crusher * l'oréal paris voluminous mascara carbon black * maybelline new york volum' express the colossal cat eyes mascara * maybelline great lash * clinique bottom lash mascara   **lips**  **easy nude:**  * nyx butter gloss in “eclair” * revlon nude attitude (wear both together) * wet n' wild lipstick  in “just peachy” * rimmel lasting finish lip stick kate moss collection in “03” + * nyx cosmetics slim lip pencil in “natural”   **professional:**  * nyx matte lipstick in “tea rose” * rimmel lasting finish matte by kate moss in “104” + * nyx slim lip pencil in “mauve” * mac lip liner in “whirl”  **vampy:**  * wet n' wild lipstick in ""cherry bomb” * wet n' wild lipstick  in “sugar plum fairy” * wet n' wild lipstick  in “vamp it up” + * mac lip liner in “nightmoth” * rimmel london 1000 kisses stay on lip liner  * nyx cosmetics slim lip pencil in “current” and “deep red”  **sunny fuchsia:**  * mac lipstick in “candy yum yum” or “pink pigeon” * maybelline electric fuchsia  * revlon hd pink ruby (515) ultra hd lip lacquer * urban decay lipstick in “cat fight” * nyx soft matte lip cream in “addis adaba”  **classic red:**  * maybelline color elixir lip color in “signature scarlet” * revlon just bitten kissable lip balm stain in “romantic”  * nyx cosmetics matte lipstick in “perfect red” * revlon super lustrous lip color in “cherry blossom”  * rimmel lasting finish matte by kate moss in “104” * m·a·c lipstick in ruby woo (not for dry lips) + * mac lipliner in “brick” * any brands mentioned above  **lipglosses, in general:**  * revlon ultra hd lip lacquer * nyx butter gloss  **random bonus crap**  once you've got your ""base"" you can start playing around with adding it extra magic. i recommend fyrinnae.com , shirocosmetics.com , and makeupgeek brand at makeupgeek.com for affordable shadows in all sorts of colours and finishes. check out /r/makeupexchange to pick up items you're not sure about on the cheap (especially if you're american)-- learn to sanitize your products! when trying a high-end product for the first time, get it from sephora so you can get your money back if it sucks. once you know you like it, find it elsewhere for cheaper.  lastly, don't buy things because someone recommends them or because they're pretty: buy things because you want them. if you have 10 red lipsticks that you use regularly, for the love of christ stop buying red lipsticks. if you have a foundation that works for you, stick with it until it doesn't. buying makeup is only empowering to the extent that it allows you to express yourself. make sure you're buying it for you, and not because advertisement or shit-people are making you feel that you need to look a certain way. you are gorgeous in all your forms.   that is all.* **go forth and sparkle!** *",1
376398,"op we've got pretty similar colouring! i'm a fair-light neutral-cool olive with a bit of yellow tone, and fairly bright colouring and high contrast (dark hair, dark eyes); i can get a bit tan and veer neutral-warm, but beyond that i mostly burn.  it  helps to break down the components of your colouring. i enjoy purples/berries and cool greens because they work nicely with the olive in my skin; **pastels** makes everything 10x more wearable because the base blends well with my light skin, and this is usually my preferred way to mute colours (over a brown/grey base, which can look dusty/heavy on me fast); i like **jewel** tones because it plays well with my brighter colouring and high contrast; because of my neutral-cool colouring i can wear neutral-cool, neutral, and neutral warm tones, but very warm tones are a big no-go and sometimes tones that are too cool are tricky too. application style (for example soft edges vs. clean lines) and texture also makes a huge difference in how something shows up.  i really recommend trying to find celebrities, makeup artists, or beauty influencers that have similar colouring to you and seeing what they use! sue me, but i actually get tons of my fav makeup inspiration from kpop mvs (that's actually glamorous and flattering, and not just some weird 'editorial glam' makeup they throw onto the token asian in magazines), and for more colourful makeup, from 小红书. i used to think bright/unusual colours weren't for me, before i realized it was just the application style that messed it up.  here are my favourite kinds of eyeshadow colours:  * for soft browns, i absolutely love **milk tea browns**. peach milk tea, taro milk tea, caramel milk tea, rose milk tea. the milky quality makes it so soft and wearable. taupes with grey in them are also nice, but can get heavy on me easily so i always have to go with a light hand; they are good for contour though. * for darker browns, i love **deep cool browns** with hints of burgundy, plum, red, rose. i also preferentially defer to browns over blacks for liner, though sometimes i'll do black for certain looks. * for shimmery browns, i love an intensely sparkling, slightly **rosy bronze**; **jeweled pale golds** are also quite flattering if i'm going for a slightly warmer look. * my most flattering colour is a **soft dusty pink** or rosy beige. this always gets compliments. to be honest, almost any shade of pink works on me (except those shades that are marketed as soft warm pinks but end up pulling straight orange on me... looking at you charlotte tilbury pillow talk) **soft rosy mauves** are also very flattering, but better for 'deepening'. * pastels!! **pastel lavender** and **pastel pink** is very very wearable; **pastel coral/peach** is also very very pretty and gives a lovely spring fairy vibe, it's also the only way i can wear orange - they have to be a bit bright and have plenty of white base, tho; my absolute favourite is **pastel blue**, which gives the most perfect dolly effect and is one of the only shades my east asian eyes can wear as a true one and done. **pastel mint** can also be very pretty, but pastel blue works better on me; i think those with a pinker skin tone would prefer mint. * **deep jeweled/metallic/glittery blackened teal green**. this is another of my very best colours, it plays beautifully with my colouring and always gets compliments as well. it always puts me in a good mood, whether it's all over my lid or just a liner. i can wear **royal blue** or **cool blue** mattes too, but i prefer pastel blue. * **deep blood reds**, **berries**, and **burgundies**. red is my best colour and it makes a gorgeous statement on the eyes as well. dark purples are also nice, but for some reason, even on the cheeks or lips, i can't go too blue; i like a slightly more reddish purple. also, layering a grungy dusky green duochrome topper over a burgundy matte? perfection. * for multichromes/duochromes im partial to, anything with a pink base goes, but i have an especial soft spot for muted warm pink bases with a brilliant pale blue flip. for sheer toppers, pink is my fav, but i also love blue and lavender, and i can do a sort of mint/chartreuse sometimes. * for neutral highlighting shades on the eyes, i prefer a more ivory or pinky tone, but light champagne works nicely for warmer looks too. * for textures, i love mattes (i consider satins as mattes too), textured intense shimmers with a scattered sparkling finish, and sheer pearlescent finishes.  here are colours (and textures) i cannot wear:  * **greys** and **silvers**. nope. it doesn't play nicely at all with my bright colouring and makes me look dusty and sick or like i faceplanted into a fireplace. the only exception i've found is if i can perfect the texture of slick wet metal, then i can sort of pull of silver. * **yellow**. i look jaundiced and sick, which weirds me out since i have some yellow tones in my skin?? but oh well. yellow isn't one of my favourite colours anyway. * **olive green**. another weird one, since i have olive in my skin, but it gives the effect of a black eye on me. i can just barely pull it off if i try really hard, but i've mostly given up on it, though i love a gold and olive eye look on others :( i think this works better on warmer, muted olives. * **warm browns with orange undertones**. this is a hard, hard, hard no. i cannot wear strong yet muted warm tones like this. i love pastel coral/peaches and i can just about pull off a super vibrant reddish coral, but that's where i draw the line. i can't go anywhere near this territory without looking sick af. * i can't wear soft shimmers or soft metallics. they look very crepe-y, dusty, textured in the worst way on my eyelids. it only kind of works if i buff them really well into my skin, or if i can get a really molten liquid effect from the metallic (ie. using tom ford's wet-dry formula with a lot of water).  here are a few of my favourite eyeshadows/eyeshadow palettes:  * **peripera kitten beige**. i prefer it over stila's kitten karma for a gorgeous, slightly rosy, just the right depth of sparkling glimmering gold. * **mac soba**. a soft, gently warm, gently luminous caramel brown. extremely natural on my skin. * **etude house look at my eyes jewel or203**. the prettiest summer fairy coral peach with a glimmering gold duochrome. * **clionadh oculus** or **innisfree g14** for a dark blackened teal with a molten vs. glittery finish respectively. so beautiful. * **clionadh grisaille**, **abrasion**, or **tom ford pretty baby** for that rosy base with a stunning blue flip; grisaille is the brightest and prettiest, abrasion is the purple-est, pretty baby is the warmest/most muted/everyday wearable. * **rom&amp; dry rose**. the peach milk tea shade is possibly my all-time favourite eyeshadow. **clio simply pink** also has lots of very pretty soft pink beige tones. * **3ce some def**. beautiful neutral-cool palette of soft neutral mattes with some rosy, beige, lavender, grey undertones; it's my go-to neutral palette, along with **pmg divine rose**, which can be a bit dusty/muted on me, but it has a very lovely rosy black honey shade. * **huda new nudes** for all my rosy mauvey lavender berry dreams, and **mercury retrograde** for those pastel ice cream cake vibes with the pastel lilac and mint and rose and jeweled golds and that delicious blood burgundy and that blackened teal... * **colourpop blue moon**, my gateway to blue eyeshadow, i will never stray -- two beautiful pastel blues, and an array of other glorious tones in a very easy to work with formula. * i shattered mine rip but **etude house caffeineholic** has a beautiful array of soft caramel, rosy, bitter cocoa brown tones (tho i mostly religiously involve the few more orange brown shades). by comparison the cult favourite 3ce overtake made me look like i faceplanted into a pumpkin patch. rosy browns my ass. * don't own it yet since i'm saving it to gift to myself for christmas/my birthday after my one year no-buy ends, but im convinced **pmg huetopian dream** is about to become my new favourite palette.",1
307451,"i had little boobs for a while too... but when i got my braces off and a proper haircut i was on my way to having better self esteem... i was also ""nerdy/academic/artsy"" and the guy i liked was a ""jock"" and didn't like me back and dated another sports girl instead...  then in high school i got a better look even though i was always naturally skinny, and from junior year through my first year of college, i dated a guy after giving him my virginity. he ended up being kind of verbally abusive... and when i confessed depression and suicidal thoughts to him, he told me i was weak and needed to grow up... and in my distraught state, i'm not proud, but i cheated on him and dumped him.  i'm not proud of how it played out, but it ended up getting me to a safer place. after dropping out of college, i went through rigorous depression treatment and an epilepsy diagnosis. i'm doing much better now...  and you know what, i'm not afraid to seem vain when i say it, i've grown into a nice figure, and i'm a confident, smart, sexy blonde bombshell.  time heals, after all.  so stay strong, friend. keep growing confident and years from now when you run into your old high school peers, you'll make heads turn.",1
205837,is it me or do white rappers use young girls in videos and black rappers use same age and older girls in videos?,1
188816,"crack, crack, buying crack, wanting crack, laughing out great bursts of cracksmoke, holding in the hits of crack, letting the disconnected sockets and bleak breakers surge in swoops of smoke fresh from my lungs, i loved each gust of crack curling in cold clouds within the chamber of my chest, tiny white slivers and pebbles of crack, the numb gutter weight of crack, hovering holy in heavings and the heavy hot sky, laughing at us for wanting such dull stars, crack crowding the slits in the sidewalk, a piece of crack for every hole in my heart. breathe in a swoon, exhale a sob, as the liquid crystal cremation made feathers out of your promises. butane brings out the best; glass glowing hot as haloes, the delicate crackings and pristine pops of cooking crack and the delirious first virginal puff of cracksmoke, white as our wanting, crack to cool down my hot rags of lungs, scrape out the clinging mockeries that made my soul an echo-chamber for all the voices that burned through night air to sink into the pits of my ears. the golden wink of copper wire, our faithful filters. 'they made me cut my hair and get a job/ pain is age, i am 1000 right now, so old;' you see how it went -- regularly throwing heaps of love onto bonfires, letting the sun sink illuminated phantom trackmarks into the stretch of forearm, iron chains for post-adolescent aches we were unprepared for -- the incredible press of purity's decline  crack, i fell in love with you, with your filthy voidness.  certain logistical facts have been altered, on the off chance a cop will stumble across this erowid account and come bust those crack dealers who were always treated us with respect and easy kindness even though we were obviously outsiders, radiaingtly white, green, young and inexperienced honky kids in camden, driving the shittest car in the worldin a decrepit neighborhood, the kind that always makes me want to write poems about the wretched tricks god played on men.  it only ever took 20 minutes to pick up crack -- a quick run down a highway, that special exit i can't pass anymore without cringing, and desiring. they were always there, waiting on hyacinth st., hands perpetually in pockets, faces impssibley young, bare brown incision lines of chest hinted at as their wifebeaters fluttered. they always had dimebags, hidden either in their gums, or in a secret box concealed in trashy woods strangled between rowhomes. an exit, a left, and you were on hyacinth street. we used to go about twice a week, buy the rock, buy a crackpipe for a dollar at 711 or shady mid eastern run convencience stores, the copper filters at the dollar store. they were right across the street from each other. if you had twelve bucks and a car you could smoke crack any hour of the day.  this is how it was, how we came to fall in love with such filthy fragmented opaque flames:  wistful waverings of whitehot afternoon, sultry silhouettes stark. they smelled us as we wafted in on the freeway currents; we stank subtly of guttings, of peroxide holes, imperfectly constructed skeleton savior dreams. they lounged in the loud luster of blank sun that baked the bricks and asphalt and the tangled vermillion agony of lonely trees, wild ivy and long grass reeking green in thick stripes between slumping townhouses, whose walls had absorbed a stricken procession of foster faces, deadbeat halfsmiles. they saw you, smelled all the cultivated bruises pouring out of your watchful face, then they would sink into the trash-tinselled trees, the leaves would close curtly behind them; or they would spit quickly, deftly into their pale palms; the ritual of bringing forth small pale rocks, cradled in skinlike red or blue or brown plastic, sometimes yellow plastic, never clear plastic. the wrinkle-wrung faces of grandmothers would shift over our plastic ivory-plated faces through the open spaces of our rolled-down windows; we'd shrink away sweating in shame. the grandmothers held the shadows between their teeth; they were the granmas of the boys with their hands perpetually in their pockets, the boys who brought us over with specific whistles, mystic motions to let us know. to let us know.  crack, crack, buying crack, wanting crack, laughing out great bursts of cracksmoke, holding in the hits of crack, letting the disconnected sockets and bleak breakers surge in swoops of smoke fresh from my lungs, i loved each gust of crack curling in cold clouds within the chamber of my chest, tiny white slivers and pebbles of crack, the numb gutter weight of crack, hovering holy in heavings and the heavy hot sky, laughing at us for wanting such dull stars, crack crowding the slits in the sidewalk, a piece of crack for every hole in my heart. breathe in a swoon, exhale a sob, as the liquid crystal cremation made feathers out of your promises. butane brings out the best; glass glowing hot as haloes, the delicate crackings and pristine pops of cooking crack and the delirious first virginal puff of cracksmoke, white as our wanting, crack to cool down my hot rags of lungs, scrape out the clinging mockeries that made my soul an echo-chamber for all the voices that burned through night air to sink into the pits of my ears. the golden wink of copper wire, our faithful filters. 'they made me cut my hair and get a job/ pain is age, i am 1000 right now, so old;' you see how it went -- regularly throwing heaps of love onto bonfires, letting the sun sink illuminated phantom trackmarks into the stretch of forearm, iron chains for post-adolescent aches we were unprepared for -- the incredible press of purity's decline.  they draped themselves over porches and leaned coolly against streetlights and tree trunks, lines of sweat glazing the brown achings of their faces. we would flash fingers at them, one or two or four or six; the bills already in slender folds, pressed into the underside of our hands, undercover in pockets, against the shake of leg. the freeway bleeds into hyacinth st., where white is the color of wanting, corona leaving clouds in their mouths, we smoked more cigarettes than they ever did, and hid in the smoke. when rain came to christen their concrete stretches they stood under dark umbrellas, measuring the vibrations of the avenue with their eyes. sometimes blunts dangled from the corners of their sunstuffed lips, smelter-smiles of smoke-slidings curling up into the curd of clouds. bleached through with aluminum streamers of august sunshed, held together with bricks, a fellahin swapshop of human souls that called out in magnetic offerings, called all of us there, to sweat shards in a filthy fever exchange. tiny white fragments through thin, colored plastic. fractional fadings of the lean street would come to infect some pulsing place buried in the gristle spectrums of our intellect; we would be drawn from the exhaust and imploded smoothness of our own streets, into the car and onto the slick run of the highway.  then because we were long we'd drive around the nieghborhood, the nieghboring townships, taking turns steerin for whoever wsas sucking the glass dick'; we made endless circles around suburban developments, passing the crackpipe back and forth bteween us, simply becuase we had no other place to go.  crack: i belive crack to be an insiduous drug. if evil could have a physical form, crack would be it. the bliss when you suck in a good hit and hold it in is indescribable -- bliss, joy, euphoria, cool numb ecstasy sweeping through your body; it begins in your lungs and radiates outwards, filling you fully with an absolution, a swooning poisoned sweetness, uncomplicatedand delicious.  the high lasts about 5 minutes. if that. it's the best feeling you ever felt, followed immediately by the worst you've every felt -- it's impossible to describe a comedown from crack. suddenly the world is void, empty, hopeless, depressing and gray beyond words; everyone annoys you, you hate yourself and everything, and after you've smoked all your stash, you begin to ghostbust -- see pebbles, pieces of lint, that you think is crack. it never is.  i've spent hours of my life holding crackpipes up to lamps to see if there is any residue left to smoke. i sold most of my movies for crack -- everytime i go to look for a good movie i see they're all gone, and i say 'what the hell!' then i remember i sold them all that month i was into crack . . .  i've spent evenings alone with my crackpipe in supermarket parking lots; i've smoked so much my face and hands and feet have gone numb and my body shaked uncontrollably and my heart was deafening in my ears  however, i do not regreat a single moment of my involvement in the crack life for a while; i learned many things, and i feel proud that i was able to smoke crack more than 20 times and was able to stop fully.   source:erowid",1
650344,"""tectonic"" is french for ""white guys dancing""?",1
191473,"&gt;correct me if i'm wrong, but this does not mean that tanning every day beginning as a young person won't make many people look like old pieces of leather luggage by the time they're in their late 30s though, right?  you're wrong.  they didn't measure signs of aging, they measured melanoma rates and survival rates.  uva rays are pretty solidly tied to the physical appearance of aging... what the study indicates is that, sure, you'll look like the leather handbag of a crocodile - but all the (incremental!!!!) sun exposure has protected you, so people ""tutting"" you for all the tanning have less of an argument.  it's sort of like if they found that constant smoking protected you from lung cancer. sure, you'll still stink up a storm, your teeth and fingertips will yellow, and you'll age like a bitch - but the ""it'll give you cancer"" argument would be baseless.  another important bit, as i sort of emphasized before, is that what really seems to count is **burning**. just a handful of serious burns as a kid means your lifetime risk of melanoma rockets up. in the study you quote, daily (non-burning) sun exposure protects against burning. so, if you want to read between the lines, sun exposure **might** be perfectly fine and healthy *if* you don't burn.   being pretty damn fair-skinned and green-eyed, though, i burn easily. not quite as easily as gingers, but i'll keep the sunscreen handy for anything more than 10-15 minutes of activity.",1
196816,"gauze pads (the non-woven kind for around your sp site), stool softener and laxatives, alcohol wipes, electrical tape (for securing catheter tubing at the connection), catheter securement devices, a roll of mepore adhesive dressing if you have sensitive skin (to use instead of paper medical tape), abdominal pads, actual pads (if you are having a vaginectomy), various types of tight underwear to suit your comfort level, a bead-filled neck pillow (to sit on instead of a donut- don’t get a donut. the worst possible thing you can do if you get a vaginectomy since it puts all the tension on the stitches…), 5 gallon pail to put your catheter bag inside so it’s secure and easy to transport, dry shampoo, lip chap, nose moisturizer, reusable/washable mattress pads to sit/lay on to protect chairs and beds, elastic waist pants, comfy slip-op slippers, a step stool if you have a high-ish bed, a comfy throw blanket to put over the covers of your actual bed so your don’t have to fight with sheets and catheter tubing, healthy snacks pre-prepared that are easy to eat, as many frozen meals as you can possible store, bowel prep, and cloth bags or those grocery boxes to organize your dressing and catheter supplies.",0
768945,"non	whites	used by native americans to describe people who are ""non-native"". this can be directed at any race, but primarily used toward whites. simply a descriptive word used from native to native.     ofay	whites	used to be popular with political types who were down with their ""african roots."" made popular in the play ""a raisin in the sun."" possibly of creole origin meaning something similar to ""foe.""     off beat	whites	white people can't dance (well).     old fig	whites	figs are white cookies; used by the infamous ""word association"" skit on saturday night live with chevy chase and richard pryor     opie	whites	blacks call goofy whites this.     oquizi ohcha	whites	means 'white devil'. from africa     otaku	whites	a white person that tries to be japanese in every way     oyebo	whites	it literally means peeled skin. it is what the yoruba people of nigeria used to call the first europeans they saw.     palangi	whites	samoan name for caucasians     paleface	whites	the brim of a cowboy's hat would make an odd suntan across his face. the bottom half would be tanned dark, while the top half remained pale because it was shaded by the brim. the native american sign for a white person was wiping the index finger across their own face along the bridge of the nose, indicating the border between dark and light skin on a cowboy's face. they came to call the white men ""pale faces"".     pancake (2)	whites	dark on the outside, white in the middle.     paris hilton	whites	based off the hotel heiress who represents every negative stereotype about wasp women.     pastyface	whites	used mainly by blacks to refer to a really pale white person. the vanilla, creamy color of whites' skin that seldom gets exposed to the sun. derogatory in nature.     patty (2)	whites	whites used to pat black people on top of thier head for good luck. blacks reffered to whites as patty.     peckerwood	whites	originated in the south (pre-civil war by the slaves). comes from red-necked woodpecker. see: redneck     peckin	whites	reminiscent of farm life and chickens pecking the ground when eating seed.     perm sperm	whites	meaning they are forever white, since they were a sperm to when they were born through their entire live they stay white like a sperm.     persuasion	whites	similar sound to caucasion; implies their persuasive, scandalous actions and attitudes.     petrolera	whites	used by hispanics against white women that like black men. comes from the word petrolio or petrolium in spanish. indicates that these women like petrolium because them men they date are black like petrolium     pig-fucker	whites	one who engages in the act of pig-fucking, a favorite pass time among those hailing from rural areas of america's southern states.     pigmently-challenged	whites	self-explanatory     pilgrim	whites	all white people come from europe, they claim to be american, but they are not, they are pilgrims. it's a racist term because when white people realize the truth, whatever pride they have in being american will be crushed. this term is mostly used by mexicans and native americans, which happen to be the real americans, not whites.     pinewood	whites	pine being a whiter colored wood than most.     piney	whites	women who use the pine tree shaped car fresheners as perfume to remove a multitude of smells inherent to the white trash lifestyle.     pink toe	whites	they have pink toes     pinkaloid	whites	refers to skin color     pinky	whites	skin color closer to pink     pleb	whites	derivative of word 'plebian' maning white middle class common people. used in australia.     po'bucker	whites	corruption of west african ""buuker"" meaning devil, boogie-man or white man. poor white trash were referred to as ""po'buckers"".     polar bear	whites	refers to their skin tone.     pooty	whites	derived from tagalog ""puti,"" meaning ""white""     poppin fresh	whites	pillsbury dough boy     porch honkey	whites	white version of porch monkey.     powder	whites	skin color. might be from the albino guy in the movie powder.     powdered donut	whites	see ""egg""     printer	whites	printers are generally white. so is the paper that comes out of them.     pus	whites	blacks refer to whites as this because they are thought to infect everything they touch     pute	whites	pronounced ""poo-tee;"" filipino-american slang from tagalog's term for the color ""white""     pwt	whites	poor white trash     rabbit	whites	a reference to the peace sign of the 1960's being similar to rabbit ears. or could also reference white trash who have lots of children.     raw chicken	whites	middle aged white women with pot-bellies resemble raw chicken when naked.     recyclables	whites	a polite way of saying white trash     red beard	whites	used by taiwanese (and other asians) in reference to whites being hairy and light haired.     redneck	whites	previously referred only to the rural prejudice whites, mostly farmers, who have reddish necks (or a ""farmer's tan""). however, its usage has become a lot looser and now includes any racist white. see: peckerwood     reverse oreo	whites	white slur used by blacks. meaning white on the outside and black on the inside.     rhythmless nation	whites	refers to the fact that white people cannot dance. janet jackson also made an album called ""rhythm nation"" for people with rhythm (not white people).     ric	whites	white person who tries to act black. stands for racial identity crisis.     rice cracker	whites	whites who try to act japanese. defined as those who are obsessed with japanese culture, including but not limited to: frequently watching/reading and having an expansive knowledge of anime and manga, frequently listening to j-pop, wanting to learn japanese, playing copious amounts of bemani and rpgs (or just imported japanese games), collecting japanese merchandise, driving a rice burner, and wishing to visit frequently or even live in japan.     rice king	whites	white men who date asian women.     rice-chaser	whites	white men who solely go after (or have a fetish for) asian women.     ritz cracker	whites	a rich white person.     rock spider	whites	term used by english speaking south africans to refer to afrikaners. would not be suprised if used for black people as well, but definately more commonly used towards other whites.     round-eye	whites	asian derogatory term for american whites.     rube	whites	in the same league as hick. see: hick.     saltine	whites	same color as skin. same sentiments expressed as in ""cracker.""     saw	whites	stupid ass white. coincidentally also the word for ""white"" in cambodian culture or khmer language.     serial killer	whites	most serial killers are white.     serpent	whites	see: snake     sheep dip	whites	describes white ranchers that have sex with sheep.     sheethead	whites	refers to the kkk.     shiksa	whites	yiddish word used mainly by orthodox jews to describe non-jewish women or a jewish woman who doesn't observe all jewish precepts.     shit palm	whites	they never wash their hands when they go to the washroom     shit-kicker	whites	from farmers or country boys walking through the cow pastures.     skel/skell	whites	white trash. a centuries-old word that has made a recent comeback, seems to be used mainly by blue-collar whites. originally meant the lowest form of vagrant.     skinhead	whites	a popular white supremacist group.     slackjaw	whites	a recessive gene cause the lower jaw to protrude outward more than the upper.     slim shady	whites	from the rapper eminem, thought of as a white person who tries to be black.     smoke jumper	whites	white women who date black men.     snake	whites	refers to them being sneaky and evil.     snicker licker	whites	whites who date blacks     snow	whites	snow is white     snowflake (3)	whites	used in the movie ""bones"" for a black man's white woman.     snowman	whites	snowmen are white.     stormwatcher	whites	trailer trash that are forced to watch tornadoes while trapped in trailors.     stump/tree jumper	whites	rednecks use stump jumper or tree jumper against hillbillies lower than themselves, but they also use it to point out hillbillies that commit incest- jumping the family tree.     suddha	whites	sinhala (sri lankan language) word for white. similar to ""gora""     swan	whites	slut with a nigger (s.w.a.n.)",1
515990,all the commenters are unfunny white teenagers trying to use their lingo though,1
833442,"here's a compilation of all product lists/color descriptions!  **all days:**   undereyes:  * bobbi brown corrector in light bisque,  * make up for ever ultra hd invisible cover concealer in y23 * coty airspun powder  brows:  * innisfree eco eyebrow pencil in no 1 grey (now sold as auto eyebrow pencil no 3 dawning grey, i believe)  * h&amp;m beauty brow shaping gel  lashes:  * estée lauder little black primer * cover girl clump crusher in black/brown * tightline/eyeliner: mac fluidline in dipdown   **pe** means the shadow was applied over fyrinnae pixie epoxy (glitter glue)  shadows that were used as eyeliners were foiled with inglot duraline  *** **day 1**  * light: shiro cosmetics not a tame lion, described as a ""faded golden tan with blurple shift and copper-gold sparkle"" * medium: shiro cosmetics five years stuck on my eyes, a ""smoldering dusty orange-taupey-gray, like late sun on stormclouds, or embers in ash"" * dark: hello waffle cosmetics 100 year sleep, a ""deep eggplant purple with pink and purple sparks"" *** **day 2**  * light: corvus cosmetics chrismannukah, a ""sparkly white with subtle red and gold sparkles"" * medium: mad lab cosmetics snow lodge, a ""warm medium brown, cooled by a glimmering white frost and icy blue sparkles"" **pe** * dark: hello waffle edgar allan prrr (old formula) a ""matte black base with blue, turquoise, and violet microshimmers"". *** **day 3**  * light: femme fatale straw to gold (should probably have been in the medium bag, oh well), ""warm grey-ish mauve with copper sheen and green sparkles"" **pe** * medium: hello waffle before midnight, ""muted cranberry with orange sheen and pink sparkle"" * dark: fyrinnae the alchemist, ""striking green-aqua shimmer on a semi-transparent black base"" *** **day 4**  * light: darling girl cosmetics barbarella, ""metallic melon-y gold with a red/orange flash"" * medium: hello waffle hood of red velvet, ""merlot with golden shimmer (cake and wine)"" * dark: hello waffle fires, ""darkened red-brown with green to red shimmer"" *** **day 5** all hello waffle visage shades (le)  * light: the lamppost, ""shimmery fawn with golden shift"" * medium: red eyes,  ""matte burnt brick"" * dark: cinders and ashes, ""a dirty dark brown with turquoise sparkle and flashes of violet."" **pe** *** **day 6**  * light: femme fatale alpine skies, ""a super pale taupe with cool tones and prominent turquoise shimmer."" **pe** * medium: shiro cosmetics largest moon of still not a planet, ""rose-tinged taupe with intense turquoise shift and copper-gold sparkle."" **pe** * dark: hello waffle the rightful king, ""a rich brown with golden orange twinkle"" *** **day 7**  * light: hello waffle passage through the forest, ""a white-green with a stronger forest-green sheen and a twinkle of red and white"" * medium: shiro cosmetics mother of dragons, ""silvered royal purple over a blood-red base."" **pe** * dark: hello waffle neither wolf nor human, ""dark burgundy with a lighter orange/red sheen and a sparkle of midnight blue"" *** **day 8** * light: shiro cosmetics snake, ""bright, lightly shimmery chartreuse""  * medium: afk cosmetics the bone mother, ""dark cocoa taupe with blue shimmer"" * dark: hello waffle the blind neighbor, ""dark charcoal brown with subtle pink shift and pink-ish purple sparks"" *** **day 9** * light: hello waffle maia, ""a creamy baby blue with orange shift and green sparkles"". * medium: shiro cosmetics is mayonnaise an instrument, ""bright, lightly sheer shimmery coral with a green shift and purple and green sparks."" * dark: hello waffle rumpelstiltskin, ""dark green with chunky gold sparks"" *** **day 10** * light: hello waffle richer and finer, ""mid-toned dusty rose"" * medium: hello waffle the great catsby, ""green duochrome over a periwinkle sky blue with flecks of starry gold."" * dark: hello waffle franz katfka, ""beetle brown loaded with green and gold sparkle"" *** **day 11** * light: shiro cosmetics master of whispers, ""soft golden shimmer shining through pale lilac silk"" * medium: hello waffle a gentleman, ""sheer royal blue"" * dark: hello waffle little swallow, ""dark glossy navy with lighter turquoise shift and aqua twinkle"" **pe** *** **day 12** all hello waffle cosmetics * light: call me ishmeow, ""white with seafoam blue sheen"" * medium: a trail of burnt forests, ""shimmery bronze"" * dark: house on legs, ""the base on this is hard to describe but deep brown/black with a tinge of purple and green with lighter turquoise sparks and blue/pink shimmer"" *** **day 13** * light: hello waffle  a little lonely house, ""dirty champagne shimmer"" * medium: shiro cosmetics little bird, ""delicate matte mauve/beige pink"" * dark: innocent and twisted alchemy children of the stars, ""a sparkling blue with a purple undertone and has aqua and golden sparkles"" **pe** *** **day 14** * light: hello waffle plates of gold and silver, ""shimmering silvery off-white with golden sheen."" * medium: hello waffle angel of the flower, ""flowery magenta with violet shift and blue sparks"" * dark: innocent and twisted alchemy children of the stars, ""a sparkling blue with a purple undertone and has aqua and golden sparkles"" *** **day 15** * light: darling girl april showers (spectral shift), ""orange with blue shift"" **pe** * medium: hello waffle the closet, ""dark brown-toned burgundy with silver sheen"" * dark: hello waffle edgar allan prrr, ""matte black base with blue, turquoise, and violet microshimmers."" *** **day 16** * light: hello waffle veil, ""an off-white. leans lilac/pink. matte"" * medium: uponaworld cosmetics clock strikes midnight, ""mauve-toned taupe with gold, green and blue sparkle"" * dark: hello waffle cinders and ashes, ""a dirty dark brown with turquoise sparkle and flashes of violet."" *** **day 17** * mac paint pot in soft ochre as a base * light: hello waffle what was promised (fairydust overshadow), ""sparkly gold in the jar but turns green over skin!"" * medium: fyrinnae inappropriate popsicles, ""bright, rich purple, nearly matte, with a very slight satiny finish."" * dark: hello waffle fires, ""darkened red-brown with green to red shimmer"" *** **day 18** *light: hello waffle glass slippers (fairydust overshadow), ""a shimmery lilac with an explosion of sparkle."" * medium: hello waffle check meow't, ""reddened mauve base with blue shift"" * dark: hello waffle little swallow, ""dark glossy navy with lighter turquoise shift and aqua twinkle"" *** **day 19** all hello waffle visage shades * light: ta rose, ""a strong rosy peach with golden shift"" **pe** * medium: basket of flowers, ""dark burgundy with intense green and turquoise shift"" * dark: 100 year sleep, ""deep eggplant purple with pink and purple sparks"" *** **day 20** * light: hello waffle pretty bodice lace, ""light pinky peach beige. matte."" * medium: femme fatale cheap tricks, ""a vibrant mid-tone pink with shiny green-gold sheen."" * dark: hello waffle the rightful king, ""a rich brown with golden orange twinkle"" *** **day 21** all hello waffle * light: to save a prince, ""shimmery peach gold"" * medium: turned to stone, ""stoney grey with violet shimmer and golden sparks"" * dark: franz katfka, ""beetle brown loaded with green and gold sparkle"" *** **day 22** * light: hello waffle in an underwater kingdom, ""seafoam green with an explosion of multicoloured sparkle"" * medium: hello waffle spinning wheel, ""matte orange brown"" * dark: fyrinnae the alchemist, ""striking green-aqua shimmer on a semi-transparent black base (will be opaque over a sticky base, but not over primer)."" **pe** *** **day 23** * light: hello waffle if i could cry, ""purpley-pink with copper-green shift"" * medium: corvus cosmetics sea witch, ""deep teal with golden green shimmer""  * dark: hello waffle the blind neighbor, ""dark charcoal brown with subtle pink shift and pink-ish purple sparks"" *** **day 24** all hello waffle visage shades * light: only through swimming, ""sheer pale pink with a turquoise shift"" * medium: first house in the village, ""soft ochre with blue glow"" * dark: the house on legs, ""the base on this is hard to describe but deep brown/black with a tinge of purple and green with lighter turquoise sparks and blue/pink shimmer"" *** **day 25** all hello waffle * light: satin pillow, ""a light ochre tan. matte"" * medium: les baobabs, ""sheer pastel green with copper shimmer"" * dark: rumpelstiltskin, ""dark green with chunky gold sparks"" *** **day 26** * light: hello waffle portrait of purrian gray, ""matte gray base with intense gold sparkle"" **pe** * medium: darling girl we need a bigger boat, i don't have an official description for this shade. i see it as a glowy medium turquoise with purple glitter. * dark: hello waffle thorn hedge, ""shimmery dark grey with pink and purple sparks"" *** **day 27** all hello waffle * light: catticus finch, ""satin greyed purple with a copper sheen"" **pe** * medium: the color purrple, ""medium toned purple with a cool violet glow"" * dark: the blind neighbor, ""dark charcoal brown with subtle pink shift and pink-ish purple sparks"" *** **day 28** i ran out of dark and light shades, drew 2 medium shades instead * femme fatale balmy summers, ""a gorgeous goldenrod yellow with strong tawny tones, and a soft green/silver shine."" * shiro cosmetics clever girl, ""a satisfyingly dinosaur-y olive green with strong blue shift"" *** **day 29** * hello waffle hisster prynne, ""a glowing red."" **pe** * hello waffle a huntsman, ""midtoned brown. matte."" *** **day 30** * shiro cosmetics hodor, ""medium near-matte taupe"" * fyrinnae serendipity, ""a glowing iridescent copper highlight"" **pe**",1
533822,our great white hope.,1
620142,"90% of serial crimes are committed by white males, so they got that right.   there’s definitely a lack of lgbt representation, and in later seasons the bau team became more diverse.",1
538538,anyone else remember the old comedian slappy white?,0
830398,"actually, anyone with a passing knowledge of history would know that europeans used to favor whiter skin as well, since it was a sign of a indoor, sheltered lifestyle (as opposed to working in the fields). why do you think white snow, a princess, had ""skin as white as snow"" ?  the fad for darker (tanned) skin didn't come into existence until after the invention of summer holidays and sea bathing, in the early 20th century. since industrialization meant that the working class spent most of their time in factories, rarely seeing the light of day anymore, the ""class"" complexion changed.  before that, being tanned was a social stigma, but once the rich got tan and the poor pasty white, everybody jumped ship.",1
389403,"it's a very different thing entirely. it's just as wrong to say a 15 year old boy raped his 15 year old girl friend when they had consensual sex. now a 30 year old who does the same is probably guilty of statutory rape in most places. my point being that words mean something, and a word as evil as ""pedophile"" should not be watered down like the word ""racist"" has been. we have people marching in the streets saying that the state of being white is racist. any statistic that you mention involving race is a ""racist statement"". the media now has to go out of it's way to avoid upsetting the minority of viewers that misuse words.  constantly being bombarded with the misuse makes it more misused. literally now literally means nothing because it means both it's original meaning and the exact opposite thanks to misuse. it's another word down the toilet while we are adding words like ""selfie"" to the lexicon.  edit1: shut up. no one is trying to die on a hill. we are trying to point out that misuse of words is bad, and misuse of such a terrible word is worse.  edit2: i got more updoots for a repost with a new title. it's internet points, it will fade.  edit3: you have no gold faggot.",1
938673,"i see. so can you tell me how exactly ""white people"" aka people with a particular skin color that 100s of millions of people all around the world share because they were born into it, are responsible for for a specific problem that is prevalent in the usa? you think its cool if i ask offensive questions about human rights to a japanese person because china rounds up uyghurs? what exactly does my fucking skin color have to do with the way american society is built?",1
291643,the white man's long-form lies...,1
958895,it's probably cuz youre white.,1
997742,"my favorite is powder blush and i've tried plenty. here we go, in order from best to worst, and i will provide as many details as ya like if there are questions...also please keep in mind i'm nc20 and prefer sheer buildable blushes. if you are deeper than nc45, you will likely not enjoy my top few blushes and prefer some of the ones i only like/not love  * addiction blushes (the single color, not the trio- i haven't tried the trios.  these are incredibly smooth, matte but glowing without being shiny at all. deposit the barest hint of color that nevertheless builds.)  * surratt blushes (echo everything about the addiction except the more vibrant shades of these blushes run more pigmented, makign them harder to control.)  * clinique cheek pops (satin, glowy, extremely smooth and flattering to skin texture. unique colors and fantastic consistent formula across nearly the whole range. one drawback is a few of the colors are so densely pigmented they compete with nars exhibit a for whoagirlness in one swipe.)  * hourglass blushes (moderately pigmented but all the colors are on the lighter side of things. build well, nice sheen without being shimmery, the drawback is the color depends on the amount of marbling you have. wish they would make it more consistent.)  * nars blushes (the colors that nars offers cannot be matched. they are truly unique and subtly different from anything on the market. that being said, many of the shimmery nars blushes are nigh unwearable because they appear metallic. the matte nars blushes have a tendency to apply patchy or streaky, as they carry a ton of pigment in a stiff formula. i find these blushes harder to work with but worth the effort, unlike many others which are hard to work with period. these are the blushes that require my attention, using a special duofiber brush instead of suqqu cheek brush- yes they are so picky they won't cooperate with da suqqu and lots of layering over paler blushes to adjust the tone. [nars exhibit a](https://i.imgur.com/zeivwn2.jpg) which is the best example of a whoa blush in their line can still be worn by a lighter skintone, but it just requires a ton of care. the first time i tried to apply this i had to wash my face because i was a tomato.)  * ud afterglow blushes (with the exception of video which color-wise was pale enough that it didn't show any issues, i find these to be a clumsy formula, and you can really see that come out in the darker or more vibrant shades. bittersweet, rapture, and the hot pink one are all so generously pigmented and loose/soft that they become hard to control.   * becca mineral blush (these fall in the loosely packed, pigmented camp just like ud afterglows, but i find the colors to be more nuanced and much more workable. i do think the color range is odd and not geared toward any one group of skintones- the deep vibrant ones are so searingly bright and pigmented they don't work for even many darker women, and the shade nightingale is very unflattering on almost everyone not because it's dark but because it's so damn muted. wild honey is my favorite from this line. songbird is gorgeous if you're nc25-nc45. if you're any lighter than nc40 i'd just use caution with the deeper colors, because they will need a special brush and attention, a la nars exhibit a.)  * kevyn aucoin pure powderglow blush (i debated putting these ahead of afterglow or after...i find this to be a stiffer, more easily controlled formula than the ud or the becca however it can be streaky, and it's not the most elegant. has an almost squeaky sensation where it can skip patches of skin if you aren't applying so carefully. which i think is absurd for such an expensive blush. where some mattes are elegant and allow skin to shine through, i feel as though these colors are very matte matte, and i don't generally suggest it unless you get on so well with one particular shade. i have fira which is a close dupe for nars exhibit a and fine bcause i apply sparingly, so texture is irrelevant. i have helena, which is a beautiful true dusty rose with very little brown- i make it work simply because i love the shade but i don't find the formula to be so pleasing.)  * mac powder blush (a huge and inconsistent line. there are so many finishes and colors it's hard to give a rating, but i would say these are low-middle of the pack for blushes in this day and age. the powders are a bit too focused on color vs. formula, and with the exception of modern mandarin, i don't like any of their blushes that have a hint of sheen or shimmer. the matte ones are better imo, but i still don't like them or have any in my collection anymore. i think that if you choose these blushes, you will likely find the dusky brown tones to be popular because they work very well as accent/contouring blushes. i really do think they have a great color range but the formula can be so fussy. some are chalky and tight, some are loose and blowsy (heh) and get all over. not really a range to consider for beginners- too overwhelming)  * tarte amazonian clay blush (these are very stiff, but can be chalky and the color range is incredibly inconsistent. i like dollface and paaarty quite a bit as they apply very evenly and sheerly with potential for building to a certain point. but i find many of their blush shades clunky and not a good fit for a range of skintones- nars has a great way of picking unusual colors that nonetheless flatter a huge range of skintones, but tarte has a knack of picking boring-ass colors that somehow still don't end up being crowd-pleasers.)  * black up powder blush (the colors are pretty irrelevant to me obviously- i like intense shades but these are designed specifically for darker skintones. but they aren't good for that either. they are very streaky and very pigmented but not in a good way- nars blushes often work for darker toned woc because they allow the skin to show through, they meld with your face and give you this spotlight of color. these black up blushes are like...children's makeup. i couldn't believe after buying one online then swatching the rest in store how chalky and clunky the formula felt on the skin. the shimmery ones are far too shimmery/glittery for allover use and don't generally work as highlighters- they aren't like fenty trophy wife status for an interesting chunky highlight- they're just blah. they feel like a formula developed in the late 80s and not updated.)  * ciate london glow to illuminating blush (the ugly shimmery stepsister of clinique cheek pops- i like to control my shimmer/highlight very carefully and a blush like this won't allow it. can appear metallic if you build, and what is the point of a blush you can't build? if you don't like appplying lots of color, and you like a glowy cheek, these would be more your speed.)  * hourglass strobe blushes (ditto to everything i said about the ciate, for these.)  * mac extra dimension blush (ditto x 100000. these are the most metallic blushes ever. they are pure metallic pigment, and the application is a nightmare. if you want a ""blush topper"" and are sick of burning cash, i guess these could be a good buy. but if you want some color to your cheeks and subtle glow, clinique cheek pops are better.)  i have honestly never tried a single drugstore blush that compares to my favorite blushes above but just for general idea: i think milani luminoso is one of the best, the rest in that line are chunky. essence satin touch blushes are some of the best texture but most inexplicably deadening, unflattering stupid colors ever. sleek blushes can go to hell because they are so pigmented but even with a very light hand and stipple brush they're impossible. wet n wild reformulated and their blushes are pure shimmer now, as far as i'm concerned. i think out of all the categories, drugstore is possibly the worst performer in the blush category. dirt cheap brands do highlighter and bronzer well sometimes, but almost never blush. sadly.",1
281004,"to all minorities and ""illegals"": never trust a hot white chick in a hat!",1
923031,"i seriously don't see how ""historical trauma""  could be that strong of an influence.  granted, most of the older people could say that about the civil rights movement, but in ""these times"", it doesn't really make sense for anyone who hasn't experienced those things to be traumatized.  perhaps it has something to do with living in slummish areas and seeing things that are traumatizing, regardless of your upbringing.  what i seriously think is that people need to move on.  don't forget it, but don't dwell on it either.  it's nice to be different, but it shouldn't be a handicap.  i like to say that i should always define my skin color, my skin color should never define me.  it seems that many of todays ""black"" problems come from the fact that many black people let their skin color define who they are and how they should act, and often use it as a crutch.    it doesn't help that black people tend to be the first to yell racism at a crooked eye, but are always the first to discriminate against someone.  you won't believe how many people i've heard say ""you can't trust them, they're white"", and then act like they deserve something because of their skin color.",1
746693,"&gt;no you are not completely unrelated to the people who oppressed minorities our country did it.  how am i related to them? oh, because of the color of my skin. that's it. if you have white skin, you are related to these people who you have literally nothing to do with. people who did things and then died before you were even born. if everything else about me was 100% the same as it is now, except i had dark skin, you would be telling me i am repressed and society owes me a debt. if i have white skin, it's the opposite, and i owe a debt to the repressed people of the country. that's all it takes for you to make the distinction between the two; the color of my skin. you are telling me that is all that matters here. skin color. insane is what that is.   &gt;so you advocate the rich get richer and the poor get no upward mobility?  except i didn't say anything like that. at all. what i said is that i oppose racism of all types, which includes racism against the majority.  besides, we all know there are no poor whites or rich blacks. wait, that's not right....",1
371336,"this is one of the few cases where the popularly-held view about the past is correct! yes, for centuries the western ideal was very pale. it's simplistic to attribute this solely to the practical consideration of pale:leisured::tan:pleb, though - white skin was beautiful in the middle ages in the same way that long blonde hair, dark eyebrows, a slender figure, and a cleft chin were. *all* standards of beauty are socially-constructed in some way; it's generally held that the preference for bright lips and cheeks in women have to do with showing signs of healthiness (though a recent argument put forth in carolyn day's *consumptive chic* says the opposite - that these are signs of tuberculosis - but i have some issues with that), but that doesn't mean that fifteenth century swains were consciously thinking, ""lady kathryn's lips are like cherries, therefore she is hale and hearty and may survive longer than her pale-cheeked sister."" the background reason is not more important than the actual lived experience europeans had for centuries of simply associating soft white skin with beauty and refinement, and we shouldn't foreground it simply because we no longer think of tanned skin as unattractive. ""fair"" originally had the sense of ""beautiful"" before it came to be a synonym for lightness/paleness by the thirteenth century - that's how deep this goes.  tanned skin began to be found attractive in the late nineteenth century, as outdoor athletic activities became something of a mania. croquet, tennis, bicycling, hiking, sea-bathing, and so on were activities that required leisure time, specialized equipment, appropriate attire, and either space at home or travel to the spaces where you could do them, so they were restricted to those who could afford to do all of that (which is of course still true today). as a result, developing a tan to some degree from these sports could show that you were able to do them - were rich enough and had enough time to visit the adirondacks or the seashore.  from ""water sports"" in *vacation time, with hints on summer living*, by dr. henry shipton drayton (1891):  &gt; the pale anaemic, dyspeptic city-girl, who has the opportunity to indulge her taste for a daily row on a quiet lake or country stream, will, in the course of her vacation, acquire the brown skin of the village lass, and find the sleeves of her muslin jacket getting too tight for the expansion of her biceps muscles.   from ""the preservation of beauty in summer"" in *mccall's magazine* (august 1901):  &gt; poets have sung the charms of the ""nut-brown maid,"" and it is not to be denied that a good coat of tan is very becoming to many people. if our annual seaside jaunt had no worse effect on our tender skins than the transforming of a fair complexion to one of rich olive tone we should have very little to complain of. unfortunately, however, the effect of the sea breezes is not always so happy. i have a vivid but uncomfortable recollection of a sweet girl friend who gaily departed for the seashore last year, laughingly ignoring my advice to ""take care of your skin,"" and emphatically stating her intention of sitting on the sands every morning - ""so the sun will nicely brown me, and everyone will know how much i've been enjoying myself!"" [...]  &gt;some people's skins are so hardy that the elements have no more effect upon them than to give them a deeper or richer tone, rather becoming than otherwise; people with very dark or sallow complexions and dark hair are less likely to suffer from sunburn than those with fair skins and light hair, but there are few women who can afford to ignore ordinary precautions for preserving their complexions during the hot summer months.  however, there was a general idea that tanned skin had its place. it was appropriate in casual dress, in the summer, in the country - but you didn't want to look frazzled and unevenly-complected in your decent clothes, particularly not in evening or ball dress.  from ""to tan or not to tan"", ny celia caroline cole, in *the delineator*, june 1919:  &gt;to be tanned or not to be! whether it's better to be pink and frilly or to be browned with the wind of the sea or the sun of the tennis-court while the joy of the unbound outdoors sings in your heart - that's the june question. how are you going to answer it? [...]  &gt; if you are the kind of person who has an idea she is not nice when she is tanned, then this program [of sunbathing] will not be easy for you. but please do be absolutely sure that it is not becoming to you to be tanned. it is better for your skin to tan than to powder and rouge and wear shade hats all summer. [...]  &gt;suppose you do want to tan but do not want the tan to last all winter. personally, i have yet to meet the tan that *will* last all winter, but suppose you want to get of it before you get into town clothes that need pinkness and whiteness to carry them off. that's a simple matter. every night put on your skin food and every day apply a bleach and the trick is done. [...]  &gt; just a nice, comfortable, careless tan is what every woman ought to have in summer if she wants to help her skin all she can. it is becoming to nearly every one in light clothes and it is good *for* the skin.  from ""overcoming summer sun and wind"", by nora mullane, in *good housekeeping*,  november 1919:  &gt; after a glorious summer spent out of doors, the majority of young girls come back badly tanned or freckled, because they have neglected, in all their enjoyment, to give their complexions the necessary care. perhaps they have wished to become tanned, as in sports clothes girls find it becoming, but when they return to town they find it out of place and immediately wish to return the skin to its natural color. it is with this thought in mind that we have endeavored to find remedies which will enable them to redeem their good looks without ruining skin. health is the cornerstone of beauty, but not all healthy people are beautiful.  during the 1920s, it's clear that there was a shift in the perception of suntans, where they went from a deliberate choice that showed how sporty you were to something almost required for fashion. people like to attribute the popularity of tanning to coco chanel in the 1920s, but the fact is that, like the many other things said to have been done by chanel simply to please herself and then copied by the rest of the world, there's little proof. *health horizons*, written by emma dolfinger in 1931, actually notes the deep, deliberate suntan (or ""beach complexion"") as a specifically american fashion, originating here in 1923-24 and only reaching paris, and therefore chanel, in 1927. in the 1930s, you could buy any number of oils and lotions to supposedly help protect the skin while still allowing it to tan deeply, as well as skimpier swimsuits that would let more skin meet the sun, creating the suntan situation that would be the norm for the next several decades before the dangers of skin cancer became clear.  at the same time, it's important not to forget that the appeal of creamy, soft, white skin never went away. fashion illustrations and advertisements still showed beautiful, pale women; female movie stars still needed to have a certain amount of milkiness in their skin. ads for cosmetics explicitly or implicitly touted the smooth whiteness of their models' faces. i don't really study the later twentieth century (or twenty-first century), so i can't go into when the ""go to salons/use a lotion or spray and have a deep tan all year"" trend began, but i just want to make it clear that the post-1920s attitude toward tans, despite being more positive than, say, the 1820s attitude, was not exactly the same as the way many see them today.",1
365964,"this is the real sticking point:  &gt; or, like any number of large male characters in games — barret from final fantasy vii and e. honda from street fighter both come to mind — her weight could simply not be a big deal. but that’s probably too much to ask from a culture where fat women get treated like pariahs far more than fat guys do.  there are overweight male characters in video games *all the time* and rarely, if ever, is it even mentioned, much less made into the comedic focal point of a game.  this is most likely because a large number of video game creators, statistically, are going to be overweight males - but the rare female game creator who's allowed out of the coding dungeons is expected to look like jade raymond.  and hell, it's interesting to look at the final fantasy series because all of them since graphics got decent feature one or more overweight *males* in at least major supporting roles whose weight, as best as i can recall, is never even mentioned.  yet every woman is thin and willowy.  wakka is chubby, hooks up with anatomically improbable goth-barbie lulu.  ff8's cid is quite rotund and balding, and yet ends up with the middle aged-yet-still-thin-and-pretty former boarding school teacher (whose name i'll protect for spoilery reasons).  it just goes on.  oh, wait.  i just remembered probably the one major fat woman in all of final fantasy - the queen in ff9, who (besides being grotesquely rendered) is an evil vindictive bitch that spends the entire game trying to kill her own daughter.  if there were, well, any games that featured fat - or even large framed - women in a positive light, the bloggers would probably not have nearly as big an issue with this.  i mean, hell, even children's movies have started to catch onto the idea that you don't necessarily have to make your hero some kind of greek ideal. (kung fu panda, shrek)    but the one and only game to be titled after a heavyset woman is called ""fat princess"" and is about making fun of her for being unable to refrain from stuffing her face.  that's *real* problematic.",0
931027,"i just want to know what color i am, even if i'm not olive. y'all folks seems to be really helpful in parsing out the actual undertones of the people who post here. i've been told my undertones look pretty neutral by makeup people at nordstrom and sephora.  album deleted  my wrist veins have green and blue. for jewelry, i look good with both silver and gold, although when i'm tanner, i think gold looks a little better. i haven't tried pewter/bronze jewelry as much, but i feel like i can pull it off. when i get sun, i either just tan or i burn then tan, but i almost never peel and i never blister.  i haven't done much makeup exploring, but my favorite red lipsticks are bobbi brown in burnt red (looks kine of like a classic red on me), or bite cashmere lip cream in rioja (a little bit brighter than the bobbi brown). my favorite pinky nude is bare minerals lipstick in xox, it's basically a mlbb. kvd lolita looked like poop on me. cooler reds tend to turn into berries on me, and are not flattering (actual berries make me look sallow), pale pinks fade away on me, most pinks turn out cooler on my lips than they look in the tube. i only use nars orgasm for blush now, i've used tarte amazonian clay in exposed before, and it didn't really... show up on me... there's another face shop blush i have (one of their single blushes) in br01 (dusty rose) which just does not show up on my face at all/makes my face just look dirty, so i don't use it either. i haven't done much eyeshadow exploring either, but generally, between too faced chocolate bar and ud naked 1, i preferred naked 1 (go to look was half baked on inner 1/3-1/2 of lid; smog on outer 1/2 of lid; dark horse to smoke eyeliner/lower lash line; i never used the shade ""naked"" because it would just disappear on my lid (maybe should've used it as a base color/transition shade?)). i found out the sad way that charcoal gray is not a good eyeliner color for me.  foundations... i've tried lancome teint idole in 250 (i think??? it's been a long while), but it made me flat white on first application, and then oxidized orange; diorskin nude air serum in 020/light beige, which matched well on first application, then oxidized orange; giorgio armani luminous silk in 4.0 (matched well at first, and then oxidized orangey pink on me no matter what i did); mufe hd foundation pre-reformulation in 120, i think, but it wasn't a perfect match either, i forget how, but better than teint idole; currently testing out it cosmetics cc cream in fair and light... light would be good, but it's too dark for me, fair is too pink and too light.  i look good in emerald green, not forest green or mint, lime green depends; deep clear blues, like cobalt blue, navy, or aqua blue, not so much baby blue or dusky blues; pastels are a no-go; orange-y coral looks ok on me; cool yellows like a clear lemon is ok; black is good; cream, and white are both good, but i prefer white; bright almost orange-y reds are good, but so are burgundies; pale or dusky pinks make me look dull; i prefer deep purples to more pinky purples, but they can't be too blue, or i just look sallow; i look good in rich browns. all gray makes me look sallow, but dark gray is better than light gray.  i feel like i frequently photograph paler than i actually am, because i'm definitely not a pale princess, but then i look at pictures and i'm like, why do i look ghostlike?  sorry, i wrote a freaking novel, but one of my closest friend's wedding is coming up, and i want to look like my face is the same color as my body in her pictures :(i  eta: when i color correct my redness with green concealer, it just looks like my skin. like i don't need to put another concealer or foundation over it.",1
334583,"getting into the chair didn't hurt as much as he had feared, and that was good, because previous experience had shown him that he would hurt plenty afterward. she set the tray of food down on the bureau, then rolled the wheelchair over to the bed. she helped him to sit up - there was a dull, thudding flare of pain in his pelvic area but it subsided - and then she leaned over, the side of her neck pressing against his shoulder like the neck of a horse. for an instant he could feel the thump of her pulse, and his face twisted in revulsion. then her right arm was firmly around his back, her left under his buttocks. ""try not to move from the knees down while i do this,"" she said, and then simply slid him into the chair. she did it with the ease of a woman sliding a book into an empty slot in her bookcase. yes, she was strong. even in good shape the outcome of a fight between him and annie would have been in doubt. as he was now it would be like wally cox taking on boom boom mancini. she put the board in front of him, ""see how well it fits?"" she said, and went to the bureau to get the food. ""annie?"" ""yes."" ""i wonder if you could turn that typewriter around. so it faces the wall."" she frowned. ""why in the world would you want me to do that?"" because i don't want it grinning at me all night. ""old superstition of mine,"" he said. ""i always turn my typewriter to the wall before i start writing."" he paused and added: ""every night while i am writing, as a matter of fact."" ""it's like step on a crack, break your mother's back,"" she said. ""i never step on a crack if i can help it."" she turned it around so it grinned at nothing but blank wall. ""better?"" ""much."" ""you are such a silly,"" she said, and came over and began to feed him.  he dreamed of annie wilkes in the court of some fabulous arabian caliph, conjuring imps and genies from bottles and then flying around the court on a magic carpet. when the carpet banked past him (her hair streamed out behind her; her eyes were as bright and flinty as the eyes of a sea-captain navigating among icebergs), he saw it was woven all in green and white; it made a colorado license plate. once upon a time, annie was calling. once upon a time it came to pass. this happened in the days when my grandfather's grandfather was a boy. this is the story of how a poor boy. i heard this from a man who. once upon a time. once upon a time.  when he woke up annie was shaking him and bright morning sun was slanting in the window - the snow had ended. ""wake up, sleepyhead!"" annie was almost trilling. ""i've got yogurt and a nice boiled egg for you, and then it will be time for you to begin."" he looked at her eager face and felt a strange new emotion - hope. he had dreamed that annie wilkes was scheherazade, her solid body clad in diaphanous robes, her big feet stuffed into pink sequined slippers with curly toes as she rode on her magic carpet and chanted the incantatory phrases which open the doors of the best stories. but of course it wasn't annie that was scheherazade. he was. and if what he wrote was good enough, if she could not bear to kill him until she discovered how it all came out no matter how much or how loudly her animal instincts yelled for her to do it, that she must do it . . . might he not have a chance? he looked past her and saw she had turned the typewriter around before waking him; it grinned resplendently at him with its missing tooth, telling him it was all right to hope and noble to strive, but in the end it was doom alone which would count.  she rolled him over to the window so the sun fell on him for the first time in weeks, and it seemed to him he could feel his pasty-white skin, dotted here and there with minor bedsores, murmur its pleasure and thanks. the windowpanes were edged on the inside with a tracery of frost, and when he held out his hand he could feel a bubble of cold like a dome around the window. the feel of it was both refreshing and somehow nostalgic, like a note from an old friend. for the first time in weeks - it felt like years - he was able to look at a geography different from that of his room with its unchanging verities - blue wallpaper, picture of the arc de triomphe, the long, long month of february symbolized by the boy sliding downhill on his sled (he thought that his mind would turn to that boy's face and stocking cap each time january became february, even if he lived to see that change of months another fifty times). he looked into this new world as eagerly as he had watched his first movie bambi - as a child. the horizon was near; it always was in the rockies, where longer views of the world were inevitably cut off by uptilted plates of bedrock. the sky was a perfect early-morning blue, innocent of clouds. a carpet of green forest climbed the flank of the nearest mountain. there were perhaps seventy acres of open ground between the house and the edge of the forest - the snow-cover over it was a perfect and blazing white. it was impossible to tell if the land beneath was tilled earth or open meadow. the view of this open square was interrupted by only one building: a neat red barn. when she spoke of her livestock or when he saw her trudging grimly past his window, breaking her breath with the impervious prow of her face, he had imagined a ramshackle outbuilding like an illustration from a child's book of ghost stories - rooftree bowed and sagging from years of snowweight, windows blank and dusty, some broken and blocked with pieces of cardboard, long double doors perhaps off their tracks and swaying outward. this neat and tidy structure with its dark-red paint and neat cream-colored trim looked like the five-car garage of a well-to-do country squire masquerading as a barn. in front of it stood a jeep cherokee, maybe five years old but obviously well cared for. to one side stood a fisher plow in a home-made wooden cradle. to attach the plow to the jeep, she would only need to drive the jeep carefully up to the cradle so that the hooks on the frame matched the catches on the plow, and throw the locking lever on the dashboard. the perfect vehicle for a woman who lived alone and had no neighbor she could call upon for help (except for those dirty-birdie roydmans, of course, and annie probably wouldn't take a plate of pork chops from them if she was dying of starvation). the driveway was neatly plowed, a testament to the fact that she did indeed use the blade, but he could not see the road - the house cut off the view. ""i see you're admiring my barn, paul."" he looked around, startled. the quick and uncalculated movement awoke his pain from its doze. it snarled dully in what remained of his shins and in the bunched salt-dome that had replaced his left knee. it turned over, needling him from where it lay imprisoned in its cave of bones, and then fell lightly asleep again. she had food on a tray. soft food, invalid food . . . but his stomach growled at the sight of it. as she crossed to him he saw that she was wearing white shoes with crepe soles. ""yes,"" he said. ""it's very handsome."" she put the board on the arms of the wheelchair and then put the tray on the board. she pulled a chair over beside him and sat down, watching him as he began to eat. ""fiddle-de-foof! handsome is as handsome does, my mother always said. i keep it nice because if i didn't, the neighbors would yap. they are always looking for a way to get at me, or start a rumor about me. so i keep everything nice. keeping up appearances is very, very important. as far as the barn goes, it really isn't much work, as long as you don't let things pile up. keeping the snow from breaking in the roof is the oogiest part."" the oogiest part, he thought. save that one for the annie wilkes lexicon in your memoirs - if you ever get a chance to write your memoirs, that is. along with dirty birdie and fiddle-de-foof and all the others which i'm sure will come up in time. ""two years ago i had billy haversham put heat-tapes in the roof. you throw a switch and they get hot and melt the ice. i won't need them much longer this winter, though see how it's melting on its own?"" he had a forkful of egg halfway to his mouth. it stopped in midair as he looked out at the barn. there was a row of icicles along the cave. the tips of these icicles were dripping - dripping fast. each drop sparkled as it fell onto a narrow canal of ice which lay at the base of the barn's side. ""it's up to forty-five degrees and it's not even nine o'clock!"" annie was going on gaily as paul imagined the rear bumper of his camaro surfacing through the rotted snow for the sun to twinkle on. ""of course it won't last - we've got a hard snap or three ahead of us yet, and probably another big storm as well - but spring is coming, paul, and my mother always used to say that the hope of spring is like the hope of heaven."" he put his fork back down on the plate with the egg still on it. ""don't want that last bite? all done?"" ""all done,"" he agreed, and in his mind he saw the roydmans driving up from sidewinder, saw a bright arrow of light strike mrs roydman's face, making her wince and put a shielding hand up - what's down there, ham? . . . don't tell me i'm crazy, there's something down there! reflection damn near burned m'eye out! back up, i want to take another look. ""then i'll just take the tray,"" she said, ""and you can get started."" she favored him with a glance that was very warm. ""i just can't tell you how excited i am, paul."" she went out, leaving him to sit in the wheelchair and look at the water running from the icicles which clung to the edge of the barn.  ""i'd like some different paper, if you could get it,"" he said when she came back to put the typewriter and paper on the board. ""different from this?"" she asked, tapping the cellophane-wrapped package of corrasable bond. ""but this is the most expensive of all! i asked when i went into the paper patch!"" ""didn't your mother ever tell you that the most expensive is not always the best?"" annie's brow darkened. her initial defensiveness had been replaced by indignation. paul guessed her fury would follow. ""no, she did not. what she told me, mister smart guy, is that when you buy cheap, you get cheap."" the climate inside her, he had come to discover, was like springtime in the midwest. she was a woman full of tornadoes waiting to happen, and if he had been a farmer observing a sky which looked the way annie's face looked right now, he would have at once gone to collect his family and herd them into the storm cellar. her brow was too white. her nostrils flared regularly, like the nostrils of an animal scenting fire. her hands had begun to spring limberly open and then snatch closed again, catching air and squashing it. his need for her and his vulnerability to her screamed at him to back off, to placate her while there was still time if indeed there still was - as a tribe in one of -those rider haggard stories would have placated their goddess when she was angry, by making sacrifice to her effigy. but there was another part of him, more calculating and less cowed, which reminded him that he could not play the part of scheherazade if he grew frightened and placatory whenever she stormed. if he did, she would storm all the more. if you didn't have something she badly wants, this part of him reasoned, she would have taken you to the hospital right away or killed you later on to protect herself from the roydmans - because for annie the world is full of roydmans, for annie they're lurking behind every bush. and if you don't bell this bitch right now, paulie my boy, you may never be able to. she was beginning to breathe more rapidly, almost to hyperventilate; the rhythm of her clenching hands was likewise speeding up, and he knew that in a moment she would be beyond him. gathering up the little courage he had left, trying desperately to summon exactly the right note of sharp and yet almost casual irritability, he said: ""and you might as well stop that. getting mad won't change a thing."" she froze as if he had slapped her and looked at him, wounded. ""annie,"" he said patiently, ""this is no big deal."" ""it's a trick,"" she said. ""you don't want to write my book and so you're making up tricks not to start. i knew you would. oh boy. but it's not going to work. it - "" ""that's silly,"" he said. ""did i say i wasn't going to start?"" ""no . . . no, but - "" ""that's right. because i am. and if you come here and take a look at something, i'll show you what the problem is. bring that webster pot with you, please."" ""the what?"" ""little jar of pens and pencils, "" he said. ""on newspapers, they sometimes call them webster pots. after daniel webster."" this was a lie he had made up on the spur of the moment, but it had the desired effect - she looked more confused than ever, lost in a specialists"" world of which she had not the slightest knowledge. the confusion had diffused (and thus defused) her rage even more; he saw she now didn't even know if she had any right to be angry. she brought over the jar of pens and pencils and slammed them down on the board and he thought: goddam! i won no - that wasn't right. misery had won. but that isn't right, either. it was scheherazade. scheherazade won. ""what?"" she said grumpily. ""watch."" he opened the package of corrasable and took out a sheet he took a freshly sharpened pencil and drew a fine on the paper. then he took a ballpoint pen and drew another line parallel to the first. then he slid his thumb across the slightly waffled surface of the paper. both lines blurred smudgily in the direction his thumb was travelling, the pencil-line slightly more than the one he had drawn with the pen. ""see?"" ""so what?"" ""ribbon-ink will blur, too,"" he said. ""it doesn't blur a much as that pencil-line, but it's worse than the ballpoint-ink line."" ""were you going to sit and rub every page with your thumb?"" ""just the shift of the pages against each other will accomplish plenty of blurring over a period of weeks or ever days,"" he said, ""and when a manuscript is in work, it get shifted around a lot. you're always hunting back through to find a name or a date. my god, annie, one of the first thing you find out in this business is that editors hate reading manuscripts typed on corrasable bond almost as much a they hate hand-written manuscripts."" ""don't call it that. i hate it when you call it that."" he looked at her, honestly puzzled. ""call what what?"" ""when you pervert the talent god gave you by calling it a business. i hate that."" ""i'm sorry."" ""you ought to be,"" she said stonily. ""you might as well call yourself a whore."" no, annie, he thought, suddenly filled with fury. i'm no whore. fast cars was about not being a whore. that's what killing that goddamned bitch misery was about, now that i think about it. i was driving to the west coast to celebrate my liberation from a state of whoredom. what you did was to pull me out of the wreck when i crashed my car and stick me back in the crib again. two dollar straight up, four dollar i take you around the world. and every now and then i see a flicker in your eyes that tells me a part of you way back inside knows it too. a jury might let you off by reason of insanity, but not me, annie. not this kid. ""a good point,"" he said. ""now, going back to the subject of the paper - "" ""i'll get you your cockadoodie paper,"" she said sullenly. ""just tell me what to get and i'll get it."" ""as long as you understand i'm on your side - "" ""don't make me laugh. no one has been on my side since my mother died twenty years ago."" ""believe what you want, then,"" he said. ""if you're so insecure you can't believe i'm grateful to you for saving my life, that's your problem."" he was watching her shrewdly, and again saw a flicker of uncertainty, of wanting to believe, in her eyes. good. very good. he looked at her with all the sincerity he could muster, and again in his mind he imagined shoving a chunk of glass into her throat, once and forever letting out the blood that serviced her crazy brain. ""at least you should be able to believe that i am on the book's side. you spoke of binding it. i assume that you meant binding the manuscript? the typed pages?"" ""of course that's what i meant."" yes, you bet. because if you took the manuscript to a printer, it might raise questions. you may be naive about the world of books and publishing, but not that naive. paul sheldon is missing, and your printer might remember receiving a book-length manuscript concerning itself with paul sheldon's most famous character right around the time the man himself disappeared, mightn't he? and he'd certainly remember the instructions - instructions so queer any printer would remember them. one printed copy of a novel-length manuscript. just one. ""what did she look like, officer? well, she was a big woman. looked sort of like a stone idol in a h. rider haggard story. just a minute, i've got her name and address here in the files . . . just let me look up the carbons of the invoices . . . "" ""nothing wrong with the idea, either,"" he said. ""a bound manuscript can be damned handsome. looks like a good folio edition. but a book should last a long time, annie, and if i write this one on corrasable, you're going to have nothing but a bunch of blank papers in ten years or so. unless, of course, you just put it on the shelf."" but she wouldn't want that, would she? christ, no. she'd want to take it down every day, maybe every few hours. take it down and gloat over it. an odd stony look had come onto her face. he did not like this mulishness, this almost ostentatious look of obduracy. it made him nervous. he could calculate her rage, but there was something in this new expression which was as opaque as it was childish. ""you don't have to talk anymore,"" she said. ""i already told you i'll get you your paper. what kind?"" ""in this business-supply store you go to - "" ""the paper patch."" ""yes, the paper patch. you tell them you'd like two reams - a ream is a package of five hundred sheets - "" ""i know that. i'm not stupid, paul."" ""i know you're not,"" he said, becoming more nervous still. the pain had begun to mutter up and down his legs again, and it was speaking even more -loudly from the area of his pelvis - he had been sitting up for nearly an hour, and the dislocation down there was complaining about it. keep cool, for god's sake - don't lose everything you've gained! but have i gained anything? or is it only wishful thinking? ""ask for two reams of white long-grain mimeo. hammermill bond is a good brand; so is triad modem. two reams of mimeo will cost less than this one package of corrasable, and it should be enough to do the whole job, write and rewrite."" ""i'll go right now,"" she said, getting up suddenly. he looked at her, alarmed, understanding that she meant to leave him without his medication again, and sitting up this time, as well. sitting already hurt; the pain would be monstrous by the time she got back, even if she hurried. ""you don't have to do that,"" he said, speaking fast. ""the corrasable is good enough to start with - after all, i'll have to rewrite anyway - "" ""only a silly person would try to start a good work with a bad tool."" she took the package of corrasable bond, then snatched the sheet with the two smudged lines and crumpled it into a ball. she tossed both into the wastebasket and turned back to him. that stony, obdurate look covered her face like a mask. her eyes glittered like tarnished dimes. ""i'm going to town now,"" she said. ""i know you want to get started as soon as you can, since you're on my side - "" she spoke these last words with intense, smoking sarcasm (and, paul believed, more self-hate than she would ever know) ""and so i'm not even going to take time to put you back in your bed."" she smiled, a pulling of the lips that was grotesquely puppet-like, and slipped to his side in her silent white nurse"" shoes. her fingers touched his hair. he flinched. he tried not to but couldn't help it. her dead-alive smile widened. ""although i suspect we may have to put off the actual start of misery's retum for a day . . . or two . . . perhaps even three. yes, it may be as long as three days before you are able to sit up again. because of the pain. too bad. i had champagne chilling in the fridge. i'll have to put it back in the shed."" ""annie, really, i can start if you'll just - "" ""no, paul."" she moved to the door and then turned, looking at him with that stony face. only her eyes, those tarnished dimes, were fully alive under the shelf of her brow. ""there is one thought i would like to leave you with. you may think you can fool me, or trick me; i know i look slow and stupid. but i am not stupid, paul, and i am not slow."" suddenly her face broke apart. the stony obduracy shattered and what shone through was the countenance of an insanely angry child. for a moment paul thought the extremity of his terror might kill him. had he thought he had gained the upper hand? had he? could one possibly play scheherazade when one's captor was insane? she rushed across the room at him, thick legs pumping, knees flexing, elbows chopping back and forth in the stale sickroom air like pistons. her hair bounced and joggled around her face as it came loose from the bobby-pins that held it up. now her passage was not silent; it was like the tread of goliath striding into the valley of bones. the picture of the arc de triomphe cracked affrightedly on the wall. ""geeeee-yahhh!"" she screamed, and brought her fist down on the bunched salt-dome that had been paul sheldon's left knee. he threw his head back and howled, veins standing out in his neck and on his forehead. pain burst out from his knee and shrouded him, whitely radiant, in the center of a nova. she tore the typewriter off the board and slammed it down on the mantel, lifting its weight of dead metal as he might have lifted an empty cardboard box. ""so you just sit there,"" she said, lips pulled back in that grinning rictus, ""and you think about who is in charge here, and all the things i can do to hurt you if you behave badly or try to trick me. you sit there and you scream if you want to, because no one can hear you. no one stops here because they all know annie wilkes is crazy, they all know what she did, even if they did find me innocent."" she walked back to the door and turned again, and he screamed again when she did, in anticipation of another bull-like charge, and that made her grin more widely. ""i'll tell you something else,"" she said softly. ""they think i got away with it, and they are right. think about that, paul, while i'm in town getting your cockadoodie paper."" she left, slamming the bedroom door hard enough to shake the house. then there was the click of the lock. he leaned back in the chair, shaking all over, trying not to shake because it hurt, not able to help it. tears streamed down his cheeks. again and again he saw her flying across the room, again and again he saw her bringing her fist down on the remains of his knee with all the force of an angry drunk hammering on an oak bar, again and again he was swallowed in that terrible blue-white nova of pain. ""please, god, please,"" he moaned as the cherokee started outside with a bang and a roar. ""please, god, please - let me out of this or kill me . . . let me out of this or kill me."" the roar of the engine faded off down the road and god did neither and he was left with his tears and the pain, which was now fully awake and raving through his body.",1
572252,i'm white and this has me seriously crying. what is this fucking spongebob face,1
453119,"wow - this is the best ""i live in..."" i've seen...   ok - here's my question: i've always wondered why white folks in the us didn't give the red lake high school massacre any attention (especially compared to columbine or virginia tech). i know red lake is quite a ways from gallup, but i thought you might have some insight. what was it like around gallup when the red lake high school shoot-up happened?  and apologies for such a general question involving native americans and whites. it's just always been on my mind.  thanks!",1
228115,"im gonna toss aside political correctness for a second and tell everyone what they all ready know but are afraid to admit.  first off, im not white im middle eastern guy and i was born in toronto probably the most multicultural city in the world.  ive seen every race you can imagine, and without a doubt white men are more attractive than other men, just like white women are more attractive than any other race of women.  now before you say that beauty is in the eye of the beholder, consider this, 95% of guys look up white porn, not black porn, not asian porn, or indian porn or anything else.  the whole porno and fashion beauty industry know this, if it wasnt for political correctness americas next top model would be all girls with blonde hair and blue eyes. they only add indian,chinese, and black girls so its not a racist show.  dont blame me, for some reason natural selection blessed europeans with good looks.   if your talking about pure looks, white men are the top dogs.",1
653752,"ahh... an excellent question, and i have just the answer for you.  remember when michael jackson was a negro?  i do.  remember how in the early 90's he was suddenly a cracker?  well, thru a complex process known as skin bleaching, you too can be ghostly white and creepy!  first off i want you to go down to the hardware store and buy a porcelain bathtub, with 2 holes cut out of the front section for the hot / cold water adjustment handles.  the spiggot will come over the top of the tub, as i like it to.  also buy 20 gallons of clorox bleach, a pumous stone , sand paper, and a box of nerds candy, because hey, life aint sweet but you can be.  go home, place the bathtub in your living room on the floor, fill it with bleach.  you should have the song ""goodbye horses"" of silence of the lambs fame playing on continuous loop during this process, at high volume.  take off all your clothes, and lay in the bathtub of bleach.  begin vigorously scrubbing yourself head to toe, alternating between the sand paper and the pumous stone, you want to get the bleach as deep into your skin and pores as possible to cause the affect you desire, that is , bleached ghost white skin.  do this vigorously for exactly 37 minutes an 18 seconds, at that point, stop.  are you bleeding?  does it burn like the fires of hades?  good, you are on your way.  get out of the tub, and dry off.  now i want you to break into a hospital.  you'll need some coveralls, and a ""guillermo"" name tag.  go in thru the front door of the hospital, and begin looking around for other janitors.  go introduce yourself as the new guy, exchange pleasantries and be on your way to learning the difficult , illustrious job of minimum wage hospital janitor.  after a few hours you will get a break, instead of going out back and getting high with the other mexicans , you will go and steal 2 syringes, and then leave the hospital.  stop at the store on the way home, and purchase yellow food coloring.  don't fuck around, get the high quality shit here, at least 2 dollars per bottle, get 3 bottles , just in case.  go home and lay down on your couch, fill the syringes with the yellow food coloring, inject one syringe full of yellow food coloring into each one of your iris'.  now you are pale, and have yellow eyes, you are almost there my friend.  next step, you will need a metal file / small saw.  this is relatively straight forward, you are going to file your fangs down to sharp points to look more like a vampire.  if you really wanted to go all out you could do that, as well as file all your other teeth down so they are much lower in your mouth than your fangs, but that would be very time consuming and this fad won't last forever.  last step, gather several bottles of super glue, several boxes of silver glitter, and vaseline for a little extra shinyness to counteract the dull grey super glew.  combine all of these ingredients in the bathtub that you used earlier.  lay in the bathtub.  make sure to coat every pore of your body with the sparkly substance for maximum ""fabulousness"".  when you emerge and it dries, you may feel light headed, you may indeed die after several hours, so you must move quickly to impress the women with your identical to edward appearance.  now you *look* identical to edward, congratulations.  to *act* like him, you need to always appear one bottle of pills away from suicide, and use incredibly corny pick up lines to hit on young women, preferably women around the looks 18 but probably isnt but its ok because pedophelia is cool in this universe type of women.  once you find her, stalk her, mercilessly.  it would be best if she was just as seemingly hopelessly depressed and pothetic as you.",1
940534,"edit: shorter and no ugly website visiting version:  basically, you either have a warm or cool undertone to your skin.  if you tan easily or have a golden shade to your skin/reddish shade when you blush, you are probably warm.  your veins look a little greenish when you look at them through your skin because of the yellow shade.  gold looks better than silver on you.  if you have a cool undertone to your skin, you probably have paler skin, look pink cheeked when you blush and silver looks better on you.    after that is figured out, you can hone which colours look the absolute best on you even further based on your eye colour/hair colour.  in my case, i'm a ""deep winter"" with very dark brown hair, pale skin and blue eyes.     from http://www.thebestteensite.com/your-best-colors.html  (though how websites about nice colours can be so ugly i don't know).  spare your eyes and read it here:   winter—your skin has a lot of blue in it. your skin tone is yellowish. it can range from milky white to a true black. if your skin tone is pure beige or olive, you are also part of this group. your eyes are probably dark brown or dark blue. your hair color can range from as dark as black to medium brown to ash /blond.   winters do not wear  oranges well.  light-medium browns and some camel are not the best choice for winters. no one can wear a pure white as beautifully as winter can!   autumn—there's a clear yellow-gold tone to your skin. your skin color ranges from peach to golden beige. pale ivory with golden freckles also belong to this group. your eyes are light and pure or warmly dark. with golden specks in it they range from clear blue or green to olive green, light golden brown and dark brown. the hair color can range form redheads, strawberry blondes, chestnut , or golden brown.  strong colored autumns, do not look good in  black.  perfect colors for autumns  are camel, teal, cinnamon and any shade of the browns.  the autumn palette has rich, warm, golden colors, light and dark in tones both muted and vivid.  summer—your skin is blue based with lighter beige overtones. in this group, skin tones can range from soft pale beige to rosy pink, olive, or medium brown. your eyes are: light blue, soft hazel, soft brown and soft gray . your hair seems sun-kissed. it goes from blonde to medium brown. ash blonde or light brown hair is also in this group.  black is missing from the summer palette, because it’s not a flattering color for summers, if used close to the face.  summerhas soft colors and lots of pastels to choose from.  the dark colors are more muted than those of the winter.  pastels are great for summers.  spring—pure gold is the basic skin tone here. your skin may be golden, ivory peach to dark beige and golden brown. your eyes are either dark with golden specks or bright: bright blue, dark blue, clear green, light brown with gold specks. your hair may be strawberry, dark brown with reddish highlights. it also may be golden blonde, golden brown or deep black.  spring has medium and light colors, and some vivid colors. this season looks best with corals and salmon colors next to the face. avoid: pure black and pure white next to the face.  and to view a color palette with examples: http://www.thechicfashionista.com/images/flow-color-chart.jpg",1
328088,whenever someone references me to being white i just tell them i prefer the term caucasian american. the wtf look is priceless.,1
211611,"i'll copy a (long!) response i made to another lady here as i think it would apply to you as well:  personally, i would suggest looking more at what colours you suit and don't suit as opposed to focusing primarily on where your natural colouring might put you. colour is relative, so what you may perceive as warm, someone else might find neutral or even slightly cool. thus, focusing on what different colours do for your skin (and to a lesser extent: hair and eyes) would be more helpful (especially considering the point of colour analysis is to find what colours you suit the most). and while this may not apply to you, you might find it easier to focus on either the four core seasonal groups (spring, summer, autumn, winter) or the tonal groups (cool, warm, light, deep, soft, bright) as opposed to 12 or 16 groups - at least initially (and for a lot of people the basic four seasons or the tonal groups are sufficient).  i'm a colour analyst who doesn't do (or like) online colour analysis, but hopefully some of my comments may be helpful to you nevertheless. keep in mind however that photos are notoriously unreliable as there are so many factors we can’t really account for (e.g. actual colour of garment in real life may be hard to pick up on camera and look different on different monitors, light varying from photo to photo, quality of camera, etc.). i would really suggest trying out different coloured pieces of cloth (drapes) to see what happens when comparing colour a with colour b. try to stand bare-faced in front of a mirror with natural daylight coming in (avoid artificial lights if possible) and compare different versions of different colours. for this first draping (as you drape the pieces of cloth around your neck) the easiest would be to focus first on cool and warm, then then four seasonal groups (see the list of suggested colours below). while the seasons have several colours that are similar to another season, try to drape yourself in the more extreme tones to easier gauge the effects of the colours, and to easier differentiate between the groups (rather than going ""this bluey-green that looks really nice on me could be ether summer or autumn… or maybe even spring, or winter""). a good tip is to quickly drop the drapes (layer the drapes around your neck/shoulders) so you see the change happening as you move from one colour to the next. this also makes it easier to not focus too much on the actual colour and whether you like it or not, but rather observe the effects on your skin. having a friend with you might make it easier to judge which colours work and which don't, but keep in mind that your friend probably will be biased towards certain colours which may sway his/her opinion on your best/worst colours.  some clues indicating that a colour isn't the best on you: sallowness, grey cast, shadows (around eyes, mouth, nose. unflattering shadows), making your own hair and eyes look dull, yellowing of teeth, making you look tired, ""floating head syndrome"" (lack of harmony between face and drape - the face looks separated from the drape, appears to be ""floating""), dullness (this can be difficult to see for an untrained eye, but if the colour just sits there and doesn't appear to do anything for you/looks dull or boring on you, it may be too underwhelming), overpowering (try to blink and/or squint - if you see the drape before you see your face, the colour may be overpowering you), lack or harmony (the drape looks ""off""), blurred facial contours, looking ill (typical with your most unflattering colours).  good colours: brightens your complexion, makes facial contours appear more defined, brightens eyes and hair, whites of eyes look whiter, whitening of teeth, clear complexion (spots, lines, blemishes etc. may look less prevalent), colour looks harmonious, the colour looks vibrant on you (but not overpowering. e.g. a bright fuschia looks vibrant and great on a winter, while on a soft season it may look garish, and a muted olive green looks rich on an autumn, but dull and heavy on a spring).  you may not need to dissect why colour a works better than colour b (sometimes a colour just feels right without you knowing exactly why that is), but it can be useful to know what bad things to look out for (makes it easier to be objective).  ideas for colours to try (while colour names are subjective, hopefully these should give you a good idea overall). sp = spring, su =summer, au = autumn, wi = winter. naturally, each season has a large variation within each colour, but these are more extreme (thus making it easier to compare). perhaps none of the pinks for example look fantastic, but some will look better and worse than others.  cool vs warm: try comparing silver vs gold  yellows: sunflower or buttermilk (sp), pale lemon (su), ochre or gold (au), bright lemon (wi)  oranges: bright apricot or clear orange (sp), pumpkin or burnt orange (au). winter and summer don’t suit orange (not counting seasonal subtypes). if orange is your worst colour, you are most likely a cool season.  reds: poppy (sp), raspberry (su), brick (au), blue-red (wi)  pinks: coral (sp), rose or pastel pink (su), salmon (au), fuschia (wi)  purples: bright periwinkle (sp), lavender or plum (su), eggplant (au), royal purple/violet (wi)   blues: aqua (sp), sky blue or grey blue (su), teal (au), royal blue (wi). cool seasons often find themselves to gravitate towards blues, and both winters and summers have a lot of different blues in their palettes.  greens: apple green or lime (sp), seafoam or jade (su), olive or moss (au), emerald or pine (wi)  whites: ivory (sp), soft white (su), cream (au), pure white (wi)  blacks: black really only belongs to winters, whereas the other seasons have different variations of faux blacks. keep in mind that black may not be the \*best\* colour for all winters, but they generally wear it well. summers do variations of grey (charcoal is their “black”) and navy really well (note: winters also suit these, but typically clearer or brighter variations. summers do well in blued greys, whereas winters are better in pure greys), whereas autumns might do a dark brown and springs chocolate brown.  browns: golden brown or camel (sp), rose brown (su), coffee brown or terracotta brown (au), black-brown or taupe (wi)  you may find that a tonal palette would work better for you, and if so, i would investigate rather than the 12, 16 or more seasons (where the colour differences are far more subtle, and thus much harder to compare without proper drapes). if you want to find your best palette within the 12, 16 or more, a in-person analysis would be the best bet.  light – lightness is paramount, darkness least flattering. black is typically a very bad colour on lights.  deep – depth is key. looks washed out in the lightest colours (pastels are especially bad).  soft (muted) – softness is the most important. bright colours may look garish. can wear the softest colours without it looking underwhelming (instead it looks elegant).  bright (clear) – brightness is key. can wear the brightest, most pure colours well. even looks good in neons. black is ok when paired with brights, but can by itself look dull. soft colours are draining.  warm – warmth is the most important. cool colours makes them look grey and unwell. typically, a cool-toned (especially if veering towards purple) lipstick looks grey and dead on them. looks really great in oranges and browns.  cool – coolness is paramount. any warmth makes them look ill, often turning a slightly green or yellow tone. any warmth in makeup looks exaggerated on them (typically “neutral” brow eyeshadow looks orange-y, and what looks like neutral red lipstick in the tube turns orange-red on the lips). looks great in most blues and pinks (and absolutely cannot wear orange).",1
937832,little rock. not exactly a bastion of white and black  cooperation lol. the only blacks living between 630 and the river are the ones that vote republican and went to pulaski to play basketball.,1
559439,"long reply incoming:  personally, i would suggest looking more at what colours you suit and don't suit as opposed to focusing primarily on where your natural colouring might put you. colour is relative, so what you may perceive as warm, someone else might find neutral or even slightly cool. thus, focusing on what different colours do for your skin (and to a lesser extent: hair and eyes) would be more helpful (especially considering the point of colour analysis is to find what colours you suit the most). and while this may not apply to you, you might find it easier to focus on either the four core seasonal groups (spring, summer, autumn, winter) or the tonal groups (cool, warm, light, deep, soft, bright) as opposed to 12 or 16 groups - at least initially (and for a lot of people the basic four seasons or the tonal groups are sufficient).  i'm a colour analyst who doesn't do (or like) online colour analysis, but hopefully some of my comments may be helpful to you nevertheless. looking at the photos in this and you previous post, all i really feel confident in saying is that black looks rather detached from and heavy on you. that said, photos are notoriously unreliable as there are so many factors we can’t really account for (e.g. actual colour of garment in real life may be hard to pick up on camera and look different on different monitors, light varying from photo to photo, quality of camera, etc.). i would really suggest trying out different coloured pieces of cloth (drapes) to see what happens when comparing colour a with colour b. try to stand bare-faced in front of a mirror with natural daylight coming in (avoid artificial lights if possible) and compare different versions of different colours. for this first draping (as you drape the pieces of cloth around your neck) the easiest would be to focus first on cool and warm, then then four seasonal groups (see the list of suggested colours below). while the seasons have several colours that are similar to another season, try to drape yourself in the more extreme tones to easier gauge the effects of the colours, and to easier differentiate between the groups (rather than going ""this bluey-green that looks really nice on me could be ether summer or autumn… or maybe even spring, or winter""). a good tip is to quickly drop the drapes (layer the drapes around your neck/shoulders) so you see the change happening as you move from one colour to the next. this also makes it easier to not focus too much on the actual colour and whether you like it or not, but rather observe the effects on your skin. having a friend with you might make it easier to judge which colours work and which don't, but keep in mind that your friend probably will be biased towards certain colours which may sway his/her opinion on your best/worst colours.  &amp;#x200b;  some clues indicating that a colour isn't the best on you: sallowness, grey cast, shadows (around eyes, mouth, nose. unflattering shadows), making your own hair and eyes look dull, yellowing of teeth, making you look tired, ""floating head syndrome"" (lack of harmony between face and drape - the face looks separated from the drape, appears to be ""floating""), dullness (this can be difficult to see for an untrained eye, but if the colour just sits there and doesn't appear to do anything for you/looks dull or boring on you, it may be too underwhelming), overpowering (try to blink and/or squint - if you see the drape before you see your face, the colour may be overpowering you), lack or harmony (the drape looks ""off""), blurred facial contours, looking ill (typical with your most unflattering colours).  &amp;#x200b;  good colours: brightens your complexion, makes facial contours appear more defined, brightens eyes and hair, whites of eyes look whiter, whitening of teeth, clear complexion (spots, lines, blemishes etc. may look less prevalent), colour looks harmonious, the colour looks vibrant on you (but not overpowering. e.g. a bright fuschia looks vibrant and great on a winter, while on a soft season it may look garish, and a muted olive green looks rich on an autumn, but dull and heavy on a spring).  &amp;#x200b;  you may not need to dissect why colour a works better than colour b (sometimes a colour just feels right without you knowing exactly why that is), but it can be useful to know what bad things to look out for (makes it easier to be objective).  &amp;#x200b;  ideas for colours to try (while colour names are subjective, hopefully these should give you a good idea overall). sp = spring, su =summer, au = autumn, wi = winter. naturally, each season has a large variation within each colour, but these are more extreme (thus making it easier to compare). perhaps none of the pinks for example look fantastic, but some will look better and worse than others.  cool vs warm: try comparing silver vs gold  yellows: sunflower or buttermilk (sp), pale lemon (su), ochre or gold (au), bright lemon (wi)  oranges: bright apricot or clear orange (sp), pumpkin or burnt orange (au). winter and summer don’t suit orange (not counting seasonal subtypes). if orange is your worst colour, you are most likely a cool season.  reds: poppy (sp), raspberry (su), brick (au), blue-red (wi)  pinks: coral (sp), rose or pastel pink (su), salmon (au), fuschia (wi)  purples: bright periwinkle (sp), lavender or plum (su), eggplant (au), royal purple/violet (wi)  blues: aqua (sp), sky blue or grey blue (su), teal (au), royal blue (wi). cool seasons often find themselves to gravitate towards blues, and both winters and summers have a lot of different blues in their palettes.  greens: apple green or lime (sp), seafoam or jade (su), olive or moss (au), emerald or pine (wi)  whites: ivory (sp), soft white (su), cream (au), pure white (wi)  blacks: black really only belongs to winters, whereas the other seasons have different variations of faux blacks. keep in mind that black may not be the \*best\* colour for all winters, but they generally wear it well. summers do variations of grey (charcoal is their “black”) and navy really well (note: winters also suit these, but typically clearer or brighter variations. summers do well in blued greys, whereas winters are better in pure greys), whereas autumns might do a dark brown and springs chocolate brown.  browns: golden brown or camel (sp), rose brown (su), coffee brown or terracotta brown (au), black-brown or taupe (wi)  generally, when picking colours for the seasons, keep in mind that springs and autumns are warm, whereas summer and winter are cool. springs are brighter and lighter than autumns (autumnal colours look heavy on them), while autumnal colours are deeper and softer (less clear)(spring colours look too bright on them). think crayola colours vs spices and, well, autumn. summers are softer than generally lighter than winters (winter colours look overwhelming), while winter colours are clear and both dark and icy light (summer colours are underwhelming and dull looking on them). think of an english country garden compared to jewels.  &amp;#x200b;  you may find that a tonal palette would work better for you, and if so, i would investigate rather than the 12, 16 or more seasons (where the colour differences are far more subtle, and thus much harder to compare without proper drapes). if you want to find your best palette within the 12, 16 or more, a in-person analysis would be the best bet. as mentioned before, you may however not need 12, 16 or more seasons - the most important is whether it works for you or not, not how many subcategories the system is question has. some find the options in the 12 season systems limiting, whereas others prefer the nuance it provides.  &amp;#x200b;  for tonal:  light – lightness is paramount, darkness least flattering. black is typically a very bad colour on lights.  deep – depth is key. looks washed out in the lightest colours (pastels are especially bad).  soft (muted) – softness is the most important. bright colours may look garish. can wear the softest colours without it looking underwhelming (instead it looks elegant).  bright (clear) – brightness is key. can wear the brightest, most pure colours well. even looks good in neons. black is ok when paired with brights, but can by itself look dull. soft colours are draining.  warm – warmth is the most important. cool colours makes them look grey and unwell. typically, a cool-toned (especially if veering towards purple) lipstick looks grey and dead on them. looks really great in oranges and browns.  cool – coolness is paramount. any warmth makes them look ill, often turning a slightly green or yellow tone. any warmth in makeup looks exaggerated on them (typically “neutral” brow eyeshadow looks orange-y, and what looks like neutral red lipstick in the tube turns orange-red on the lips). looks great in most blues and pinks (and absolutely cannot wear orange).",1
474053,all them white people would be mad as fuck having a bus route through franklin. hahaha,1
730471,"yes in the same way there are short men tall men black men white men, etc etc. transmen are just another kind of man",1
309493,"when i have to travel light, nails are the first thing to go. i pack versatile clippers so i can keep them trimmed and clean-looking, but i pass on polish cause it's hard to maintain while traveling anyway, and i feel like less people notice my nails than my face and hair.  for makeup, i try to settle on either cooler toned or warmer toned looks for the duration of the trip. this means i can get away with one shade of liner and blush, and top things off with a small selection of lip stuff and shadows. i'm blessed with thick eyebrows and decent skin, so i can usually go light on face makeup. for something like backpacking, i'd probably go with just mascara and lips.  seconding baby wipes! i actually really love burt's bees wipes. they're a little pricy for me to use/buy regularly, so i try to use them only for travel. they're good for makeup removal and i can also use them to freshen up if showers are scarce.  i don't use heat on my hair, so i just do travel size shampoo and conditioner for that, as well as some oil for dry days and dry shampoo for greasy days.  and of course a stockpile of tampons.",1
229252,"skin use the word skin after each of the prompts.  i.e a portrait by gustave corbet of an old woman wearing an elegant pink skirt , aged and moley skin, drinking coffee in time square.    acne-prone, aged, albinotic, ashen, bald, birthmarks, blackheads, bluish, bumpy, calloused, chapped, clammy, combination, congested, creased, cysts, damaged, dehydrated, dimpled, discolored, dull, dry, eczematous, elastic, exfoliated, expression lines, fine lines, flaky, flushed, freckled, freckles, firm, frown lines, glowing, grainy, greasy, gritty, hairless, hairy, healed, hot, hives, hyperpigmentation, hydrated, hypopigmented, inflamed, irritated, itchy, jaundiced, laugh lines, leathery, lined, lumpy, marbled, matte, mature, melasma, milia, moley, moisturized, mottled, nodules, numb, oily, opaque, pale, papery, patchy, pebbled, pierced, pitted, prickly, psoriatic, puffy, purplish, rashy, reactive, reddish, relaxed, rosacea, rough, roughened, ruddy, saggy, sandy, scaly, scarred, sensitive, shiny, silky, smile lines, smooth, soft, spotted, stubbly, sun-damaged, sunburned, sunspots, supple, sweaty, tanned, tattooed, tender, textured, tight, tingling, translucent, uneven, veiny, velvety, vitiligo, waxy, whiskered, whiteheads, wrinkled, youthful.   skin colour prompts  note: using the ""prompt word-skinned"" is quite effective    alabaster, beige, black, blue, bronze, brown, caramel, chestnut, copper, cream, dark, deep, ebony, fair, gold, golden, hazel, ivory, light, mahogany, mocha, olive, pale, pink, porcelain, red, rose, russet, sable, sepia, silver, tan, taupe, umber, wheat, white, yellow.   face shape prompts  diamond, heart, oblong, oval, round, square, triangle, pear, rectangle, inverted triangle   body shape prompts  apple, athletic, diamond, hourglass, inverted triangle, lean column, oval, pear, rectangle, strawberry.   descriptive body prompts  agile, athletic, average, brawny, broad-shouldered, buff, bumpy, burly, buxom, chiseled, chubby, chunky, clumsy, compact, composed, corpulent, creased, curvaceous, curvy, delicate, dense, devout, diminutive, disheveled, doughy, ectomorphic, endomorphic, ethereal, fat, feeble, fiery, fit, flabby, flimsy, fluffy, fragile, frail, full-figured, furry, gaunt, generous, graceful, heavy, heavyset, hulking, husky, imposing, infirm, jiggly, juicy, lanky, lean, leggy, lengthy, lissome, lithe, long-legged, long-limbed, lumbering, majestic, masculine, massive, muscular, nervous, obese, overweight, petite, plump, pneumatic, portly, pudgy, pumped, robust, rock-solid, rotund, rounded, rugged, scrawny, shapely, short, shrimpy, sinewy, skinny, slender, slight, slim, sloping, sluggish, small, smooth, solid, spindly, spirited, spry, squat, stalwart, statuesque, steely, stern, stocky, stout, stubby, sturdy, substantial, supple, taut, thick, thin, toned, torpid, trim, tubby, vigorous, voluptuous, well-built, well-defined, wholesome, wide-hipped, willowy, wiry.",1
634378,"sorry for butting in to your discussion, but i've seen the tanning vs fairness creams argument a lot, so i want to pitch in with my side of the story.  the difference between tanning salons/sprays and fairness creams is how they're advertised- there is no tanning advert which claims that tanned people are superior to paler people or that you won't get a job/get the boy or girl of your dreams just because you're not tan. however, fairness creams regularly imply that dark skin is undesirable, dark people are inferior and that dark people don't deserve jobs/loving partners because of the colour of their skin. they also associate darker skin with bad life outcomes and lower social strata. in short, tanning salons/creams haven't created an epidemic of people who have inferiority complexes while fairness creams have. pale white people don't believe they are inferior to tan white people or that they deserve less than their tanned counterparts. they don't suffer from self-esteem issues where they cry about why they are pale.   i'm an indian girl from india and i see firsthand the way this obsession with fairness has destroyed the confidence of people around me. being a dark girl myself, i was bullied relentlessly by the boys in my class for around 2 years. however, i was lucky that my parents didn't believe in this tripe and never said/say such crap to me, therefore i was able to get out of it and see myself as beautiful. others aren't so lucky because many a times, dark children are told by their own families that they aren't as good as their fairer counterparts. they are constantly told they are ugly and they end up with very ugly inferiority complexes where they believe light is right. some of these dark children end up bullying other dark children too, and the oppressed becomes the oppressor. it has got to the point where good-looking dark people are not acknowledged at all because being dark is immediately associated with being ugly. in india, there is no such thing as a beautiful dark person. if you're dark, people give you backhanded compliments and are almost surprised that they could find a dark person good looking.   also, there is job discrimination that dark people face. do pale people in the us face discrimination because they are not tan? some professions which are out of reach for dark people in india are- acting, front end jobs in the hospitality industry like receptionists, air hostesses/stewards, lead dancers, marketing positions in the corporate sector etc. name the last time you saw a girl of mindy kaling's colouring in indian cinema or on indian tv as a lead or even just in a positive role. dark people are invariably cast in negative roles. it has become a societal problem where dark people are being discriminated against when it comes to marriage, jobs and are being bullied in schools and workplaces.   the fact is that our ""preference"" for fair skin has transcended from being just that into an ugly bias against dark skin. it is further compounded by the fact most indians come in varying shades of brown- light to dark, and indians with kareena kapoor's complexion are in the minority. so, ultimately you are creating a nation of losers who believe that they can never be as good as their lighter counterparts and start behaving slavishly in their presence. i've seen dark people with no confidence kowtowing to fairer people because they actually believe that dark skin is inferior. i've also seen indian people fawning over white people for just 'being white' and nothing else. you can be a junkie, but indian people will believe that you are vishnu reincarnated. we have an exchange program with an american university so a lot of americans (usually white) come over every semester, and they become popular pretty quickly for just being white americans. mind you, these same people wouldn't be popular in their own country, but in india where whiteness is venerated, they suddenly become gods.   also, i really laugh when the indian media uses the euphemism ""dusky"" to refer to actresses like priyanka chopra, bipasha basu, rani mukherjee, deepika padukone etc, because they are not even dark, they are just not as white as cheesecake. it is widely known that all of them have lightened their skin and actresses like kajol and rekha had to work hard to become lighter so that their value would increase. the truth is that i've never seen a leading lady who is as dark as nina davuluri or mindy kaling in the indian media. it's a cop out to say that garnier light- endorsing priyanka chopra is ""dark"" when she has become progressively lighter since she started.   well, this turned into a huge wall of text, sorry for that. my main point is that we are creating generations of people who aren't comfortable in their own skin and hate their own colour. being brown isn't something indians should run from. it's an evolutionary advantage that developed to protect us against indian weather, and we should celebrate it instead of denigrating it. it's healthy; just look at majority white societies- they never degrade any physical features that are typically white like light eyes or light hair. they are self-confident people who don't teach their own to devalue themselves and this is why they were able to colonize and control the world.",1
999930,banging white pussy ain't racist - it's awesome.,1
